uc_id,title,criticality,regulation,regulation_version,clause,clause_url,assurance,mode,source_path
1.4.8,PCIe Link Width and Speed Degradation,medium,pci-dss,v4.0,6.3.3,,contributing,satisfies,content/cat-01-server-compute/UC-1.4.8.json
10.11.62,Zscaler Data Protection Policy Effectiveness,high,gdpr,2016/679,Art.32,,contributing,satisfies,content/cat-10-security-infrastructure/UC-10.11.62.json
10.12.15,PCI Scope Validation,high,pci-dss,v4.0,12.5.2,,contributing,satisfies,content/cat-10-security-infrastructure/UC-10.12.15.json
10.12.16,ePHI Access Audit,critical,hipaa-security,2013-final,§164.312(b),,contributing,satisfies,content/cat-10-security-infrastructure/UC-10.12.16.json
10.12.17,HIPAA Transmission Security,high,hipaa-security,2013-final,§164.312(e),,contributing,satisfies,content/cat-10-security-infrastructure/UC-10.12.17.json
10.12.40,CMMC Compliance Assessment,critical,cmmc,2.0,AU.L2-3.3.1,,contributing,satisfies,content/cat-10-security-infrastructure/UC-10.12.40.json
10.12.41,NIST 800-53 Control Validation,high,nist-800-53,Rev. 5,CA-2,,contributing,satisfies,content/cat-10-security-infrastructure/UC-10.12.41.json
10.12.7,PCI DSS Log Review Compliance,high,pci-dss,v4.0,10.4.1,,contributing,satisfies,content/cat-10-security-infrastructure/UC-10.12.7.json
10.12.8,SOX Access Control Audit,high,sox-itgc,PCAOB AS 2201,ITGC.Access.Review,,contributing,satisfies,content/cat-10-security-infrastructure/UC-10.12.8.json
10.3.89,Disable Defender Submit Samples Consent Feature,high,gdpr,2016/679,Art.32,,contributing,satisfies,content/cat-10-security-infrastructure/UC-10.3.89.json
10.4.111,O365 Tenant Wide Admin Consent Granted,high,gdpr,2016/679,Art.7,,contributing,satisfies,content/cat-10-security-infrastructure/UC-10.4.111.json
10.4.114,O365 User Consent Blocked for Risky Application,high,gdpr,2016/679,Art.7,,contributing,satisfies,content/cat-10-security-infrastructure/UC-10.4.114.json
10.4.115,O365 User Consent Denied for OAuth Application,high,gdpr,2016/679,Art.7,,contributing,satisfies,content/cat-10-security-infrastructure/UC-10.4.115.json
10.4.24,Azure AD Block User Consent For Risky Apps Disabled,high,gdpr,2016/679,Art.7,,contributing,satisfies,content/cat-10-security-infrastructure/UC-10.4.24.json
10.4.39,O365 Admin Consent Bypassed by Service Principal,high,gdpr,2016/679,Art.7,,contributing,satisfies,content/cat-10-security-infrastructure/UC-10.4.39.json
10.4.45,O365 Block User Consent For Risky Apps Disabled,high,gdpr,2016/679,Art.7,,contributing,satisfies,content/cat-10-security-infrastructure/UC-10.4.45.json
10.4.75,O365 File Permissioned Application Consent Granted by User,high,gdpr,2016/679,Art.6,,contributing,satisfies,content/cat-10-security-infrastructure/UC-10.4.75.json
10.4.79,O365 Mail Permissioned Application Consent Granted by User,high,gdpr,2016/679,Art.6,,contributing,satisfies,content/cat-10-security-infrastructure/UC-10.4.79.json
10.7.137,Azure AD Admin Consent Bypassed by Service Principal,high,gdpr,2016/679,Art.7,,contributing,satisfies,content/cat-10-security-infrastructure/UC-10.7.137.json
10.7.154,Azure AD OAuth Application Consent Granted By User,high,gdpr,2016/679,Art.6,,contributing,satisfies,content/cat-10-security-infrastructure/UC-10.7.154.json
10.7.166,Azure AD Tenant Wide Admin Consent Granted,high,gdpr,2016/679,Art.7,,contributing,satisfies,content/cat-10-security-infrastructure/UC-10.7.166.json
10.7.167,Azure AD User Consent Blocked for Risky Application,high,gdpr,2016/679,Art.7,,contributing,satisfies,content/cat-10-security-infrastructure/UC-10.7.167.json
10.7.168,Azure AD User Consent Denied for OAuth Application,high,gdpr,2016/679,Art.7,,contributing,satisfies,content/cat-10-security-infrastructure/UC-10.7.168.json
11.3.11,Collaboration App Permission and Consent Audit,high,gdpr,2016/679,Art.6,,contributing,satisfies,content/cat-11-email-collaboration/UC-11.3.11.json
12.2.17,Deploy Approval Bypass Detection,critical,sox-itgc,PCAOB AS 2201,ITGC.ChangeMgmt.Approval,https://pcaobus.org/oversight/standards/auditing-standards/details/AS2201,partial,detects-violation-of,content/cat-12-devops-ci-cd/UC-12.2.17.json
16.4.1,Unauthorized Change Detection,critical,sox-itgc,PCAOB AS 2201,ITGC.ChangeMgmt.Authorization,https://pcaobus.org/oversight/standards/auditing-standards/details/AS2201,full,detects-violation-of,content/cat-16-service-management-itsm/UC-16.4.1.json
17.1.28,Cisco ISE Deployment Replication Health and PSN Sync Lag,high,dora,Regulation (EU) 2022/2554,Art.5,,contributing,satisfies,content/cat-17-network-security-zero-trust/UC-17.1.28.json
17.1.28,Cisco ISE Deployment Replication Health and PSN Sync Lag,high,iso-27001,2022,A.5.30,,contributing,satisfies,content/cat-17-network-security-zero-trust/UC-17.1.28.json
17.1.28,Cisco ISE Deployment Replication Health and PSN Sync Lag,high,nis2,Directive (EU) 2022/2555,Art.21(2)(g),https://eur-lex.europa.eu/eli/dir/2022/2555/oj,contributing,satisfies,content/cat-17-network-security-zero-trust/UC-17.1.28.json
17.1.28,Cisco ISE Deployment Replication Health and PSN Sync Lag,high,nist-800-53,Rev. 5,CP-7,,contributing,satisfies,content/cat-17-network-security-zero-trust/UC-17.1.28.json
17.1.28,Cisco ISE Deployment Replication Health and PSN Sync Lag,high,soc-2,2017 TSC,A1.2,,contributing,satisfies,content/cat-17-network-security-zero-trust/UC-17.1.28.json
17.1.29,"Cisco ISE Node Resource Saturation (CPU, Memory, Disk, Threads)",high,dora,Regulation (EU) 2022/2554,Art.9,,contributing,satisfies,content/cat-17-network-security-zero-trust/UC-17.1.29.json
17.1.29,"Cisco ISE Node Resource Saturation (CPU, Memory, Disk, Threads)",high,iso-27001,2022,A.8.6,,contributing,satisfies,content/cat-17-network-security-zero-trust/UC-17.1.29.json
17.1.29,"Cisco ISE Node Resource Saturation (CPU, Memory, Disk, Threads)",high,nis2,Directive (EU) 2022/2555,Art.21(2)(c),https://eur-lex.europa.eu/eli/dir/2022/2555/oj,contributing,satisfies,content/cat-17-network-security-zero-trust/UC-17.1.29.json
17.1.29,"Cisco ISE Node Resource Saturation (CPU, Memory, Disk, Threads)",high,nist-800-53,Rev. 5,SI-4(2),,contributing,satisfies,content/cat-17-network-security-zero-trust/UC-17.1.29.json
17.1.29,"Cisco ISE Node Resource Saturation (CPU, Memory, Disk, Threads)",high,soc-2,2017 TSC,A1.1,,contributing,satisfies,content/cat-17-network-security-zero-trust/UC-17.1.29.json
17.1.30,Cisco ISE Process Crash and Service-Restart Detection,high,dora,Regulation (EU) 2022/2554,Art.17,,contributing,satisfies,content/cat-17-network-security-zero-trust/UC-17.1.30.json
17.1.30,Cisco ISE Process Crash and Service-Restart Detection,high,iso-27001,2022,A.5.25,,contributing,satisfies,content/cat-17-network-security-zero-trust/UC-17.1.30.json
17.1.30,Cisco ISE Process Crash and Service-Restart Detection,high,nis2,Directive (EU) 2022/2555,Art.21(2)(b),https://eur-lex.europa.eu/eli/dir/2022/2555/oj,contributing,satisfies,content/cat-17-network-security-zero-trust/UC-17.1.30.json
17.1.30,Cisco ISE Process Crash and Service-Restart Detection,high,nist-800-53,Rev. 5,AU-12,,contributing,satisfies,content/cat-17-network-security-zero-trust/UC-17.1.30.json
17.1.31,Cisco ISE Certificate Expiry and Trust-Chain Health,high,hipaa-security,2013-final,§164.312(e)(1),,contributing,satisfies,content/cat-17-network-security-zero-trust/UC-17.1.31.json
17.1.31,Cisco ISE Certificate Expiry and Trust-Chain Health,high,iso-27001,2022,A.8.24,,contributing,satisfies,content/cat-17-network-security-zero-trust/UC-17.1.31.json
17.1.31,Cisco ISE Certificate Expiry and Trust-Chain Health,high,nis2,Directive (EU) 2022/2555,Art.21(2)(h),https://eur-lex.europa.eu/eli/dir/2022/2555/oj,contributing,satisfies,content/cat-17-network-security-zero-trust/UC-17.1.31.json
17.1.31,Cisco ISE Certificate Expiry and Trust-Chain Health,high,nist-800-53,Rev. 5,SC-12,,contributing,satisfies,content/cat-17-network-security-zero-trust/UC-17.1.31.json
17.1.31,Cisco ISE Certificate Expiry and Trust-Chain Health,high,nist-800-53,Rev. 5,SC-17,,contributing,satisfies,content/cat-17-network-security-zero-trust/UC-17.1.31.json
17.1.31,Cisco ISE Certificate Expiry and Trust-Chain Health,high,pci-dss,v4.0,12.3.3,,contributing,satisfies,content/cat-17-network-security-zero-trust/UC-17.1.31.json
17.1.31,Cisco ISE Certificate Expiry and Trust-Chain Health,high,pci-dss,v4.0,4.2,,contributing,satisfies,content/cat-17-network-security-zero-trust/UC-17.1.31.json
17.1.32,"Cisco ISE License Consumption, Endpoint Capacity and MnT Log Retention",high,hipaa-security,2013-final,§164.316(b)(2),,contributing,satisfies,content/cat-17-network-security-zero-trust/UC-17.1.32.json
17.1.32,"Cisco ISE License Consumption, Endpoint Capacity and MnT Log Retention",high,iso-27001,2022,A.5.32,,contributing,satisfies,content/cat-17-network-security-zero-trust/UC-17.1.32.json
17.1.32,"Cisco ISE License Consumption, Endpoint Capacity and MnT Log Retention",high,iso-27001,2022,A.5.33,,contributing,satisfies,content/cat-17-network-security-zero-trust/UC-17.1.32.json
17.1.32,"Cisco ISE License Consumption, Endpoint Capacity and MnT Log Retention",high,iso-27001,2022,A.8.6,,contributing,satisfies,content/cat-17-network-security-zero-trust/UC-17.1.32.json
17.1.32,"Cisco ISE License Consumption, Endpoint Capacity and MnT Log Retention",high,pci-dss,v4.0,10.5.1,,contributing,satisfies,content/cat-17-network-security-zero-trust/UC-17.1.32.json
17.1.32,"Cisco ISE License Consumption, Endpoint Capacity and MnT Log Retention",high,sox-itgc,PCAOB AS 2201,ITGC.AccessMgmt.Privileged,,contributing,satisfies,content/cat-17-network-security-zero-trust/UC-17.1.32.json
17.1.33,Cisco ISE pxGrid Subscriber Connectivity and Topic Health,high,dora,Regulation (EU) 2022/2554,Art.10,,contributing,satisfies,content/cat-17-network-security-zero-trust/UC-17.1.33.json
17.1.33,Cisco ISE pxGrid Subscriber Connectivity and Topic Health,high,iso-27001,2022,A.5.7,,contributing,satisfies,content/cat-17-network-security-zero-trust/UC-17.1.33.json
17.1.33,Cisco ISE pxGrid Subscriber Connectivity and Topic Health,high,nis2,Directive (EU) 2022/2555,Art.21(2)(b),https://eur-lex.europa.eu/eli/dir/2022/2555/oj,contributing,satisfies,content/cat-17-network-security-zero-trust/UC-17.1.33.json
17.1.33,Cisco ISE pxGrid Subscriber Connectivity and Topic Health,high,nist-800-53,Rev. 5,AU-6(3),,contributing,satisfies,content/cat-17-network-security-zero-trust/UC-17.1.33.json
17.1.34,pxGrid Topic Throughput Anomaly and Subscriber Lag Detection,medium,iso-27001,2022,A.8.16,,contributing,satisfies,content/cat-17-network-security-zero-trust/UC-17.1.34.json
17.1.34,pxGrid Topic Throughput Anomaly and Subscriber Lag Detection,medium,nis2,Directive (EU) 2022/2555,Art.21(2)(g),https://eur-lex.europa.eu/eli/dir/2022/2555/oj,contributing,satisfies,content/cat-17-network-security-zero-trust/UC-17.1.34.json
17.1.34,pxGrid Topic Throughput Anomaly and Subscriber Lag Detection,medium,nist-800-53,Rev. 5,AU-12(1),,contributing,satisfies,content/cat-17-network-security-zero-trust/UC-17.1.34.json
17.1.35,Cisco ISE pxGrid Cloud Connectivity and TLS Health,medium,iso-27001,2022,A.8.20,,contributing,satisfies,content/cat-17-network-security-zero-trust/UC-17.1.35.json
17.1.35,Cisco ISE pxGrid Cloud Connectivity and TLS Health,medium,nist-800-53,Rev. 5,SC-8(1),,contributing,satisfies,content/cat-17-network-security-zero-trust/UC-17.1.35.json
17.1.35,Cisco ISE pxGrid Cloud Connectivity and TLS Health,medium,pci-dss,v4.0,4.2,,contributing,satisfies,content/cat-17-network-security-zero-trust/UC-17.1.35.json
17.1.36,Cisco TrustSec / SGT Assignment Mismatch and SXP Listener Health,high,dora,Regulation (EU) 2022/2554,Art.9,,contributing,satisfies,content/cat-17-network-security-zero-trust/UC-17.1.36.json
17.1.36,Cisco TrustSec / SGT Assignment Mismatch and SXP Listener Health,high,iso-27001,2022,A.8.22,,contributing,satisfies,content/cat-17-network-security-zero-trust/UC-17.1.36.json
17.1.36,Cisco TrustSec / SGT Assignment Mismatch and SXP Listener Health,high,nis2,Directive (EU) 2022/2555,Art.21(2)(d),https://eur-lex.europa.eu/eli/dir/2022/2555/oj,contributing,satisfies,content/cat-17-network-security-zero-trust/UC-17.1.36.json
17.1.36,Cisco TrustSec / SGT Assignment Mismatch and SXP Listener Health,high,nist-800-53,Rev. 5,AC-4,,contributing,satisfies,content/cat-17-network-security-zero-trust/UC-17.1.36.json
17.1.36,Cisco TrustSec / SGT Assignment Mismatch and SXP Listener Health,high,nist-800-53,Rev. 5,SC-7(5),,contributing,satisfies,content/cat-17-network-security-zero-trust/UC-17.1.36.json
17.1.36,Cisco TrustSec / SGT Assignment Mismatch and SXP Listener Health,high,pci-dss,v4.0,1.4,,contributing,satisfies,content/cat-17-network-security-zero-trust/UC-17.1.36.json
17.1.37,ISE-Cisco ACI / Cisco Secure Workload SGT Binding Synchronisation,medium,iso-27001,2022,A.8.22,,contributing,satisfies,content/cat-17-network-security-zero-trust/UC-17.1.37.json
17.1.37,ISE-Cisco ACI / Cisco Secure Workload SGT Binding Synchronisation,medium,nis2,Directive (EU) 2022/2555,Art.21(2)(d),https://eur-lex.europa.eu/eli/dir/2022/2555/oj,contributing,satisfies,content/cat-17-network-security-zero-trust/UC-17.1.37.json
17.1.37,ISE-Cisco ACI / Cisco Secure Workload SGT Binding Synchronisation,medium,pci-dss,v4.0,1.4.4,,contributing,satisfies,content/cat-17-network-security-zero-trust/UC-17.1.37.json
17.1.38,EAP-TLS Client Certificate Failure and Trust-Chain Validation,high,hipaa-security,2013-final,§164.312(d),,contributing,satisfies,content/cat-17-network-security-zero-trust/UC-17.1.38.json
17.1.38,EAP-TLS Client Certificate Failure and Trust-Chain Validation,high,iso-27001,2022,A.8.5,,contributing,satisfies,content/cat-17-network-security-zero-trust/UC-17.1.38.json
17.1.38,EAP-TLS Client Certificate Failure and Trust-Chain Validation,high,nis2,Directive (EU) 2022/2555,Art.21(2)(j),https://eur-lex.europa.eu/eli/dir/2022/2555/oj,contributing,satisfies,content/cat-17-network-security-zero-trust/UC-17.1.38.json
17.1.38,EAP-TLS Client Certificate Failure and Trust-Chain Validation,high,nist-800-53,Rev. 5,IA-2(11),,contributing,satisfies,content/cat-17-network-security-zero-trust/UC-17.1.38.json
17.1.38,EAP-TLS Client Certificate Failure and Trust-Chain Validation,high,nist-800-53,Rev. 5,IA-5(2),,contributing,satisfies,content/cat-17-network-security-zero-trust/UC-17.1.38.json
17.1.38,EAP-TLS Client Certificate Failure and Trust-Chain Validation,high,pci-dss,v4.0,8.2.6,,contributing,satisfies,content/cat-17-network-security-zero-trust/UC-17.1.38.json
17.1.38,EAP-TLS Client Certificate Failure and Trust-Chain Validation,high,pci-dss,v4.0,8.3.1,,contributing,satisfies,content/cat-17-network-security-zero-trust/UC-17.1.38.json
17.1.39,EAP Authentication Method Drift and Weak-Method Regression,medium,cmmc,2.0,AC.L2-3.5.3,,contributing,satisfies,content/cat-17-network-security-zero-trust/UC-17.1.39.json
17.1.39,EAP Authentication Method Drift and Weak-Method Regression,medium,iso-27001,2022,A.8.5,,contributing,satisfies,content/cat-17-network-security-zero-trust/UC-17.1.39.json
17.1.39,EAP Authentication Method Drift and Weak-Method Regression,medium,nist-800-53,Rev. 5,IA-2(1),,contributing,satisfies,content/cat-17-network-security-zero-trust/UC-17.1.39.json
17.1.39,EAP Authentication Method Drift and Weak-Method Regression,medium,nist-800-53,Rev. 5,SC-13,,contributing,satisfies,content/cat-17-network-security-zero-trust/UC-17.1.39.json
17.1.39,EAP Authentication Method Drift and Weak-Method Regression,medium,pci-dss,v4.0,12.3.3,,contributing,satisfies,content/cat-17-network-security-zero-trust/UC-17.1.39.json
17.1.39,EAP Authentication Method Drift and Weak-Method Regression,medium,pci-dss,v4.0,8.3.1,,contributing,satisfies,content/cat-17-network-security-zero-trust/UC-17.1.39.json
17.1.40,RADIUS Authentication Latency SLO and Slow PSN Detection,high,dora,Regulation (EU) 2022/2554,Art.9,,contributing,satisfies,content/cat-17-network-security-zero-trust/UC-17.1.40.json
17.1.40,RADIUS Authentication Latency SLO and Slow PSN Detection,high,iso-27001,2022,A.5.30,,contributing,satisfies,content/cat-17-network-security-zero-trust/UC-17.1.40.json
17.1.40,RADIUS Authentication Latency SLO and Slow PSN Detection,high,nis2,Directive (EU) 2022/2555,Art.21(2)(c),https://eur-lex.europa.eu/eli/dir/2022/2555/oj,contributing,satisfies,content/cat-17-network-security-zero-trust/UC-17.1.40.json
17.1.40,RADIUS Authentication Latency SLO and Slow PSN Detection,high,soc-2,2017 TSC,A1.1,,contributing,satisfies,content/cat-17-network-security-zero-trust/UC-17.1.40.json
17.1.41,Threat-Centric NAC (TC-NAC) — STIX/TAXII Feed and Auto-Quarantine Effectiveness,high,iso-27001,2022,A.8.8,,contributing,satisfies,content/cat-17-network-security-zero-trust/UC-17.1.41.json
17.1.41,Threat-Centric NAC (TC-NAC) — STIX/TAXII Feed and Auto-Quarantine Effectiveness,high,nis2,Directive (EU) 2022/2555,Art.21(2)(e),https://eur-lex.europa.eu/eli/dir/2022/2555/oj,contributing,satisfies,content/cat-17-network-security-zero-trust/UC-17.1.41.json
17.1.41,Threat-Centric NAC (TC-NAC) — STIX/TAXII Feed and Auto-Quarantine Effectiveness,high,nist-800-53,Rev. 5,RA-5,,contributing,satisfies,content/cat-17-network-security-zero-trust/UC-17.1.41.json
17.1.41,Threat-Centric NAC (TC-NAC) — STIX/TAXII Feed and Auto-Quarantine Effectiveness,high,pci-dss,v4.0,11.3,,contributing,satisfies,content/cat-17-network-security-zero-trust/UC-17.1.41.json
17.1.42,Adaptive Network Control (ANC) Action Auditing and Excessive Quarantine Detection,high,dora,Regulation (EU) 2022/2554,Art.17,,contributing,satisfies,content/cat-17-network-security-zero-trust/UC-17.1.42.json
17.1.42,Adaptive Network Control (ANC) Action Auditing and Excessive Quarantine Detection,high,iso-27001,2022,A.5.26,,contributing,satisfies,content/cat-17-network-security-zero-trust/UC-17.1.42.json
17.1.42,Adaptive Network Control (ANC) Action Auditing and Excessive Quarantine Detection,high,nis2,Directive (EU) 2022/2555,Art.21(2)(b),https://eur-lex.europa.eu/eli/dir/2022/2555/oj,contributing,satisfies,content/cat-17-network-security-zero-trust/UC-17.1.42.json
17.1.42,Adaptive Network Control (ANC) Action Auditing and Excessive Quarantine Detection,high,nist-800-53,Rev. 5,AU-6,,contributing,satisfies,content/cat-17-network-security-zero-trust/UC-17.1.42.json
17.1.42,Adaptive Network Control (ANC) Action Auditing and Excessive Quarantine Detection,high,nist-800-53,Rev. 5,IR-4,,contributing,satisfies,content/cat-17-network-security-zero-trust/UC-17.1.42.json
17.1.42,Adaptive Network Control (ANC) Action Auditing and Excessive Quarantine Detection,high,soc-2,2017 TSC,CC7.4,,contributing,satisfies,content/cat-17-network-security-zero-trust/UC-17.1.42.json
17.1.43,Cisco ISE TACACS+ Device Administration — Privileged Command Auditing,critical,cmmc,2.0,AU.L2-3.3.1,,contributing,satisfies,content/cat-17-network-security-zero-trust/UC-17.1.43.json
17.1.43,Cisco ISE TACACS+ Device Administration — Privileged Command Auditing,critical,hipaa-security,2013-final,§164.312(b),,contributing,satisfies,content/cat-17-network-security-zero-trust/UC-17.1.43.json
17.1.43,Cisco ISE TACACS+ Device Administration — Privileged Command Auditing,critical,iso-27001,2022,A.8.15,,contributing,satisfies,content/cat-17-network-security-zero-trust/UC-17.1.43.json
17.1.43,Cisco ISE TACACS+ Device Administration — Privileged Command Auditing,critical,nist-800-53,Rev. 5,AC-2(7),,contributing,satisfies,content/cat-17-network-security-zero-trust/UC-17.1.43.json
17.1.43,Cisco ISE TACACS+ Device Administration — Privileged Command Auditing,critical,nist-800-53,Rev. 5,AU-12,,contributing,satisfies,content/cat-17-network-security-zero-trust/UC-17.1.43.json
17.1.43,Cisco ISE TACACS+ Device Administration — Privileged Command Auditing,critical,nist-800-53,Rev. 5,AU-2,,contributing,satisfies,content/cat-17-network-security-zero-trust/UC-17.1.43.json
17.1.43,Cisco ISE TACACS+ Device Administration — Privileged Command Auditing,critical,pci-dss,v4.0,10.2,,contributing,satisfies,content/cat-17-network-security-zero-trust/UC-17.1.43.json
17.1.43,Cisco ISE TACACS+ Device Administration — Privileged Command Auditing,critical,pci-dss,v4.0,10.5.1,,contributing,satisfies,content/cat-17-network-security-zero-trust/UC-17.1.43.json
17.1.43,Cisco ISE TACACS+ Device Administration — Privileged Command Auditing,critical,sox-itgc,PCAOB AS 2201,ITGC.AccessMgmt.Privileged,,contributing,satisfies,content/cat-17-network-security-zero-trust/UC-17.1.43.json
17.1.43,Cisco ISE TACACS+ Device Administration — Privileged Command Auditing,critical,sox-itgc,PCAOB AS 2201,ITGC.ChangeMgmt.Authorization,,contributing,satisfies,content/cat-17-network-security-zero-trust/UC-17.1.43.json
17.1.44,Cisco ISE External Identity Store Health (AD/LDAP/RADIUS/SAML/OAuth),high,dora,Regulation (EU) 2022/2554,Art.9,,contributing,satisfies,content/cat-17-network-security-zero-trust/UC-17.1.44.json
17.1.44,Cisco ISE External Identity Store Health (AD/LDAP/RADIUS/SAML/OAuth),high,iso-27001,2022,A.5.18,,contributing,satisfies,content/cat-17-network-security-zero-trust/UC-17.1.44.json
17.1.44,Cisco ISE External Identity Store Health (AD/LDAP/RADIUS/SAML/OAuth),high,nis2,Directive (EU) 2022/2555,Art.21(2)(j),https://eur-lex.europa.eu/eli/dir/2022/2555/oj,contributing,satisfies,content/cat-17-network-security-zero-trust/UC-17.1.44.json
17.1.44,Cisco ISE External Identity Store Health (AD/LDAP/RADIUS/SAML/OAuth),high,nist-800-53,Rev. 5,IA-5,,contributing,satisfies,content/cat-17-network-security-zero-trust/UC-17.1.44.json
17.1.44,Cisco ISE External Identity Store Health (AD/LDAP/RADIUS/SAML/OAuth),high,soc-2,2017 TSC,CC6.6,,contributing,satisfies,content/cat-17-network-security-zero-trust/UC-17.1.44.json
17.1.45,Cisco ISE PassiveID — WMI / AD Agent / Syslog Provider Health,medium,iso-27001,2022,A.8.20,,contributing,satisfies,content/cat-17-network-security-zero-trust/UC-17.1.45.json
17.1.45,Cisco ISE PassiveID — WMI / AD Agent / Syslog Provider Health,medium,nis2,Directive (EU) 2022/2555,Art.21(2)(d),https://eur-lex.europa.eu/eli/dir/2022/2555/oj,contributing,satisfies,content/cat-17-network-security-zero-trust/UC-17.1.45.json
17.1.45,Cisco ISE PassiveID — WMI / AD Agent / Syslog Provider Health,medium,nist-800-53,Rev. 5,AC-4,,contributing,satisfies,content/cat-17-network-security-zero-trust/UC-17.1.45.json
17.1.46,Cisco Identity Intelligence (CII) Risk-Score Drift and Adaptive-Auth Triggering,medium,iso-27001,2022,A.8.5,,contributing,satisfies,content/cat-17-network-security-zero-trust/UC-17.1.46.json
17.1.46,Cisco Identity Intelligence (CII) Risk-Score Drift and Adaptive-Auth Triggering,medium,nis2,Directive (EU) 2022/2555,Art.21(2)(j),https://eur-lex.europa.eu/eli/dir/2022/2555/oj,contributing,satisfies,content/cat-17-network-security-zero-trust/UC-17.1.46.json
17.1.46,Cisco Identity Intelligence (CII) Risk-Score Drift and Adaptive-Auth Triggering,medium,nist-800-53,Rev. 5,IA-10,,contributing,satisfies,content/cat-17-network-security-zero-trust/UC-17.1.46.json
17.1.47,Cisco ISE Backup Job Success and Operational-Data Backup Validation,high,dora,Regulation (EU) 2022/2554,Art.12,,contributing,satisfies,content/cat-17-network-security-zero-trust/UC-17.1.47.json
17.1.47,Cisco ISE Backup Job Success and Operational-Data Backup Validation,high,hipaa-security,2013-final,§164.308(a)(7),,contributing,satisfies,content/cat-17-network-security-zero-trust/UC-17.1.47.json
17.1.47,Cisco ISE Backup Job Success and Operational-Data Backup Validation,high,iso-27001,2022,A.8.13,,contributing,satisfies,content/cat-17-network-security-zero-trust/UC-17.1.47.json
17.1.47,Cisco ISE Backup Job Success and Operational-Data Backup Validation,high,nis2,Directive (EU) 2022/2555,Art.21(2)(c),https://eur-lex.europa.eu/eli/dir/2022/2555/oj,contributing,satisfies,content/cat-17-network-security-zero-trust/UC-17.1.47.json
17.1.47,Cisco ISE Backup Job Success and Operational-Data Backup Validation,high,nist-800-53,Rev. 5,CP-9,,contributing,satisfies,content/cat-17-network-security-zero-trust/UC-17.1.47.json
17.1.47,Cisco ISE Backup Job Success and Operational-Data Backup Validation,high,pci-dss,v4.0,9.4.5,,contributing,satisfies,content/cat-17-network-security-zero-trust/UC-17.1.47.json
17.1.47,Cisco ISE Backup Job Success and Operational-Data Backup Validation,high,soc-2,2017 TSC,A1.2,,contributing,satisfies,content/cat-17-network-security-zero-trust/UC-17.1.47.json
17.1.48,Cisco ISE Restore Audit and Configuration-Drift Detection Post-Restore,high,iso-27001,2022,A.5.30,,contributing,satisfies,content/cat-17-network-security-zero-trust/UC-17.1.48.json
17.1.48,Cisco ISE Restore Audit and Configuration-Drift Detection Post-Restore,high,nis2,Directive (EU) 2022/2555,Art.21(2)(c),https://eur-lex.europa.eu/eli/dir/2022/2555/oj,contributing,satisfies,content/cat-17-network-security-zero-trust/UC-17.1.48.json
17.1.48,Cisco ISE Restore Audit and Configuration-Drift Detection Post-Restore,high,nist-800-53,Rev. 5,CP-10,,contributing,satisfies,content/cat-17-network-security-zero-trust/UC-17.1.48.json
17.1.48,Cisco ISE Restore Audit and Configuration-Drift Detection Post-Restore,high,pci-dss,v4.0,10.2,,contributing,satisfies,content/cat-17-network-security-zero-trust/UC-17.1.48.json
17.1.48,Cisco ISE Restore Audit and Configuration-Drift Detection Post-Restore,high,sox-itgc,PCAOB AS 2201,ITGC.ChangeMgmt.Authorization,,contributing,satisfies,content/cat-17-network-security-zero-trust/UC-17.1.48.json
17.1.49,Cisco ISE Patch and Upgrade Health — Pre/Post-Upgrade Validation,high,iso-27001,2022,A.8.8,,contributing,satisfies,content/cat-17-network-security-zero-trust/UC-17.1.49.json
17.1.49,Cisco ISE Patch and Upgrade Health — Pre/Post-Upgrade Validation,high,nis2,Directive (EU) 2022/2555,Art.21(2)(e),https://eur-lex.europa.eu/eli/dir/2022/2555/oj,contributing,satisfies,content/cat-17-network-security-zero-trust/UC-17.1.49.json
17.1.49,Cisco ISE Patch and Upgrade Health — Pre/Post-Upgrade Validation,high,nist-800-53,Rev. 5,SI-2,,contributing,satisfies,content/cat-17-network-security-zero-trust/UC-17.1.49.json
17.1.49,Cisco ISE Patch and Upgrade Health — Pre/Post-Upgrade Validation,high,pci-dss,v4.0,6.3.3,,contributing,satisfies,content/cat-17-network-security-zero-trust/UC-17.1.49.json
17.1.49,Cisco ISE Patch and Upgrade Health — Pre/Post-Upgrade Validation,high,sox-itgc,PCAOB AS 2201,ITGC.ChangeMgmt.Authorization,,contributing,satisfies,content/cat-17-network-security-zero-trust/UC-17.1.49.json
17.1.50,Cisco ISE — MDM/UEM Connector Health and Compliance Drift,high,hipaa-security,2013-final,§164.310(d)(1),,contributing,satisfies,content/cat-17-network-security-zero-trust/UC-17.1.50.json
17.1.50,Cisco ISE — MDM/UEM Connector Health and Compliance Drift,high,iso-27001,2022,A.8.1,,contributing,satisfies,content/cat-17-network-security-zero-trust/UC-17.1.50.json
17.1.50,Cisco ISE — MDM/UEM Connector Health and Compliance Drift,high,nis2,Directive (EU) 2022/2555,Art.21(2)(d),https://eur-lex.europa.eu/eli/dir/2022/2555/oj,contributing,satisfies,content/cat-17-network-security-zero-trust/UC-17.1.50.json
17.1.50,Cisco ISE — MDM/UEM Connector Health and Compliance Drift,high,nist-800-53,Rev. 5,AC-19,,contributing,satisfies,content/cat-17-network-security-zero-trust/UC-17.1.50.json
17.1.50,Cisco ISE — MDM/UEM Connector Health and Compliance Drift,high,pci-dss,v4.0,12.2,,contributing,satisfies,content/cat-17-network-security-zero-trust/UC-17.1.50.json
17.1.51,ISE Sponsor Portal — Sponsor Approval Latency and Approval-Pattern Anomalies,medium,iso-27001,2022,A.5.16,,contributing,satisfies,content/cat-17-network-security-zero-trust/UC-17.1.51.json
17.1.51,ISE Sponsor Portal — Sponsor Approval Latency and Approval-Pattern Anomalies,medium,nis2,Directive (EU) 2022/2555,Art.21(2)(d),https://eur-lex.europa.eu/eli/dir/2022/2555/oj,contributing,satisfies,content/cat-17-network-security-zero-trust/UC-17.1.51.json
17.1.51,ISE Sponsor Portal — Sponsor Approval Latency and Approval-Pattern Anomalies,medium,nist-800-53,Rev. 5,AC-2,,contributing,satisfies,content/cat-17-network-security-zero-trust/UC-17.1.51.json
17.1.51,ISE Sponsor Portal — Sponsor Approval Latency and Approval-Pattern Anomalies,medium,pci-dss,v4.0,8.2.4,,contributing,satisfies,content/cat-17-network-security-zero-trust/UC-17.1.51.json
17.1.52,Self-Registration Portal Storm Detection and Bot-Onboarding Defense,high,iso-27001,2022,A.5.16,,contributing,satisfies,content/cat-17-network-security-zero-trust/UC-17.1.52.json
17.1.52,Self-Registration Portal Storm Detection and Bot-Onboarding Defense,high,nis2,Directive (EU) 2022/2555,Art.21(2)(b),https://eur-lex.europa.eu/eli/dir/2022/2555/oj,contributing,satisfies,content/cat-17-network-security-zero-trust/UC-17.1.52.json
17.1.52,Self-Registration Portal Storm Detection and Bot-Onboarding Defense,high,nist-800-53,Rev. 5,AC-2(11),,contributing,satisfies,content/cat-17-network-security-zero-trust/UC-17.1.52.json
17.1.52,Self-Registration Portal Storm Detection and Bot-Onboarding Defense,high,pci-dss,v4.0,8.5.1,,contributing,satisfies,content/cat-17-network-security-zero-trust/UC-17.1.52.json
17.1.53,Posture Remediation Funnel — Detection-to-Compliant Conversion Rate,medium,hipaa-security,2013-final,§164.308(a)(5),,contributing,satisfies,content/cat-17-network-security-zero-trust/UC-17.1.53.json
17.1.53,Posture Remediation Funnel — Detection-to-Compliant Conversion Rate,medium,iso-27001,2022,A.8.7,,contributing,satisfies,content/cat-17-network-security-zero-trust/UC-17.1.53.json
17.1.53,Posture Remediation Funnel — Detection-to-Compliant Conversion Rate,medium,nis2,Directive (EU) 2022/2555,Art.21(2)(e),https://eur-lex.europa.eu/eli/dir/2022/2555/oj,contributing,satisfies,content/cat-17-network-security-zero-trust/UC-17.1.53.json
17.1.53,Posture Remediation Funnel — Detection-to-Compliant Conversion Rate,medium,nist-800-53,Rev. 5,SI-3,,contributing,satisfies,content/cat-17-network-security-zero-trust/UC-17.1.53.json
17.1.53,Posture Remediation Funnel — Detection-to-Compliant Conversion Rate,medium,pci-dss,v4.0,5.2,,contributing,satisfies,content/cat-17-network-security-zero-trust/UC-17.1.53.json
17.1.53,Posture Remediation Funnel — Detection-to-Compliant Conversion Rate,medium,pci-dss,v4.0,6.3.3,,contributing,satisfies,content/cat-17-network-security-zero-trust/UC-17.1.53.json
17.1.54,Cisco Secure Client / AnyConnect Posture Agent Heartbeat and Version Drift,medium,iso-27001,2022,A.8.7,,contributing,satisfies,content/cat-17-network-security-zero-trust/UC-17.1.54.json
17.1.54,Cisco Secure Client / AnyConnect Posture Agent Heartbeat and Version Drift,medium,nist-800-53,Rev. 5,SI-3,,contributing,satisfies,content/cat-17-network-security-zero-trust/UC-17.1.54.json
17.1.54,Cisco Secure Client / AnyConnect Posture Agent Heartbeat and Version Drift,medium,pci-dss,v4.0,5.3,,contributing,satisfies,content/cat-17-network-security-zero-trust/UC-17.1.54.json
17.1.55,Cisco ISE Profiler Probe Quality and Endpoint-Classification Coverage,medium,iso-27001,2022,A.8.18,,contributing,satisfies,content/cat-17-network-security-zero-trust/UC-17.1.55.json
17.1.55,Cisco ISE Profiler Probe Quality and Endpoint-Classification Coverage,medium,nis2,Directive (EU) 2022/2555,Art.21(2)(d),https://eur-lex.europa.eu/eli/dir/2022/2555/oj,contributing,satisfies,content/cat-17-network-security-zero-trust/UC-17.1.55.json
17.1.55,Cisco ISE Profiler Probe Quality and Endpoint-Classification Coverage,medium,nist-800-53,Rev. 5,AC-3,,contributing,satisfies,content/cat-17-network-security-zero-trust/UC-17.1.55.json
17.1.56,ISE RADIUS Change-of-Authorization (CoA) Failure Detection,high,iso-27001,2022,A.5.26,,contributing,satisfies,content/cat-17-network-security-zero-trust/UC-17.1.56.json
17.1.56,ISE RADIUS Change-of-Authorization (CoA) Failure Detection,high,nis2,Directive (EU) 2022/2555,Art.21(2)(b),https://eur-lex.europa.eu/eli/dir/2022/2555/oj,contributing,satisfies,content/cat-17-network-security-zero-trust/UC-17.1.56.json
17.1.56,ISE RADIUS Change-of-Authorization (CoA) Failure Detection,high,nist-800-53,Rev. 5,IR-4,,contributing,satisfies,content/cat-17-network-security-zero-trust/UC-17.1.56.json
17.1.57,"ISE ERS / OpenAPI Brute-Force, Token Theft, and Anomalous API-Caller Detection",high,iso-27001,2022,A.5.17,,contributing,satisfies,content/cat-17-network-security-zero-trust/UC-17.1.57.json
17.1.57,"ISE ERS / OpenAPI Brute-Force, Token Theft, and Anomalous API-Caller Detection",high,nis2,Directive (EU) 2022/2555,Art.21(2)(b),https://eur-lex.europa.eu/eli/dir/2022/2555/oj,contributing,satisfies,content/cat-17-network-security-zero-trust/UC-17.1.57.json
17.1.57,"ISE ERS / OpenAPI Brute-Force, Token Theft, and Anomalous API-Caller Detection",high,nist-800-53,Rev. 5,AC-7,,contributing,satisfies,content/cat-17-network-security-zero-trust/UC-17.1.57.json
17.1.57,"ISE ERS / OpenAPI Brute-Force, Token Theft, and Anomalous API-Caller Detection",high,pci-dss,v4.0,8.3.6,,contributing,satisfies,content/cat-17-network-security-zero-trust/UC-17.1.57.json
17.1.58,Cisco ISE Data Connect — DB-Direct Query Audit and Slow-Query Detection,medium,iso-27001,2022,A.8.15,,contributing,satisfies,content/cat-17-network-security-zero-trust/UC-17.1.58.json
17.1.58,Cisco ISE Data Connect — DB-Direct Query Audit and Slow-Query Detection,medium,nist-800-53,Rev. 5,AU-12,,contributing,satisfies,content/cat-17-network-security-zero-trust/UC-17.1.58.json
17.1.58,Cisco ISE Data Connect — DB-Direct Query Audit and Slow-Query Detection,medium,pci-dss,v4.0,10.2.2,,contributing,satisfies,content/cat-17-network-security-zero-trust/UC-17.1.58.json
17.1.58,Cisco ISE Data Connect — DB-Direct Query Audit and Slow-Query Detection,medium,sox-itgc,PCAOB AS 2201,ITGC.AccessMgmt.Privileged,,contributing,satisfies,content/cat-17-network-security-zero-trust/UC-17.1.58.json
17.1.59,Cisco ISE Logs through Splunk Edge Processor — Pipeline Health and Routing,medium,iso-27001,2022,A.8.15,,contributing,satisfies,content/cat-17-network-security-zero-trust/UC-17.1.59.json
17.1.59,Cisco ISE Logs through Splunk Edge Processor — Pipeline Health and Routing,medium,nis2,Directive (EU) 2022/2555,Art.21(2)(g),https://eur-lex.europa.eu/eli/dir/2022/2555/oj,contributing,satisfies,content/cat-17-network-security-zero-trust/UC-17.1.59.json
17.1.59,Cisco ISE Logs through Splunk Edge Processor — Pipeline Health and Routing,medium,nist-800-53,Rev. 5,AU-4,,contributing,satisfies,content/cat-17-network-security-zero-trust/UC-17.1.59.json
17.1.60,ISE on AWS / Azure / GCP — Cloud-Hosted PSN Health and Egress Cost,medium,dora,Regulation (EU) 2022/2554,Art.28,,contributing,satisfies,content/cat-17-network-security-zero-trust/UC-17.1.60.json
17.1.60,ISE on AWS / Azure / GCP — Cloud-Hosted PSN Health and Egress Cost,medium,iso-27001,2022,A.8.6,,contributing,satisfies,content/cat-17-network-security-zero-trust/UC-17.1.60.json
17.1.61,ISE Multi-Site Topology — Cross-Site Replication Lag and WAN Loss Impact,medium,dora,Regulation (EU) 2022/2554,Art.5,,contributing,satisfies,content/cat-17-network-security-zero-trust/UC-17.1.61.json
17.1.61,ISE Multi-Site Topology — Cross-Site Replication Lag and WAN Loss Impact,medium,iso-27001,2022,A.5.30,,contributing,satisfies,content/cat-17-network-security-zero-trust/UC-17.1.61.json
17.1.61,ISE Multi-Site Topology — Cross-Site Replication Lag and WAN Loss Impact,medium,nis2,Directive (EU) 2022/2555,Art.21(2)(c),https://eur-lex.europa.eu/eli/dir/2022/2555/oj,contributing,satisfies,content/cat-17-network-security-zero-trust/UC-17.1.61.json
17.1.62,ISE Hybrid Deployment — On-Prem PAN to Cloud-PSN Latency and Bandwidth,medium,dora,Regulation (EU) 2022/2554,Art.28,,contributing,satisfies,content/cat-17-network-security-zero-trust/UC-17.1.62.json
17.1.62,ISE Hybrid Deployment — On-Prem PAN to Cloud-PSN Latency and Bandwidth,medium,iso-27001,2022,A.8.20,,contributing,satisfies,content/cat-17-network-security-zero-trust/UC-17.1.62.json
17.1.63,ISE Stealth-Mode Posture and Compliance Pre-Auth Validation,medium,iso-27001,2022,A.8.7,,contributing,satisfies,content/cat-17-network-security-zero-trust/UC-17.1.63.json
17.1.63,ISE Stealth-Mode Posture and Compliance Pre-Auth Validation,medium,nist-800-53,Rev. 5,SI-3,,contributing,satisfies,content/cat-17-network-security-zero-trust/UC-17.1.63.json
17.1.64,ISE Custom Posture Provisioning (CPP) Install and Update Audit,medium,iso-27001,2022,A.8.7,,contributing,satisfies,content/cat-17-network-security-zero-trust/UC-17.1.64.json
17.1.64,ISE Custom Posture Provisioning (CPP) Install and Update Audit,medium,nist-800-53,Rev. 5,SI-3,,contributing,satisfies,content/cat-17-network-security-zero-trust/UC-17.1.64.json
17.1.65,ISE Continuous Compliance Monitoring (CoCM) Grace-Period Tracking,medium,iso-27001,2022,A.8.16,,contributing,satisfies,content/cat-17-network-security-zero-trust/UC-17.1.65.json
17.1.65,ISE Continuous Compliance Monitoring (CoCM) Grace-Period Tracking,medium,nist-800-53,Rev. 5,CA-7,,contributing,satisfies,content/cat-17-network-security-zero-trust/UC-17.1.65.json
17.1.65,ISE Continuous Compliance Monitoring (CoCM) Grace-Period Tracking,medium,pci-dss,v4.0,5.2,,contributing,satisfies,content/cat-17-network-security-zero-trust/UC-17.1.65.json
17.1.66,Cisco AI Endpoint Analytics — IoT/OT Classification Confidence and New-Profile Discovery,medium,iso-27001,2022,A.5.9,,contributing,satisfies,content/cat-17-network-security-zero-trust/UC-17.1.66.json
17.1.66,Cisco AI Endpoint Analytics — IoT/OT Classification Confidence and New-Profile Discovery,medium,nis2,Directive (EU) 2022/2555,Art.21(2)(d),https://eur-lex.europa.eu/eli/dir/2022/2555/oj,contributing,satisfies,content/cat-17-network-security-zero-trust/UC-17.1.66.json
17.1.66,Cisco AI Endpoint Analytics — IoT/OT Classification Confidence and New-Profile Discovery,medium,nist-800-53,Rev. 5,CM-8,,contributing,satisfies,content/cat-17-network-security-zero-trust/UC-17.1.66.json
17.1.67,Cisco AI Endpoint Behavioural (AEB) Profile-Drift and Behaviour-Anomaly Detection,medium,iso-27001,2022,A.8.16,,contributing,satisfies,content/cat-17-network-security-zero-trust/UC-17.1.67.json
17.1.67,Cisco AI Endpoint Behavioural (AEB) Profile-Drift and Behaviour-Anomaly Detection,medium,nis2,Directive (EU) 2022/2555,Art.21(2)(b),https://eur-lex.europa.eu/eli/dir/2022/2555/oj,contributing,satisfies,content/cat-17-network-security-zero-trust/UC-17.1.67.json
17.1.67,Cisco AI Endpoint Behavioural (AEB) Profile-Drift and Behaviour-Anomaly Detection,medium,nist-800-53,Rev. 5,SI-4,,contributing,satisfies,content/cat-17-network-security-zero-trust/UC-17.1.67.json
17.1.68,ISE IoT/OT Device Onboarding — Profile Match and SGT Assignment Validation,medium,iso-27001,2022,A.8.22,,contributing,satisfies,content/cat-17-network-security-zero-trust/UC-17.1.68.json
17.1.68,ISE IoT/OT Device Onboarding — Profile Match and SGT Assignment Validation,medium,nis2,Directive (EU) 2022/2555,Art.21(2)(d),https://eur-lex.europa.eu/eli/dir/2022/2555/oj,contributing,satisfies,content/cat-17-network-security-zero-trust/UC-17.1.68.json
17.1.68,ISE IoT/OT Device Onboarding — Profile Match and SGT Assignment Validation,medium,nist-800-53,Rev. 5,AC-3,,contributing,satisfies,content/cat-17-network-security-zero-trust/UC-17.1.68.json
17.1.69,TEAP (Tunnel EAP) Authentication Mode Tracking and Inner-Method Failure Detection,medium,cmmc,2.0,AC.L2-3.1.1,,contributing,satisfies,content/cat-17-network-security-zero-trust/UC-17.1.69.json
17.1.69,TEAP (Tunnel EAP) Authentication Mode Tracking and Inner-Method Failure Detection,medium,iso-27001,2022,A.5.16,,contributing,satisfies,content/cat-17-network-security-zero-trust/UC-17.1.69.json
17.1.69,TEAP (Tunnel EAP) Authentication Mode Tracking and Inner-Method Failure Detection,medium,nist-800-53,Rev. 5,IA-2(1),,contributing,satisfies,content/cat-17-network-security-zero-trust/UC-17.1.69.json
17.1.69,TEAP (Tunnel EAP) Authentication Mode Tracking and Inner-Method Failure Detection,medium,pci-dss,v4.0,8.3.1,,contributing,satisfies,content/cat-17-network-security-zero-trust/UC-17.1.69.json
17.1.70,OCSP Responder and CRL Repository Reachability and Latency Monitoring,high,iso-27001,2022,A.8.24,,contributing,satisfies,content/cat-17-network-security-zero-trust/UC-17.1.70.json
17.1.70,OCSP Responder and CRL Repository Reachability and Latency Monitoring,high,nis2,Directive (EU) 2022/2555,Art.21(2)(g),https://eur-lex.europa.eu/eli/dir/2022/2555/oj,contributing,satisfies,content/cat-17-network-security-zero-trust/UC-17.1.70.json
17.1.70,OCSP Responder and CRL Repository Reachability and Latency Monitoring,high,nist-800-53,Rev. 5,IA-5(2),,contributing,satisfies,content/cat-17-network-security-zero-trust/UC-17.1.70.json
17.1.70,OCSP Responder and CRL Repository Reachability and Latency Monitoring,high,pci-dss,v4.0,8.3.10,,contributing,satisfies,content/cat-17-network-security-zero-trust/UC-17.1.70.json
17.1.71,"Cisco ISE Admin Account Lockout, Failed-Login Burst, and Privileged-Role Audit",high,hipaa-security,2013-final,§164.308(a)(4)(ii)(B),,contributing,satisfies,content/cat-17-network-security-zero-trust/UC-17.1.71.json
17.1.71,"Cisco ISE Admin Account Lockout, Failed-Login Burst, and Privileged-Role Audit",high,iso-27001,2022,A.8.2,,contributing,satisfies,content/cat-17-network-security-zero-trust/UC-17.1.71.json
17.1.71,"Cisco ISE Admin Account Lockout, Failed-Login Burst, and Privileged-Role Audit",high,nist-800-53,Rev. 5,AC-2(7),,contributing,satisfies,content/cat-17-network-security-zero-trust/UC-17.1.71.json
17.1.71,"Cisco ISE Admin Account Lockout, Failed-Login Burst, and Privileged-Role Audit",high,pci-dss,v4.0,10.2.1.4,,contributing,satisfies,content/cat-17-network-security-zero-trust/UC-17.1.71.json
17.1.71,"Cisco ISE Admin Account Lockout, Failed-Login Burst, and Privileged-Role Audit",high,sox-itgc,PCAOB AS 2201,ITGC.AccessMgmt.Provisioning,,contributing,satisfies,content/cat-17-network-security-zero-trust/UC-17.1.71.json
17.1.72,"ISE GUI Admin Session Activity — Concurrent Sessions, Unusual Geo, and Long-Running Sessions",medium,iso-27001,2022,A.8.5,,contributing,satisfies,content/cat-17-network-security-zero-trust/UC-17.1.72.json
17.1.72,"ISE GUI Admin Session Activity — Concurrent Sessions, Unusual Geo, and Long-Running Sessions",medium,nist-800-53,Rev. 5,AC-12,,contributing,satisfies,content/cat-17-network-security-zero-trust/UC-17.1.72.json
17.1.72,"ISE GUI Admin Session Activity — Concurrent Sessions, Unusual Geo, and Long-Running Sessions",medium,pci-dss,v4.0,8.2.7,,contributing,satisfies,content/cat-17-network-security-zero-trust/UC-17.1.72.json
17.1.73,Cisco WLC + ISE Wireless Authentication Funnel — Association → Auth → DHCP → Posture,high,iso-27001,2022,A.5.20,,contributing,satisfies,content/cat-17-network-security-zero-trust/UC-17.1.73.json
17.1.73,Cisco WLC + ISE Wireless Authentication Funnel — Association → Auth → DHCP → Posture,high,nis2,Directive (EU) 2022/2555,Art.21(2)(c),https://eur-lex.europa.eu/eli/dir/2022/2555/oj,contributing,satisfies,content/cat-17-network-security-zero-trust/UC-17.1.73.json
17.1.74,ISE iPSK / MAB / 802.1X Mode Distribution by SSID and Mixed-Mode Anomaly Detection,medium,iso-27001,2022,A.8.20,,contributing,satisfies,content/cat-17-network-security-zero-trust/UC-17.1.74.json
17.1.74,ISE iPSK / MAB / 802.1X Mode Distribution by SSID and Mixed-Mode Anomaly Detection,medium,nist-800-53,Rev. 5,AC-18,,contributing,satisfies,content/cat-17-network-security-zero-trust/UC-17.1.74.json
17.1.74,ISE iPSK / MAB / 802.1X Mode Distribution by SSID and Mixed-Mode Anomaly Detection,medium,pci-dss,v4.0,4.2.1,,contributing,satisfies,content/cat-17-network-security-zero-trust/UC-17.1.74.json
17.1.75,ISE Downloadable ACL (dACL) Push Failures and ACL-Length Truncation Detection,medium,iso-27001,2022,A.8.20,,contributing,satisfies,content/cat-17-network-security-zero-trust/UC-17.1.75.json
17.1.75,ISE Downloadable ACL (dACL) Push Failures and ACL-Length Truncation Detection,medium,nist-800-53,Rev. 5,AC-4,,contributing,satisfies,content/cat-17-network-security-zero-trust/UC-17.1.75.json
17.1.75,ISE Downloadable ACL (dACL) Push Failures and ACL-Length Truncation Detection,medium,pci-dss,v4.0,1.4.5,,contributing,satisfies,content/cat-17-network-security-zero-trust/UC-17.1.75.json
17.1.76,ISE Group-Based Policy (GBP / Microsegmentation) Effective-Policy Drift,medium,iso-27001,2022,A.8.32,,contributing,satisfies,content/cat-17-network-security-zero-trust/UC-17.1.76.json
17.1.76,ISE Group-Based Policy (GBP / Microsegmentation) Effective-Policy Drift,medium,nis2,Directive (EU) 2022/2555,Art.21(2)(d),https://eur-lex.europa.eu/eli/dir/2022/2555/oj,contributing,satisfies,content/cat-17-network-security-zero-trust/UC-17.1.76.json
17.1.76,ISE Group-Based Policy (GBP / Microsegmentation) Effective-Policy Drift,medium,nist-800-53,Rev. 5,CM-3,,contributing,satisfies,content/cat-17-network-security-zero-trust/UC-17.1.76.json
17.1.76,ISE Group-Based Policy (GBP / Microsegmentation) Effective-Policy Drift,medium,pci-dss,v4.0,1.4.5,,contributing,satisfies,content/cat-17-network-security-zero-trust/UC-17.1.76.json
17.1.76,ISE Group-Based Policy (GBP / Microsegmentation) Effective-Policy Drift,medium,sox-itgc,PCAOB AS 2201,ITGC.AccessMgmt.Provisioning,,contributing,satisfies,content/cat-17-network-security-zero-trust/UC-17.1.76.json
17.1.77,Cisco ISE PSN Authentication-Per-Second (TPS) SLO and Capacity Headroom,high,dora,Regulation (EU) 2022/2554,Art.7,,contributing,satisfies,content/cat-17-network-security-zero-trust/UC-17.1.77.json
17.1.77,Cisco ISE PSN Authentication-Per-Second (TPS) SLO and Capacity Headroom,high,iso-27001,2022,A.8.6,,contributing,satisfies,content/cat-17-network-security-zero-trust/UC-17.1.77.json
17.1.77,Cisco ISE PSN Authentication-Per-Second (TPS) SLO and Capacity Headroom,high,nis2,Directive (EU) 2022/2555,Art.21(2)(c),https://eur-lex.europa.eu/eli/dir/2022/2555/oj,contributing,satisfies,content/cat-17-network-security-zero-trust/UC-17.1.77.json
17.1.77,Cisco ISE PSN Authentication-Per-Second (TPS) SLO and Capacity Headroom,high,soc-2,2017 TSC,A1.1,,contributing,satisfies,content/cat-17-network-security-zero-trust/UC-17.1.77.json
17.1.78,ISE PSN Authentication Distribution Imbalance and Sticky-Session Detection,medium,dora,Regulation (EU) 2022/2554,Art.7,,contributing,satisfies,content/cat-17-network-security-zero-trust/UC-17.1.78.json
17.1.78,ISE PSN Authentication Distribution Imbalance and Sticky-Session Detection,medium,iso-27001,2022,A.8.6,,contributing,satisfies,content/cat-17-network-security-zero-trust/UC-17.1.78.json
17.1.79,ISE Authorization-Policy Funnel — From Match to Final Authorization Result,medium,iso-27001,2022,A.5.18,,contributing,satisfies,content/cat-17-network-security-zero-trust/UC-17.1.79.json
17.1.79,ISE Authorization-Policy Funnel — From Match to Final Authorization Result,medium,nist-800-53,Rev. 5,AC-6,,contributing,satisfies,content/cat-17-network-security-zero-trust/UC-17.1.79.json
17.1.79,ISE Authorization-Policy Funnel — From Match to Final Authorization Result,medium,pci-dss,v4.0,7.2.2,,contributing,satisfies,content/cat-17-network-security-zero-trust/UC-17.1.79.json
17.1.80,ISE ANC Closed-Loop Effectiveness — Quarantine-to-Compromise-Stop Time,high,dora,Regulation (EU) 2022/2554,Art.17,,contributing,satisfies,content/cat-17-network-security-zero-trust/UC-17.1.80.json
17.1.80,ISE ANC Closed-Loop Effectiveness — Quarantine-to-Compromise-Stop Time,high,iso-27001,2022,A.5.26,,contributing,satisfies,content/cat-17-network-security-zero-trust/UC-17.1.80.json
17.1.80,ISE ANC Closed-Loop Effectiveness — Quarantine-to-Compromise-Stop Time,high,nis2,Directive (EU) 2022/2555,Art.21(2)(b),https://eur-lex.europa.eu/eli/dir/2022/2555/oj,contributing,satisfies,content/cat-17-network-security-zero-trust/UC-17.1.80.json
17.1.80,ISE ANC Closed-Loop Effectiveness — Quarantine-to-Compromise-Stop Time,high,nist-800-53,Rev. 5,IR-4,,contributing,satisfies,content/cat-17-network-security-zero-trust/UC-17.1.80.json
17.1.81,ISE Identity Risk Score Contribution to Splunk ES Risk-Based Alerting (RBA),medium,iso-27001,2022,A.5.7,,contributing,satisfies,content/cat-17-network-security-zero-trust/UC-17.1.81.json
17.1.81,ISE Identity Risk Score Contribution to Splunk ES Risk-Based Alerting (RBA),medium,nis2,Directive (EU) 2022/2555,Art.21(2)(b),https://eur-lex.europa.eu/eli/dir/2022/2555/oj,contributing,satisfies,content/cat-17-network-security-zero-trust/UC-17.1.81.json
17.1.81,ISE Identity Risk Score Contribution to Splunk ES Risk-Based Alerting (RBA),medium,nist-800-53,Rev. 5,RA-3,,contributing,satisfies,content/cat-17-network-security-zero-trust/UC-17.1.81.json
17.1.82,Splunk SOAR + ISE Closed-Loop Playbook Audit and Mean-Time-to-Containment KPI,high,dora,Regulation (EU) 2022/2554,Art.17,,contributing,satisfies,content/cat-17-network-security-zero-trust/UC-17.1.82.json
17.1.82,Splunk SOAR + ISE Closed-Loop Playbook Audit and Mean-Time-to-Containment KPI,high,iso-27001,2022,A.5.26,,contributing,satisfies,content/cat-17-network-security-zero-trust/UC-17.1.82.json
17.1.82,Splunk SOAR + ISE Closed-Loop Playbook Audit and Mean-Time-to-Containment KPI,high,nis2,Directive (EU) 2022/2555,Art.21(2)(b),https://eur-lex.europa.eu/eli/dir/2022/2555/oj,contributing,satisfies,content/cat-17-network-security-zero-trust/UC-17.1.82.json
17.1.82,Splunk SOAR + ISE Closed-Loop Playbook Audit and Mean-Time-to-Containment KPI,high,nist-800-53,Rev. 5,IR-4(1),,contributing,satisfies,content/cat-17-network-security-zero-trust/UC-17.1.82.json
17.1.82,Splunk SOAR + ISE Closed-Loop Playbook Audit and Mean-Time-to-Containment KPI,high,soc-2,2017 TSC,CC7.4,,contributing,satisfies,content/cat-17-network-security-zero-trust/UC-17.1.82.json
22.1.1,GDPR PII Detection in Application Log Data,critical,gdpr,2016/679,Art.5,,contributing,satisfies,content/cat-22-regulatory-compliance/UC-22.1.1.json
22.1.1,GDPR PII Detection in Application Log Data,critical,gdpr,2016/679,Art.6,,contributing,satisfies,content/cat-22-regulatory-compliance/UC-22.1.1.json
22.1.10,GDPR Privileged Access to Personal Data Stores,critical,gdpr,2016/679,Art.32,,contributing,satisfies,content/cat-22-regulatory-compliance/UC-22.1.10.json
22.1.10,GDPR Privileged Access to Personal Data Stores,critical,gdpr,2016/679,Art.5(1)(f),,contributing,satisfies,content/cat-22-regulatory-compliance/UC-22.1.10.json
22.1.11,GDPR Right to Erasure Verification,critical,gdpr,2016/679,Art.17,,contributing,satisfies,content/cat-22-regulatory-compliance/UC-22.1.11.json
22.1.12,GDPR Breach Scope and Affected Data Subject Quantification,critical,gdpr,2016/679,Art.33(3),,contributing,satisfies,content/cat-22-regulatory-compliance/UC-22.1.12.json
22.1.13,GDPR High-Risk Breach Communication to Data Subjects,critical,gdpr,2016/679,Art.34,,contributing,satisfies,content/cat-22-regulatory-compliance/UC-22.1.13.json
22.1.14,GDPR Data Protection Impact Assessment Coverage,high,gdpr,2016/679,Art.35,,contributing,satisfies,content/cat-22-regulatory-compliance/UC-22.1.14.json
22.1.15,GDPR Third-Party Processor Compliance Monitoring,high,gdpr,2016/679,Art.28,,contributing,satisfies,content/cat-22-regulatory-compliance/UC-22.1.15.json
22.1.16,GDPR Consent Withdrawal Processing Enforcement,high,gdpr,2016/679,Art.18,https://eur-lex.europa.eu/legal-content/EN/TXT/?uri=CELEX%3A32016R0679,partial,satisfies,content/cat-22-regulatory-compliance/UC-22.1.16.json
22.1.16,GDPR Consent Withdrawal Processing Enforcement,high,gdpr,2016/679,Art.7(3),,contributing,satisfies,content/cat-22-regulatory-compliance/UC-22.1.16.json
22.1.17,GDPR Audit Log Integrity and Tamper Protection,high,gdpr,2016/679,Art.5(2),,contributing,satisfies,content/cat-22-regulatory-compliance/UC-22.1.17.json
22.1.18,GDPR Automated Decision-Making and Profiling Transparency,high,gdpr,2016/679,Art.22,,contributing,satisfies,content/cat-22-regulatory-compliance/UC-22.1.18.json
22.1.19,GDPR Data Subject Rights Response SLA Dashboard,high,gdpr,2016/679,Art.12,,contributing,satisfies,content/cat-22-regulatory-compliance/UC-22.1.19.json
22.1.2,GDPR Data Subject Access Request Fulfillment Tracking,critical,gdpr,2016/679,Art.15,,contributing,satisfies,content/cat-22-regulatory-compliance/UC-22.1.2.json
22.1.2,GDPR Data Subject Access Request Fulfillment Tracking,critical,gdpr,2016/679,Art.16,,contributing,satisfies,content/cat-22-regulatory-compliance/UC-22.1.2.json
22.1.2,GDPR Data Subject Access Request Fulfillment Tracking,critical,gdpr,2016/679,Art.17,,contributing,satisfies,content/cat-22-regulatory-compliance/UC-22.1.2.json
22.1.2,GDPR Data Subject Access Request Fulfillment Tracking,critical,gdpr,2016/679,Art.18,,contributing,satisfies,content/cat-22-regulatory-compliance/UC-22.1.2.json
22.1.2,GDPR Data Subject Access Request Fulfillment Tracking,critical,gdpr,2016/679,Art.19,,contributing,satisfies,content/cat-22-regulatory-compliance/UC-22.1.2.json
22.1.2,GDPR Data Subject Access Request Fulfillment Tracking,critical,gdpr,2016/679,Art.20,,contributing,satisfies,content/cat-22-regulatory-compliance/UC-22.1.2.json
22.1.2,GDPR Data Subject Access Request Fulfillment Tracking,critical,gdpr,2016/679,Art.21,,contributing,satisfies,content/cat-22-regulatory-compliance/UC-22.1.2.json
22.1.2,GDPR Data Subject Access Request Fulfillment Tracking,critical,gdpr,2016/679,Art.22,,contributing,satisfies,content/cat-22-regulatory-compliance/UC-22.1.2.json
22.1.20,GDPR Legitimate Interest Balancing Test Evidence,high,gdpr,2016/679,Art.6(1)(f),,contributing,satisfies,content/cat-22-regulatory-compliance/UC-22.1.20.json
22.1.21,GDPR Encryption at Rest Audit Evidence,high,gdpr,2016/679,Art.32(1)(a),,contributing,satisfies,content/cat-22-regulatory-compliance/UC-22.1.21.json
22.1.22,GDPR Access Control Review and Privileged Access Evidence,high,gdpr,2016/679,Art.32(1)(b),,contributing,satisfies,content/cat-22-regulatory-compliance/UC-22.1.22.json
22.1.23,GDPR Pseudonymisation Validation in Pipelines and Logs,high,gdpr,2016/679,Art.32(1)(a),,contributing,satisfies,content/cat-22-regulatory-compliance/UC-22.1.23.json
22.1.24,GDPR Security Testing Evidence Aggregation (Pen Test / Red Team),high,gdpr,2016/679,Art.32(1)(d),,contributing,satisfies,content/cat-22-regulatory-compliance/UC-22.1.24.json
22.1.25,GDPR Security Incident Tracking Linked to Personal Data Impact,critical,gdpr,2016/679,Art.32(1)(c),,contributing,satisfies,content/cat-22-regulatory-compliance/UC-22.1.25.json
22.1.26,GDPR Resilience and Availability Monitoring for Personal-Data Services,high,gdpr,2016/679,Art.32(1)(b)(c),,contributing,satisfies,content/cat-22-regulatory-compliance/UC-22.1.26.json
22.1.27,GDPR Processor Compliance Attestation Tracking,high,gdpr,2016/679,Art.28(3),,contributing,satisfies,content/cat-22-regulatory-compliance/UC-22.1.27.json
22.1.28,GDPR Sub-Processor Change Monitoring,high,gdpr,2016/679,Art.28(2),,contributing,satisfies,content/cat-22-regulatory-compliance/UC-22.1.28.json
22.1.28,GDPR Sub-Processor Change Monitoring,high,gdpr,2016/679,Art.28(4),,contributing,satisfies,content/cat-22-regulatory-compliance/UC-22.1.28.json
22.1.29,GDPR Processor Personal Data Breach Notification SLA,critical,gdpr,2016/679,Art.28(3)(f),,contributing,satisfies,content/cat-22-regulatory-compliance/UC-22.1.29.json
22.1.29,GDPR Processor Personal Data Breach Notification SLA,critical,gdpr,2016/679,Art.33,,contributing,satisfies,content/cat-22-regulatory-compliance/UC-22.1.29.json
22.1.3,GDPR Breach Notification Timeline Monitoring,critical,gdpr,2016/679,Art.33,,contributing,satisfies,content/cat-22-regulatory-compliance/UC-22.1.3.json
22.1.3,GDPR Breach Notification Timeline Monitoring,critical,gdpr,2016/679,Art.72,,contributing,satisfies,content/cat-22-regulatory-compliance/UC-22.1.3.json
22.1.30,GDPR Data Processing Agreement Obligation Control Matrix,high,gdpr,2016/679,Art.28(3),,contributing,satisfies,content/cat-22-regulatory-compliance/UC-22.1.30.json
22.1.31,GDPR Processor Audit Evidence — Right to Audit and Inspection Logs,high,gdpr,2016/679,Art.28(3)(h),,contributing,satisfies,content/cat-22-regulatory-compliance/UC-22.1.31.json
22.1.32,GDPR DPIA Completion Tracking Against High-Risk Processing,high,gdpr,2016/679,Art.35(7),,contributing,satisfies,content/cat-22-regulatory-compliance/UC-22.1.32.json
22.1.33,GDPR DPIA Residual Risk Scoring and Escalation,high,gdpr,2016/679,Art.35(7)(b),,contributing,satisfies,content/cat-22-regulatory-compliance/UC-22.1.33.json
22.1.34,GDPR DPIA Supervisory Authority Consultation Tracking,high,gdpr,2016/679,Art.36,,contributing,satisfies,content/cat-22-regulatory-compliance/UC-22.1.34.json
22.1.35,GDPR DPIA Remediation Monitoring and Mitigation Closure,high,gdpr,2016/679,Art.35(7)(d),,contributing,satisfies,content/cat-22-regulatory-compliance/UC-22.1.35.json
22.1.36,GDPR Transfer Impact Assessment (TIA) Status for Third-Country Transfers,high,gdpr,2016/679,Art.44,,contributing,satisfies,content/cat-22-regulatory-compliance/UC-22.1.36.json
22.1.36,GDPR Transfer Impact Assessment (TIA) Status for Third-Country Transfers,high,gdpr,2016/679,Art.45,,contributing,satisfies,content/cat-22-regulatory-compliance/UC-22.1.36.json
22.1.36,GDPR Transfer Impact Assessment (TIA) Status for Third-Country Transfers,high,gdpr,2016/679,Art.46,,contributing,satisfies,content/cat-22-regulatory-compliance/UC-22.1.36.json
22.1.37,GDPR Standard Contractual Clauses (SCCs) Compliance Tracking,high,gdpr,2016/679,Art.46(2)(c),,contributing,satisfies,content/cat-22-regulatory-compliance/UC-22.1.37.json
22.1.38,GDPR Data Localization Enforcement for Restricted Processing,critical,gdpr,2016/679,Art.44,,contributing,satisfies,content/cat-22-regulatory-compliance/UC-22.1.38.json
22.1.38,GDPR Data Localization Enforcement for Restricted Processing,critical,gdpr,2016/679,Art.45,,contributing,satisfies,content/cat-22-regulatory-compliance/UC-22.1.38.json
22.1.38,GDPR Data Localization Enforcement for Restricted Processing,critical,gdpr,2016/679,Art.46,,contributing,satisfies,content/cat-22-regulatory-compliance/UC-22.1.38.json
22.1.38,GDPR Data Localization Enforcement for Restricted Processing,critical,gdpr,2016/679,Art.47,,contributing,satisfies,content/cat-22-regulatory-compliance/UC-22.1.38.json
22.1.38,GDPR Data Localization Enforcement for Restricted Processing,critical,gdpr,2016/679,Art.48,,contributing,satisfies,content/cat-22-regulatory-compliance/UC-22.1.38.json
22.1.38,GDPR Data Localization Enforcement for Restricted Processing,critical,gdpr,2016/679,Art.49,,contributing,satisfies,content/cat-22-regulatory-compliance/UC-22.1.38.json
22.1.39,GDPR Adequacy Decision and Legal Basis Change Monitoring,high,gdpr,2016/679,Art.45,,contributing,satisfies,content/cat-22-regulatory-compliance/UC-22.1.39.json
22.1.4,GDPR Data Retention Policy Enforcement,high,gdpr,2016/679,Art.5(1)(e),,contributing,satisfies,content/cat-22-regulatory-compliance/UC-22.1.4.json
22.1.40,GDPR Binding Corporate Rules (BCR) Evidence and Intra-Group Transfer Monitoring,high,gdpr,2016/679,Art.47,,contributing,satisfies,content/cat-22-regulatory-compliance/UC-22.1.40.json
22.1.41,GDPR Unauthorized Cloud Service Detection (Shadow SaaS),high,gdpr,2016/679,Art.32,,contributing,satisfies,content/cat-22-regulatory-compliance/UC-22.1.41.json
22.1.41,GDPR Unauthorized Cloud Service Detection (Shadow SaaS),high,gdpr,2016/679,Art.5(2),,contributing,satisfies,content/cat-22-regulatory-compliance/UC-22.1.41.json
22.1.42,GDPR Shadow IT Personal Data Processing Indicators,high,gdpr,2016/679,Art.5(2),,contributing,satisfies,content/cat-22-regulatory-compliance/UC-22.1.42.json
22.1.43,GDPR Personal Data in Non-Approved Systems (ROPA Drift Detection),high,gdpr,2016/679,Art.30,,contributing,satisfies,content/cat-22-regulatory-compliance/UC-22.1.43.json
22.1.43,GDPR Personal Data in Non-Approved Systems (ROPA Drift Detection),high,gdpr,2016/679,Art.5(2),,contributing,satisfies,content/cat-22-regulatory-compliance/UC-22.1.43.json
22.1.44,GDPR Cross-Border Personal Data Flow Anomaly Detection,high,gdpr,2016/679,Art.44,,contributing,satisfies,content/cat-22-regulatory-compliance/UC-22.1.44.json
22.1.44,GDPR Cross-Border Personal Data Flow Anomaly Detection,high,gdpr,2016/679,Art.45,,contributing,satisfies,content/cat-22-regulatory-compliance/UC-22.1.44.json
22.1.44,GDPR Cross-Border Personal Data Flow Anomaly Detection,high,gdpr,2016/679,Art.46,,contributing,satisfies,content/cat-22-regulatory-compliance/UC-22.1.44.json
22.1.44,GDPR Cross-Border Personal Data Flow Anomaly Detection,high,gdpr,2016/679,Art.47,,contributing,satisfies,content/cat-22-regulatory-compliance/UC-22.1.44.json
22.1.44,GDPR Cross-Border Personal Data Flow Anomaly Detection,high,gdpr,2016/679,Art.48,,contributing,satisfies,content/cat-22-regulatory-compliance/UC-22.1.44.json
22.1.44,GDPR Cross-Border Personal Data Flow Anomaly Detection,high,gdpr,2016/679,Art.49,,contributing,satisfies,content/cat-22-regulatory-compliance/UC-22.1.44.json
22.1.45,GDPR Privacy Settings Default Validation (Privacy by Design / Default),high,gdpr,2016/679,Art.25(2),,contributing,satisfies,content/cat-22-regulatory-compliance/UC-22.1.45.json
22.1.46,GDPR Consent Mechanism Audit (Lawful Basis Alignment),high,gdpr,2016/679,Art.21,https://eur-lex.europa.eu/legal-content/EN/TXT/?uri=CELEX%3A32016R0679,partial,satisfies,content/cat-22-regulatory-compliance/UC-22.1.46.json
22.1.46,GDPR Consent Mechanism Audit (Lawful Basis Alignment),high,gdpr,2016/679,Art.25(1),,contributing,satisfies,content/cat-22-regulatory-compliance/UC-22.1.46.json
22.1.46,GDPR Consent Mechanism Audit (Lawful Basis Alignment),high,gdpr,2016/679,Art.7,,contributing,satisfies,content/cat-22-regulatory-compliance/UC-22.1.46.json
22.1.47,GDPR Data Minimisation Compliance in Logs and APIs,high,gdpr,2016/679,Art.25(2),,contributing,satisfies,content/cat-22-regulatory-compliance/UC-22.1.47.json
22.1.47,GDPR Data Minimisation Compliance in Logs and APIs,high,gdpr,2016/679,Art.5(1)(c),,contributing,satisfies,content/cat-22-regulatory-compliance/UC-22.1.47.json
22.1.48,GDPR Purpose Limitation Enforcement Across Systems,high,gdpr,2016/679,Art.25(1),,contributing,satisfies,content/cat-22-regulatory-compliance/UC-22.1.48.json
22.1.48,GDPR Purpose Limitation Enforcement Across Systems,high,gdpr,2016/679,Art.5(1)(b),,contributing,satisfies,content/cat-22-regulatory-compliance/UC-22.1.48.json
22.1.48,GDPR Purpose Limitation Enforcement Across Systems,high,nist-800-53,Rev. 5,PT-3,https://doi.org/10.6028/NIST.SP.800-53r5,partial,satisfies,content/cat-22-regulatory-compliance/UC-22.1.48.json
22.1.48,GDPR Purpose Limitation Enforcement Across Systems,high,nist-800-53,Rev. 5,PT-3,https://doi.org/10.6028/NIST.SP.800-53r5,partial,satisfies,content/cat-22-regulatory-compliance/UC-22.1.48.json
22.1.49,GDPR Storage Limitation Automation Evidence,high,gdpr,2016/679,Art.25(2),,contributing,satisfies,content/cat-22-regulatory-compliance/UC-22.1.49.json
22.1.49,GDPR Storage Limitation Automation Evidence,high,gdpr,2016/679,Art.5(1)(e),,contributing,satisfies,content/cat-22-regulatory-compliance/UC-22.1.49.json
22.1.5,GDPR Consent Management Audit Trail,high,gdpr,2016/679,Art.7,,partial,satisfies,content/cat-22-regulatory-compliance/UC-22.1.5.json
22.1.50,GDPR Transparency Notice Completeness and Version Alignment,high,gdpr,2016/679,Art.12,,contributing,satisfies,content/cat-22-regulatory-compliance/UC-22.1.50.json
22.1.50,GDPR Transparency Notice Completeness and Version Alignment,high,gdpr,2016/679,Art.13,,contributing,satisfies,content/cat-22-regulatory-compliance/UC-22.1.50.json
22.1.50,GDPR Transparency Notice Completeness and Version Alignment,high,gdpr,2016/679,Art.14,,contributing,satisfies,content/cat-22-regulatory-compliance/UC-22.1.50.json
22.1.50,GDPR Transparency Notice Completeness and Version Alignment,high,gdpr,2016/679,Art.25(1),,contributing,satisfies,content/cat-22-regulatory-compliance/UC-22.1.50.json
22.1.6,GDPR Cross-Border Data Transfer Monitoring,critical,gdpr,2016/679,Art.44,,contributing,satisfies,content/cat-22-regulatory-compliance/UC-22.1.6.json
22.1.6,GDPR Cross-Border Data Transfer Monitoring,critical,gdpr,2016/679,Art.45,,contributing,satisfies,content/cat-22-regulatory-compliance/UC-22.1.6.json
22.1.6,GDPR Cross-Border Data Transfer Monitoring,critical,gdpr,2016/679,Art.46,,contributing,satisfies,content/cat-22-regulatory-compliance/UC-22.1.6.json
22.1.6,GDPR Cross-Border Data Transfer Monitoring,critical,gdpr,2016/679,Art.47,,contributing,satisfies,content/cat-22-regulatory-compliance/UC-22.1.6.json
22.1.6,GDPR Cross-Border Data Transfer Monitoring,critical,gdpr,2016/679,Art.48,,contributing,satisfies,content/cat-22-regulatory-compliance/UC-22.1.6.json
22.1.6,GDPR Cross-Border Data Transfer Monitoring,critical,gdpr,2016/679,Art.49,,contributing,satisfies,content/cat-22-regulatory-compliance/UC-22.1.6.json
22.1.7,GDPR Security of Processing — Encryption and Pseudonymisation Coverage,critical,gdpr,2016/679,Art.32,,contributing,satisfies,content/cat-22-regulatory-compliance/UC-22.1.7.json
22.1.8,GDPR Records of Processing Activities Completeness,high,gdpr,2016/679,Art.30,,contributing,satisfies,content/cat-22-regulatory-compliance/UC-22.1.8.json
22.1.9,GDPR Data Protection by Design — Data Minimisation Validation,high,gdpr,2016/679,Art.25,,contributing,satisfies,content/cat-22-regulatory-compliance/UC-22.1.9.json
22.10.1,HIPAA Risk Analysis Evidence — Asset & ePHI System Inventory,critical,hipaa-security,2013-final,§164.308(a)(1),,partial,satisfies,content/cat-22-regulatory-compliance/UC-22.10.1.json
22.10.10,Business Associate Contracts — BAA Coverage for Connected Systems,high,hipaa-security,2013-final,§164.308(a)(1)(ii)(B),,contributing,satisfies,content/cat-22-regulatory-compliance/UC-22.10.10.json
22.10.11,Business Associate Agreements — Expiry & Auto-Renewal Monitoring,high,hipaa-security,2013-final,§164.308(b)(1),,contributing,satisfies,content/cat-22-regulatory-compliance/UC-22.10.11.json
22.10.12,Sanction Policy — Privileged Abuse on EHR Audit Logs,critical,hipaa-security,2013-final,§164.308(a)(1)(ii)(C),,contributing,satisfies,content/cat-22-regulatory-compliance/UC-22.10.12.json
22.10.13,Unique User Identification — Shared or Generic EHR Accounts,critical,hipaa-security,2013-final,§164.312(a)(2)(i),,contributing,satisfies,content/cat-22-regulatory-compliance/UC-22.10.13.json
22.10.14,Emergency Access Procedure — Downtime / Break-Glass Account Usage,critical,hipaa-security,2013-final,§164.312(a)(2)(ii),,contributing,satisfies,content/cat-22-regulatory-compliance/UC-22.10.14.json
22.10.15,Automatic Logoff — Stale Clinical Workstation Sessions,high,hipaa-security,2013-final,§164.312(a)(2)(iii),,contributing,satisfies,content/cat-22-regulatory-compliance/UC-22.10.15.json
22.10.16,Encryption of ePHI at Rest — TDE / BitLocker Status for Clinical Datastores,critical,hipaa-security,2013-final,§164.312(a)(2)(iv),,contributing,satisfies,content/cat-22-regulatory-compliance/UC-22.10.16.json
22.10.17,Audit Controls — High-Volume ePHI Read Baseline & Anomaly,critical,hipaa-security,2013-final,§164.312(b),,contributing,satisfies,content/cat-22-regulatory-compliance/UC-22.10.17.json
22.10.18,Integrity — Unexpected UPDATE/DELETE on PHI Tables (Clarity/Caboodle),critical,hipaa-security,2013-final,§164.312(c)(1),,contributing,satisfies,content/cat-22-regulatory-compliance/UC-22.10.18.json
22.10.19,Entity Authentication — Smart Card / Certificate Logon Failures,high,hipaa-security,2013-final,§164.312(d),,partial,satisfies,content/cat-22-regulatory-compliance/UC-22.10.19.json
22.10.2,HIPAA Risk Management — Control Deficiency Tracking,critical,hipaa-security,2013-final,§164.308(a)(1),,partial,satisfies,content/cat-22-regulatory-compliance/UC-22.10.2.json
22.10.20,Transmission Security — TLS 1.0/1.1 Deprecation for EHR Integrations,high,hipaa-security,2013-final,§164.312(e)(1),,contributing,satisfies,content/cat-22-regulatory-compliance/UC-22.10.20.json
22.10.21,Access Control — Role-Based Violations (Coder Accessing Medication Admin),critical,hipaa-security,2013-final,§164.308(a)(4),https://www.hhs.gov/hipaa/for-professionals/security/laws-regulations/index.html,full,satisfies,content/cat-22-regulatory-compliance/UC-22.10.21.json
22.10.21,Access Control — Role-Based Violations (Coder Accessing Medication Admin),critical,hipaa-security,2013-final,§164.308(a)(4),https://www.hhs.gov/hipaa/for-professionals/security/laws-regulations/index.html,full,satisfies,content/cat-22-regulatory-compliance/UC-22.10.21.json
22.10.21,Access Control — Role-Based Violations (Coder Accessing Medication Admin),critical,hipaa-security,2013-final,§164.312(a)(1),,partial,satisfies,content/cat-22-regulatory-compliance/UC-22.10.21.json
22.10.22,Remote ePHI Access — MFA Gap for VPN + O365 Clinical Mail,critical,hipaa-security,2013-final,§164.308(a)(1),,partial,satisfies,content/cat-22-regulatory-compliance/UC-22.10.22.json
22.10.22,Remote ePHI Access — MFA Gap for VPN + O365 Clinical Mail,critical,hipaa-security,2013-final,§164.312(e)(1),,contributing,satisfies,content/cat-22-regulatory-compliance/UC-22.10.22.json
22.10.23,FHIR / SMART on FHIR App Access to ePHI Scopes,high,hipaa-security,2013-final,§164.312(d),,contributing,satisfies,content/cat-22-regulatory-compliance/UC-22.10.23.json
22.10.24,Medical Device Integration — Unapproved HL7 Feeds to EMPI,high,hipaa-security,2013-final,§164.312(a)(1),,contributing,satisfies,content/cat-22-regulatory-compliance/UC-22.10.24.json
22.10.25,Endpoint Controls — ePHI Clipboard/Print from VDI,high,hipaa-security,2013-final,§164.312(a)(1),,contributing,satisfies,content/cat-22-regulatory-compliance/UC-22.10.25.json
22.10.26,Transmission Security — Unencrypted SMTP with PHI Patterns,critical,hipaa-security,2013-final,§164.312(e)(1),,contributing,satisfies,content/cat-22-regulatory-compliance/UC-22.10.26.json
22.10.27,Integrity — Caboodle / Clarity ETL Job Failures & Partial Loads,high,hipaa-security,2013-final,§164.312(c)(1),,contributing,satisfies,content/cat-22-regulatory-compliance/UC-22.10.27.json
22.10.28,Workstation Security — Unattended Unlocked Sessions in Clinical Pods,high,hipaa-security,2013-final,§164.310(b),,contributing,satisfies,content/cat-22-regulatory-compliance/UC-22.10.28.json
22.10.29,Device & Media Controls — USB Mass Storage on ePHI Workstations,critical,hipaa-security,2013-final,§164.310(d)(1),,partial,satisfies,content/cat-22-regulatory-compliance/UC-22.10.29.json
22.10.3,Information System Activity Review — Cross-Source ePHI Access Summary,critical,hipaa-security,2013-final,§164.308(a)(1)(ii)(D),,contributing,satisfies,content/cat-22-regulatory-compliance/UC-22.10.3.json
22.10.30,Media Controls — Large PHI Print Jobs to Non-Secure Printers,high,hipaa-security,2013-final,§164.310(d)(2),,contributing,satisfies,content/cat-22-regulatory-compliance/UC-22.10.30.json
22.10.31,Facility vs Logical Access — Badge-In Without VPN/SSO for Remote Roles,high,hipaa-security,2013-final,§164.310(a)(1),,partial,satisfies,content/cat-22-regulatory-compliance/UC-22.10.31.json
22.10.32,Workstation Use — After-Hours Login from Non-Clinical IP Space,high,hipaa-security,2013-final,§164.310(b),,contributing,satisfies,content/cat-22-regulatory-compliance/UC-22.10.32.json
22.10.32,Workstation Use — After-Hours Login from Non-Clinical IP Space,high,hipaa-security,2013-final,§164.310(c),,contributing,satisfies,content/cat-22-regulatory-compliance/UC-22.10.32.json
22.10.33,Minimum Necessary — Access Outside Active Care Team,critical,hipaa-security,2013-final,§164.502(b),,contributing,satisfies,content/cat-22-regulatory-compliance/UC-22.10.33.json
22.10.33,Minimum Necessary — Access Outside Active Care Team,critical,hipaa-security,2013-final,§164.514(d),,contributing,satisfies,content/cat-22-regulatory-compliance/UC-22.10.33.json
22.10.34,Break-Glass — Emergency Access Reason Codes & Post-Review,critical,hipaa-security,2013-final,§164.502(a)(2)(ii),,contributing,satisfies,content/cat-22-regulatory-compliance/UC-22.10.34.json
22.10.35,Non-Treating Provider — Specialty Mismatch Chart Access,high,hipaa-security,2013-final,§164.502(a)(1),,contributing,satisfies,content/cat-22-regulatory-compliance/UC-22.10.35.json
22.10.36,Bulk ePHI Export — Clarity SQL / Caboodle Extract Volume Spike,critical,hipaa-security,2013-final,§164.312(b),,contributing,satisfies,content/cat-22-regulatory-compliance/UC-22.10.36.json
22.10.36,Bulk ePHI Export — Clarity SQL / Caboodle Extract Volume Spike,critical,hipaa-security,2013-final,§164.502(b),,contributing,satisfies,content/cat-22-regulatory-compliance/UC-22.10.36.json
22.10.37,After-Hours ePHI Access — Billing Users on Inpatient Charts,high,hipaa-security,2013-final,§164.502(b),,contributing,satisfies,content/cat-22-regulatory-compliance/UC-22.10.37.json
22.10.38,Deceased Patient Records — Access After Death Date,high,hipaa-security,2013-final,§164.502(f),,contributing,satisfies,content/cat-22-regulatory-compliance/UC-22.10.38.json
22.10.39,VIP / High-Profile Patient — Elevated Access Monitoring,critical,hipaa-security,2013-final,§164.502(a),,contributing,satisfies,content/cat-22-regulatory-compliance/UC-22.10.39.json
22.10.4,Workforce Clearance — HR Hire vs AD Account Creation,high,hipaa-security,2013-final,§164.308(a)(3),,partial,satisfies,content/cat-22-regulatory-compliance/UC-22.10.4.json
22.10.40,Research Access — Chart Views Without Active IRB Consent Flag,critical,hipaa-security,2013-final,§164.502(a)(1),,contributing,satisfies,content/cat-22-regulatory-compliance/UC-22.10.40.json
22.10.40,Research Access — Chart Views Without Active IRB Consent Flag,critical,hipaa-security,2013-final,§164.512(i),,contributing,satisfies,content/cat-22-regulatory-compliance/UC-22.10.40.json
22.10.41,Accounting of Disclosures — Registry vs EHR-Logged Disclosures,high,hipaa-security,2013-final,§164.528,,contributing,satisfies,content/cat-22-regulatory-compliance/UC-22.10.41.json
22.10.42,Patient Portal — Suspicious MyChart Password Reset & MFA Changes,critical,hipaa-security,2013-final,§164.312(d),,contributing,satisfies,content/cat-22-regulatory-compliance/UC-22.10.42.json
22.10.42,Patient Portal — Suspicious MyChart Password Reset & MFA Changes,critical,hipaa-security,2013-final,§164.530(c),,contributing,satisfies,content/cat-22-regulatory-compliance/UC-22.10.42.json
22.10.43,Breach Discovery — Time-to-Detect from First PHI Indicator,critical,hipaa-security,2013-final,§164.404,,contributing,satisfies,content/cat-22-regulatory-compliance/UC-22.10.43.json
22.10.44,Breach Risk Assessment — Four-Factor Documentation Tracking,critical,hipaa-security,2013-final,§164.402,,contributing,satisfies,content/cat-22-regulatory-compliance/UC-22.10.44.json
22.10.44,Breach Risk Assessment — Four-Factor Documentation Tracking,critical,hipaa-security,2013-final,§164.404,,contributing,satisfies,content/cat-22-regulatory-compliance/UC-22.10.44.json
22.10.45,Individual Notification — Letter Generation & Mailing Evidence,critical,hipaa-security,2013-final,§164.404(b),,contributing,satisfies,content/cat-22-regulatory-compliance/UC-22.10.45.json
22.10.46,HHS Secretary Notification — 500+ Individuals Threshold Watch,critical,hipaa-security,2013-final,§164.408,,contributing,satisfies,content/cat-22-regulatory-compliance/UC-22.10.46.json
22.10.47,Media Notification — Large-State Resident Threshold Tracking,critical,hipaa-security,2013-final,§164.406(c),,contributing,satisfies,content/cat-22-regulatory-compliance/UC-22.10.47.json
22.10.48,Breach Log / Incident Register — Immutable Chronological Record,high,hipaa-security,2013-final,§164.402,,contributing,satisfies,content/cat-22-regulatory-compliance/UC-22.10.48.json
22.10.49,Breach Remediation — Control Implementation Evidence Post-Incident,high,hipaa-security,2013-final,§164.308(a)(1)(ii)(A),,contributing,satisfies,content/cat-22-regulatory-compliance/UC-22.10.49.json
22.10.5,Termination — Access Revocation Within Policy Window,critical,hipaa-security,2013-final,§164.308(a)(3)(ii)(C),,contributing,satisfies,content/cat-22-regulatory-compliance/UC-22.10.5.json
22.10.5,Termination — Access Revocation Within Policy Window,critical,nist-800-53,Rev. 5,PS-4,https://doi.org/10.6028/NIST.SP.800-53r5,full,satisfies,content/cat-22-regulatory-compliance/UC-22.10.5.json
22.10.5,Termination — Access Revocation Within Policy Window,critical,nist-800-53,Rev. 5,PS-4,https://doi.org/10.6028/NIST.SP.800-53r5,full,satisfies,content/cat-22-regulatory-compliance/UC-22.10.5.json
22.10.50,Annual Breach Reporting — Trend of Affected Individuals & Root Cause,high,hipaa-security,2013-final,§164.408,,contributing,satisfies,content/cat-22-regulatory-compliance/UC-22.10.50.json
22.10.51,Business Associate Access — VPN/SSO Sessions Originating from BA Address Space,high,hipaa-security,2013-final,§164.308(b),,contributing,satisfies,content/cat-22-regulatory-compliance/UC-22.10.51.json
22.10.51,Business Associate Access — VPN/SSO Sessions Originating from BA Address Space,high,hipaa-security,2013-final,§164.502(e),,contributing,satisfies,content/cat-22-regulatory-compliance/UC-22.10.51.json
22.10.52,BAA Compliance Evidence — Control Attestations vs Technical Telemetry,high,hipaa-security,2013-final,§164.308(b)(3),,contributing,satisfies,content/cat-22-regulatory-compliance/UC-22.10.52.json
22.10.52,BAA Compliance Evidence — Control Attestations vs Technical Telemetry,high,hipaa-security,2013-final,§164.502(e),,contributing,satisfies,content/cat-22-regulatory-compliance/UC-22.10.52.json
22.10.53,Subcontractor Access — Downstream API Keys Touching ePHI Interfaces,critical,hipaa-security,2013-final,§164.502(e),,contributing,satisfies,content/cat-22-regulatory-compliance/UC-22.10.53.json
22.10.54,Third-Party Data Sharing — O365 Sharing Links to External Domains on PHI Libraries,critical,hipaa-security,2013-final,§164.502(b),,contributing,satisfies,content/cat-22-regulatory-compliance/UC-22.10.54.json
22.10.54,Third-Party Data Sharing — O365 Sharing Links to External Domains on PHI Libraries,critical,hipaa-security,2013-final,§164.514(e),,contributing,satisfies,content/cat-22-regulatory-compliance/UC-22.10.54.json
22.10.55,Cloud Service Provider — ePHI Hosting Admin Actions in AWS or Azure Audit,critical,hipaa-security,2013-final,§164.308(a)(1),,partial,satisfies,content/cat-22-regulatory-compliance/UC-22.10.55.json
22.10.55,Cloud Service Provider — ePHI Hosting Admin Actions in AWS or Azure Audit,critical,hipaa-security,2013-final,§164.502(e),,contributing,satisfies,content/cat-22-regulatory-compliance/UC-22.10.55.json
22.10.56,HIPAA §164.308(a)(6) — Security incident response lifecycle evidence,critical,hipaa-security,2013-final,§164.308(a)(6),https://www.hhs.gov/hipaa/for-professionals/security/laws-regulations/index.html,partial,satisfies,content/cat-22-regulatory-compliance/UC-22.10.56.json
22.10.57,HIPAA 164.308(a)(4)(ii)(B) — Cisco ISE Privileged Access Modification Audit,critical,hipaa-security,2013-final,§164.308(a)(4)(ii)(B),,partial,satisfies,content/cat-22-regulatory-compliance/UC-22.10.57.json
22.10.58,HIPAA 164.312(b) — Endpoint Posture Compliance Evidence on Healthcare Endpoints,critical,hipaa-security,2013-final,§164.312(b),,partial,satisfies,content/cat-22-regulatory-compliance/UC-22.10.58.json
22.10.59,Audit Controls — ePHI Audit-Log Source Coverage & Periodic Activity Review,critical,hipaa-security,2013-final,§164.312(b),https://www.ecfr.gov/current/title-45/subtitle-A/subchapter-C/part-164/subpart-C/section-164.312#p-164.312(b),full,satisfies,content/cat-22-regulatory-compliance/UC-22.10.59.json
22.10.6,Security Awareness & Training — Phish Simulation Failure to ePHI Risk,high,hipaa-security,2013-final,§164.308(a)(5),,contributing,satisfies,content/cat-22-regulatory-compliance/UC-22.10.6.json
22.10.7,Login Monitoring & Security Incident Procedures — Brute Force to Clinical SSO,critical,hipaa-security,2013-final,§164.308(a)(6),,contributing,satisfies,content/cat-22-regulatory-compliance/UC-22.10.7.json
22.10.8,Contingency Plan — Backup Job Success for ePHI Databases,critical,hipaa-security,2013-final,§164.308(a)(7),,partial,satisfies,content/cat-22-regulatory-compliance/UC-22.10.8.json
22.10.9,Periodic Evaluation — Control Test Evidence Ingest,high,hipaa-security,2013-final,§164.308(a)(8),,partial,satisfies,content/cat-22-regulatory-compliance/UC-22.10.9.json
22.11.1,Scheduled Firewall Rule Review Evidence for CDE NSCs,high,pci-dss,v4.0,1.2.8,,contributing,satisfies,content/cat-22-regulatory-compliance/UC-22.11.1.json
22.11.10,Listening Services and Daemons on Linux Payment Middleware,medium,pci-dss,v4.0,2.2.5,,contributing,satisfies,content/cat-22-regulatory-compliance/UC-22.11.10.json
22.11.100,PCI-DSS 10.4 — Time synchronisation: NTP drift on CDE hosts,high,iso-27001,2022,A.8.17,https://www.iso.org/standard/27001,full,satisfies,content/cat-22-regulatory-compliance/UC-22.11.100.json
22.11.100,PCI-DSS 10.4 — Time synchronisation: NTP drift on CDE hosts,high,nist-800-53,Rev. 5,AU-8,https://doi.org/10.6028/NIST.SP.800-53r5,full,satisfies,content/cat-22-regulatory-compliance/UC-22.11.100.json
22.11.100,PCI-DSS 10.4 — Time synchronisation: NTP drift on CDE hosts,high,pci-dss,v4.0,10.4,https://listings.pcisecuritystandards.org/documents/PCI-DSS-v4_0.pdf,full,satisfies,content/cat-22-regulatory-compliance/UC-22.11.100.json
22.11.101,PCI-DSS 10.6 — Log review: daily-review evidence for CDE data sources,high,iso-27001,2022,A.5.28,https://www.iso.org/standard/27001,partial,satisfies,content/cat-22-regulatory-compliance/UC-22.11.101.json
22.11.101,PCI-DSS 10.6 — Log review: daily-review evidence for CDE data sources,high,pci-dss,v4.0,10.6,https://listings.pcisecuritystandards.org/documents/PCI-DSS-v4_0.pdf,full,satisfies,content/cat-22-regulatory-compliance/UC-22.11.101.json
22.11.101,PCI-DSS 10.6 — Log review: daily-review evidence for CDE data sources,high,soc-2,2017 TSC,CC7.1,https://www.aicpa-cima.com/resources/landing/system-and-organization-controls-soc-suite-of-services,partial,satisfies,content/cat-22-regulatory-compliance/UC-22.11.101.json
22.11.102,PCI-DSS 10.7 — Log retention: CDE data-source retention + immutability attestation,high,iso-27001,2022,A.5.33,https://www.iso.org/standard/27001,full,satisfies,content/cat-22-regulatory-compliance/UC-22.11.102.json
22.11.102,PCI-DSS 10.7 — Log retention: CDE data-source retention + immutability attestation,high,nist-800-53,Rev. 5,AU-11,https://doi.org/10.6028/NIST.SP.800-53r5,full,satisfies,content/cat-22-regulatory-compliance/UC-22.11.102.json
22.11.102,PCI-DSS 10.7 — Log retention: CDE data-source retention + immutability attestation,high,pci-dss,v4.0,10.7,https://listings.pcisecuritystandards.org/documents/PCI-DSS-v4_0.pdf,full,satisfies,content/cat-22-regulatory-compliance/UC-22.11.102.json
22.11.102,PCI-DSS 10.7 — Log retention: CDE data-source retention + immutability attestation,high,sox-itgc,PCAOB AS 2201,ITGC.Logging.Integrity,https://pcaobus.org/oversight/standards/auditing-standards/details/AS2201,partial,satisfies,content/cat-22-regulatory-compliance/UC-22.11.102.json
22.11.103,PCI-DSS 11.3 — Vulnerability programme: overdue scan cadence and unremediated high-severity,high,dora,Regulation (EU) 2022/2554,Art.8,https://eur-lex.europa.eu/eli/reg/2022/2554/oj,partial,satisfies,content/cat-22-regulatory-compliance/UC-22.11.103.json
22.11.103,PCI-DSS 11.3 — Vulnerability programme: overdue scan cadence and unremediated high-severity,high,iso-27001,2022,A.8.8,https://www.iso.org/standard/27001,full,satisfies,content/cat-22-regulatory-compliance/UC-22.11.103.json
22.11.103,PCI-DSS 11.3 — Vulnerability programme: overdue scan cadence and unremediated high-severity,high,nist-800-53,Rev. 5,RA-5,https://doi.org/10.6028/NIST.SP.800-53r5,full,satisfies,content/cat-22-regulatory-compliance/UC-22.11.103.json
22.11.103,PCI-DSS 11.3 — Vulnerability programme: overdue scan cadence and unremediated high-severity,high,pci-dss,v4.0,11.3,https://listings.pcisecuritystandards.org/documents/PCI-DSS-v4_0.pdf,full,satisfies,content/cat-22-regulatory-compliance/UC-22.11.103.json
22.11.104,PCI-DSS 11.4 — Intrusion detection: IDS signature/health attestation + untuned alert monitoring,high,iso-27001,2022,A.8.16,https://www.iso.org/standard/27001,full,satisfies,content/cat-22-regulatory-compliance/UC-22.11.104.json
22.11.104,PCI-DSS 11.4 — Intrusion detection: IDS signature/health attestation + untuned alert monitoring,high,pci-dss,v4.0,11.4,https://listings.pcisecuritystandards.org/documents/PCI-DSS-v4_0.pdf,full,satisfies,content/cat-22-regulatory-compliance/UC-22.11.104.json
22.11.104,PCI-DSS 11.4 — Intrusion detection: IDS signature/health attestation + untuned alert monitoring,high,soc-2,2017 TSC,CC7.1,https://www.aicpa-cima.com/resources/landing/system-and-organization-controls-soc-suite-of-services,partial,satisfies,content/cat-22-regulatory-compliance/UC-22.11.104.json
22.11.105,PCI-DSS 12.10 — Incident response: IR readiness — playbook exercise evidence,high,dora,Regulation (EU) 2022/2554,Art.24,https://eur-lex.europa.eu/eli/reg/2022/2554/oj,partial,satisfies,content/cat-22-regulatory-compliance/UC-22.11.105.json
22.11.105,PCI-DSS 12.10 — Incident response: IR readiness — playbook exercise evidence,high,iso-27001,2022,A.5.24,https://www.iso.org/standard/27001,partial,satisfies,content/cat-22-regulatory-compliance/UC-22.11.105.json
22.11.105,PCI-DSS 12.10 — Incident response: IR readiness — playbook exercise evidence,high,pci-dss,v4.0,12.10,https://listings.pcisecuritystandards.org/documents/PCI-DSS-v4_0.pdf,full,satisfies,content/cat-22-regulatory-compliance/UC-22.11.105.json
22.11.105,PCI-DSS 12.10 — Incident response: IR readiness — playbook exercise evidence,high,soc-2,2017 TSC,CC7.4,https://www.aicpa-cima.com/resources/landing/system-and-organization-controls-soc-suite-of-services,partial,satisfies,content/cat-22-regulatory-compliance/UC-22.11.105.json
22.11.106,PCI-DSS 12.3 — Targeted risk analysis: frequency adherence for per-requirement TRAs,medium,dora,Regulation (EU) 2022/2554,Art.6,https://eur-lex.europa.eu/eli/reg/2022/2554/oj,full,satisfies,content/cat-22-regulatory-compliance/UC-22.11.106.json
22.11.106,PCI-DSS 12.3 — Targeted risk analysis: frequency adherence for per-requirement TRAs,medium,iso-27001,2022,8.2,https://www.iso.org/standard/27001,partial,satisfies,content/cat-22-regulatory-compliance/UC-22.11.106.json
22.11.106,PCI-DSS 12.3 — Targeted risk analysis: frequency adherence for per-requirement TRAs,medium,pci-dss,v4.0,12.3,https://listings.pcisecuritystandards.org/documents/PCI-DSS-v4_0.pdf,full,satisfies,content/cat-22-regulatory-compliance/UC-22.11.106.json
22.11.107,PCI DSS v4.0 4.2.1 — Strong Wireless Authentication Mode Evidence (Cisco ISE),critical,pci-dss,v4.0,4.2.1,,partial,satisfies,content/cat-22-regulatory-compliance/UC-22.11.107.json
22.11.108,PCI DSS v4.0 1.4.5 — TrustSec Segmentation Enforcement Evidence,critical,pci-dss,v4.0,1.4.5,,partial,satisfies,content/cat-22-regulatory-compliance/UC-22.11.108.json
22.11.109,PCI DSS v4.0 8.3.10 — Certificate Revocation Checking Integrity Evidence,high,pci-dss,v4.0,8.3.10,,partial,satisfies,content/cat-22-regulatory-compliance/UC-22.11.109.json
22.11.11,System Component Inventory Reconciliation — New In-Scope Hosts,high,pci-dss,v4.0,2.1.2,,contributing,satisfies,content/cat-22-regulatory-compliance/UC-22.11.11.json
22.11.110,PCI DSS v4.0 1.4.5 — dACL Push Integrity for CDE Switch Ports,high,pci-dss,v4.0,1.4.5,,partial,satisfies,content/cat-22-regulatory-compliance/UC-22.11.110.json
22.11.12,Removal of Vendor Default SNMP and Community Strings,high,pci-dss,v4.0,2.2.4,,contributing,satisfies,content/cat-22-regulatory-compliance/UC-22.11.12.json
22.11.13,Security Parameter Drift on In-Scope Routers from Gold Config Hash,medium,pci-dss,v4.0,2.2.3,,contributing,satisfies,content/cat-22-regulatory-compliance/UC-22.11.13.json
22.11.14,Primary Account Number Pattern Discovery in Application Indexes,critical,pci-dss,v4.0,3.4.1,,contributing,satisfies,content/cat-22-regulatory-compliance/UC-22.11.14.json
22.11.15,Key Management Operations from HSM and KMS Audit Trails,critical,pci-dss,v4.0,3.6.1,,contributing,satisfies,content/cat-22-regulatory-compliance/UC-22.11.15.json
22.11.16,Data Retention Job Failures for Cardholder Data Stores,high,pci-dss,v4.0,3.3.1,,contributing,satisfies,content/cat-22-regulatory-compliance/UC-22.11.16.json
22.11.17,Cryptographic Erasure Verification After Decommission,high,pci-dss,v4.0,3.5.1,,contributing,satisfies,content/cat-22-regulatory-compliance/UC-22.11.17.json
22.11.18,PAN Masking Validation in Point-of-Sale and Web Receipt Logs,medium,pci-dss,v3.2.1,3.4,https://listings.pcisecuritystandards.org/documents/PCI_DSS_v3-2-1.pdf,full,satisfies,content/cat-22-regulatory-compliance/UC-22.11.18.json
22.11.18,PAN Masking Validation in Point-of-Sale and Web Receipt Logs,medium,pci-dss,v4.0,3.4.1,,contributing,satisfies,content/cat-22-regulatory-compliance/UC-22.11.18.json
22.11.19,Sensitive Authentication Data (SAD) in Auth Broker Logs,critical,pci-dss,v4.0,3.2.1,,contributing,satisfies,content/cat-22-regulatory-compliance/UC-22.11.19.json
22.11.2,NSC Configuration Change Correlation to Change Tickets,critical,pci-dss,v4.0,1.2.1,,contributing,satisfies,content/cat-22-regulatory-compliance/UC-22.11.2.json
22.11.20,Hash and Truncation Method Changes on Tokenization Database,high,pci-dss,v4.0,3.5.1,,contributing,satisfies,content/cat-22-regulatory-compliance/UC-22.11.20.json
22.11.21,Cryptographic Key Rotation and Custodian Acknowledgement Trail,high,pci-dss,v4.0,3.6.4,,contributing,satisfies,content/cat-22-regulatory-compliance/UC-22.11.21.json
22.11.22,TLS 1.2 Minimum Version Violations on Payment APIs,critical,pci-dss,v4.0,4.2.1,,contributing,satisfies,content/cat-22-regulatory-compliance/UC-22.11.22.json
22.11.23,Weak Cipher Suites Offered by Internal TLS Terminators,high,pci-dss,v4.0,4.2.1,,contributing,satisfies,content/cat-22-regulatory-compliance/UC-22.11.23.json
22.11.24,Certificate Expiry Risk for Public-Facing Payment Hostnames,high,pci-dss,v4.0,4.2.1.2,,contributing,satisfies,content/cat-22-regulatory-compliance/UC-22.11.24.json
22.11.25,Cleartext PAN Indicators in HTTP Headers or Query Strings,critical,pci-dss,v4.0,3.4.1,,contributing,satisfies,content/cat-22-regulatory-compliance/UC-22.11.25.json
22.11.26,Wireless Link Encryption Downgrade for Store WLAN Carrying Payment Terminals,medium,pci-dss,v4.0,2.2.4,,contributing,satisfies,content/cat-22-regulatory-compliance/UC-22.11.26.json
22.11.27,Anti-Malware Agent Coverage Gaps on CDE Windows Servers,critical,pci-dss,v4.0,5.3.1,,contributing,satisfies,content/cat-22-regulatory-compliance/UC-22.11.27.json
22.11.28,Malware Definition and Sensor Policy Update Lag,high,pci-dss,v4.0,5.3.2,,contributing,satisfies,content/cat-22-regulatory-compliance/UC-22.11.28.json
22.11.29,Scheduled Malware Scan or On-Demand Scan Failures,high,pci-dss,v4.0,5.3.2,,contributing,satisfies,content/cat-22-regulatory-compliance/UC-22.11.29.json
22.11.3,CDE Boundary Traffic — Unexpected Corporate-to-Payment Flows,critical,pci-dss,v4.0,1.3.1,,contributing,satisfies,content/cat-22-regulatory-compliance/UC-22.11.3.json
22.11.30,Malware Detection Volume Trend by Store and Server Tier,medium,pci-dss,v4.0,5.3.1,,contributing,satisfies,content/cat-22-regulatory-compliance/UC-22.11.30.json
22.11.31,Phishing Simulation Click-Through Rates for Users with CDE Access,medium,pci-dss,v4.0,12.6.1,,contributing,satisfies,content/cat-22-regulatory-compliance/UC-22.11.31.json
22.11.32,Anti-Malware Tamper and Bypass Attempt Telemetry,critical,pci-dss,v4.0,5.3.1,,contributing,satisfies,content/cat-22-regulatory-compliance/UC-22.11.32.json
22.11.33,Critical and High Vulnerabilities on Payment Application Servers,critical,pci-dss,v4.0,11.3.1,,contributing,satisfies,content/cat-22-regulatory-compliance/UC-22.11.33.json
22.11.34,Critical CVE Remediation SLA Breach Tracking,critical,pci-dss,v4.0,6.3.3,,contributing,satisfies,content/cat-22-regulatory-compliance/UC-22.11.34.json
22.11.35,Web Application Firewall Blocks and Anomalies on Checkout URIs,high,pci-dss,v4.0,6.4.2,,contributing,satisfies,content/cat-22-regulatory-compliance/UC-22.11.35.json
22.11.36,Pull-Request and Code Review Evidence for Payment Microservices,medium,pci-dss,v4.0,6.3.1,,contributing,satisfies,content/cat-22-regulatory-compliance/UC-22.11.36.json
22.11.37,Change Control Completeness for Production Payment Releases,high,pci-dss,v4.0,6.5.2,,contributing,satisfies,content/cat-22-regulatory-compliance/UC-22.11.37.json
22.11.38,DAST and SAST Finding Density Before Payment Service Releases,high,pci-dss,v4.0,6.3.2,,contributing,satisfies,content/cat-22-regulatory-compliance/UC-22.11.38.json
22.11.39,Public-Facing Payment Web Tier Patch and Library Drift,high,pci-dss,v4.0,6.2.4,,contributing,satisfies,content/cat-22-regulatory-compliance/UC-22.11.39.json
22.11.4,Denied Inbound Attempts to Payment Application Ports,high,pci-dss,v4.0,1.3.2,,contributing,satisfies,content/cat-22-regulatory-compliance/UC-22.11.4.json
22.11.40,Role-Based Group Membership Drift for Active Directory CDE OU,high,pci-dss,v4.0,7.2.2,,contributing,satisfies,content/cat-22-regulatory-compliance/UC-22.11.40.json
22.11.41,Excessive Database Grants on Schemas Storing Tokenized PAN,critical,pci-dss,v4.0,7.2.5,,contributing,satisfies,content/cat-22-regulatory-compliance/UC-22.11.41.json
22.11.42,Access Request and Approval Completeness for CDE VPN Accounts,high,pci-dss,v4.0,8.2.1,,contributing,satisfies,content/cat-22-regulatory-compliance/UC-22.11.42.json
22.11.43,Least-Privilege Validation — Interactive Logons to Database Tier from Workstations,high,pci-dss,v4.0,8.2.1,,contributing,satisfies,content/cat-22-regulatory-compliance/UC-22.11.43.json
22.11.44,Privilege Escalation Chains on CDE Windows Servers,critical,pci-dss,v4.0,10.2.2,,contributing,satisfies,content/cat-22-regulatory-compliance/UC-22.11.44.json
22.11.45,Shared and Break-Glass Account Usage on Payment Infrastructure,critical,pci-dss,v4.0,8.6.1,,contributing,satisfies,content/cat-22-regulatory-compliance/UC-22.11.45.json
22.11.46,Vendor Remote Access Sessions into CDE Jump Hosts,high,pci-dss,v4.0,12.8.1,,contributing,satisfies,content/cat-22-regulatory-compliance/UC-22.11.46.json
22.11.47,MFA Gap Detection for CDE Interactive and Remote Access,critical,pci-dss,v4.0,8.4.2,,contributing,satisfies,content/cat-22-regulatory-compliance/UC-22.11.47.json
22.11.48,Domain Password Policy Compliance via Resultant Set of Policy Events,medium,pci-dss,v3.2.1,8.2.3,https://listings.pcisecuritystandards.org/documents/PCI_DSS_v3-2-1.pdf,full,satisfies,content/cat-22-regulatory-compliance/UC-22.11.48.json
22.11.48,Domain Password Policy Compliance via Resultant Set of Policy Events,medium,pci-dss,v4.0,8.3.7,,contributing,satisfies,content/cat-22-regulatory-compliance/UC-22.11.48.json
22.11.49,Failed Authentication Burst Detection on Payment Gateway Accounts,high,pci-dss,v4.0,10.2.4,,contributing,satisfies,content/cat-22-regulatory-compliance/UC-22.11.49.json
22.11.5,DMZ Originated Sessions Hitting CDE Internal Segments,critical,pci-dss,v4.0,1.3.7,,contributing,satisfies,content/cat-22-regulatory-compliance/UC-22.11.5.json
22.11.50,Account Lifecycle — New AD Users with Immediate CDE Group Assignment,high,pci-dss,v4.0,8.2.4,,contributing,satisfies,content/cat-22-regulatory-compliance/UC-22.11.50.json
22.11.51,Inactive Human Accounts Still Entitled to CDE Groups,high,pci-dss,v4.0,8.2.6,,contributing,satisfies,content/cat-22-regulatory-compliance/UC-22.11.51.json
22.11.52,Generic Account Prohibition — `admin` / `root` Interactive Success on CDE,critical,pci-dss,v4.0,2.2.2,,contributing,satisfies,content/cat-22-regulatory-compliance/UC-22.11.52.json
22.11.53,Remote Access MFA Evidence Correlation — VPN Success Without Step-Up Token,critical,pci-dss,v4.0,8.5.1,,contributing,satisfies,content/cat-22-regulatory-compliance/UC-22.11.53.json
22.11.54,Service Account Inventory Reconciliation — Unexpected SPN or Delegation Changes,high,pci-dss,v4.0,8.6.1,,contributing,satisfies,content/cat-22-regulatory-compliance/UC-22.11.54.json
22.11.55,Session Timeout Enforcement on Payment Web Admin Consoles,medium,pci-dss,v4.0,8.2.8,,contributing,satisfies,content/cat-22-regulatory-compliance/UC-22.11.55.json
22.11.56,Physical Badge Access to Data Center Containing Cardholder Systems,high,pci-dss,v4.0,9.4.2,,contributing,satisfies,content/cat-22-regulatory-compliance/UC-22.11.56.json
22.11.57,Visitor Log Completeness for Data Center Escorted Access,medium,pci-dss,v4.0,9.4.4,,contributing,satisfies,content/cat-22-regulatory-compliance/UC-22.11.57.json
22.11.58,Secure Media Destruction Workflow Completion for Backup Tapes with CHD,high,pci-dss,v4.0,3.2.1,,contributing,satisfies,content/cat-22-regulatory-compliance/UC-22.11.58.json
22.11.59,POS Terminal Tamper and Intrusion Switch Alerts,critical,pci-dss,v4.0,9.3.2,,contributing,satisfies,content/cat-22-regulatory-compliance/UC-22.11.59.json
22.11.6,Wireless Client Pools Reaching CDE Hosts,high,pci-dss,v4.0,2.2.4,,contributing,satisfies,content/cat-22-regulatory-compliance/UC-22.11.6.json
22.11.60,Quarterly Physical Access List Review Exception Tracking,medium,pci-dss,v4.0,12.1.1,,contributing,satisfies,content/cat-22-regulatory-compliance/UC-22.11.60.json
22.11.61,Audit Log Source Completeness — Missing Windows Security Events per CDE Host,critical,pci-dss,v3.2.1,10.2,https://listings.pcisecuritystandards.org/documents/PCI_DSS_v3-2-1.pdf,full,satisfies,content/cat-22-regulatory-compliance/UC-22.11.61.json
22.11.61,Audit Log Source Completeness — Missing Windows Security Events per CDE Host,critical,pci-dss,v4.0,10.3.1,,contributing,satisfies,content/cat-22-regulatory-compliance/UC-22.11.61.json
22.11.62,Log Ingestion Pipeline Lag and Parser Error Rate for PCI Indexes,high,pci-dss,v4.0,10.5.1,,contributing,satisfies,content/cat-22-regulatory-compliance/UC-22.11.62.json
22.11.63,Daily Log Review Workflow — PCI Queue Ticket Closure SLA,high,pci-dss,v3.2.1,10.6,https://listings.pcisecuritystandards.org/documents/PCI_DSS_v3-2-1.pdf,full,satisfies,content/cat-22-regulatory-compliance/UC-22.11.63.json
22.11.63,Daily Log Review Workflow — PCI Queue Ticket Closure SLA,high,pci-dss,v4.0,10.4.1.1,,contributing,satisfies,content/cat-22-regulatory-compliance/UC-22.11.63.json
22.11.64,NTP Stratum and Sync Failure Events on Payment Switches and Firewalls,high,pci-dss,v4.0,10.6.1.2,,contributing,satisfies,content/cat-22-regulatory-compliance/UC-22.11.64.json
22.11.65,Splunk `_audit` Tamper Indicators — Saved Search Deletes and Role Changes,critical,pci-dss,v3.2.1,10.5,https://listings.pcisecuritystandards.org/documents/PCI_DSS_v3-2-1.pdf,full,detects-violation-of,content/cat-22-regulatory-compliance/UC-22.11.65.json
22.11.65,Splunk `_audit` Tamper Indicators — Saved Search Deletes and Role Changes,critical,pci-dss,v4.0,10.2.1.2,,contributing,satisfies,content/cat-22-regulatory-compliance/UC-22.11.65.json
22.11.66,Critical System Clock Skew Between Database and Application Tier,high,pci-dss,v4.0,10.6.1.3,,contributing,satisfies,content/cat-22-regulatory-compliance/UC-22.11.66.json
22.11.67,Comprehensive Audit Trail for Successful CDE Administrator Logons,high,pci-dss,v3.2.1,10.1,https://listings.pcisecuritystandards.org/documents/PCI_DSS_v3-2-1.pdf,full,satisfies,content/cat-22-regulatory-compliance/UC-22.11.67.json
22.11.67,Comprehensive Audit Trail for Successful CDE Administrator Logons,high,pci-dss,v4.0,10.2.2,,contributing,satisfies,content/cat-22-regulatory-compliance/UC-22.11.67.json
22.11.68,Log Retention Index Frozen Bucket Age Compliance,high,pci-dss,v4.0,10.5.1.2,,contributing,satisfies,content/cat-22-regulatory-compliance/UC-22.11.68.json
22.11.69,Automated Log Review — Correlation of Firewall Deny Bursts with IDS Signatures,high,pci-dss,v4.0,11.4.1,,contributing,satisfies,content/cat-22-regulatory-compliance/UC-22.11.69.json
22.11.7,Outbound Service Allow-List Violations from CDE Servers,medium,pci-dss,v4.0,1.2.6,,contributing,satisfies,content/cat-22-regulatory-compliance/UC-22.11.7.json
22.11.70,File Integrity Monitoring Alerts on Payment Web Roots,critical,pci-dss,v4.0,11.5.1,,contributing,satisfies,content/cat-22-regulatory-compliance/UC-22.11.70.json
22.11.71,Security Event Correlation — Payment API Errors with Concurrent Admin Logons,high,pci-dss,v4.0,10.2.2,,contributing,satisfies,content/cat-22-regulatory-compliance/UC-22.11.71.json
22.11.72,Log Source Coverage Gaps — Expected Sourcetypes with Zero Events,high,pci-dss,v4.0,12.10.1,,contributing,satisfies,content/cat-22-regulatory-compliance/UC-22.11.72.json
22.11.73,ASV External Scan Failure and Non-Compliant Finding Trend,critical,pci-dss,v4.0,11.3.2,,contributing,satisfies,content/cat-22-regulatory-compliance/UC-22.11.73.json
22.11.74,Internal Authenticated Vulnerability Scan Coverage by CDE Subnet,high,pci-dss,v4.0,11.3.1.3,,contributing,satisfies,content/cat-22-regulatory-compliance/UC-22.11.74.json
22.11.75,Unauthorized Wireless Access Point Detection by SSID and BSSID,high,pci-dss,v4.0,1.2.3,,contributing,satisfies,content/cat-22-regulatory-compliance/UC-22.11.75.json
22.11.76,Penetration Test Finding Severity and Re-test Status,critical,pci-dss,v4.0,11.4.5,,contributing,satisfies,content/cat-22-regulatory-compliance/UC-22.11.76.json
22.11.77,IDS and IPS Alert Volume Baseline and Spike Detection,high,pci-dss,v3.2.1,11.4,https://listings.pcisecuritystandards.org/documents/PCI_DSS_v3-2-1.pdf,full,satisfies,content/cat-22-regulatory-compliance/UC-22.11.77.json
22.11.77,IDS and IPS Alert Volume Baseline and Spike Detection,high,pci-dss,v4.0,11.4.4,,contributing,satisfies,content/cat-22-regulatory-compliance/UC-22.11.77.json
22.11.78,Segmentation Control Validation — Scanner IP Blocked at CDE Border as Expected,medium,pci-dss,v4.0,1.3.3,,contributing,satisfies,content/cat-22-regulatory-compliance/UC-22.11.78.json
22.11.79,Quarterly Internal Scan Remediation Aging Buckets,high,pci-dss,v4.0,6.3.1,,contributing,satisfies,content/cat-22-regulatory-compliance/UC-22.11.79.json
22.11.8,Default and Vendor Account Authentications on In-Scope Systems,critical,pci-dss,v4.0,2.2.2,,contributing,satisfies,content/cat-22-regulatory-compliance/UC-22.11.8.json
22.11.80,External Network Scan Job Failures and Timeout Trending,medium,pci-dss,v4.0,6.3.1,,contributing,satisfies,content/cat-22-regulatory-compliance/UC-22.11.80.json
22.11.81,Critical Payment Application Binary and Config File Integrity Alerts,critical,pci-dss,v4.0,11.5.1.1,,contributing,satisfies,content/cat-22-regulatory-compliance/UC-22.11.81.json
22.11.82,Network Topology Drift — New L3 Adjacency or BGP Peer on CDE Perimeter,high,pci-dss,v4.0,1.2.1,,contributing,satisfies,content/cat-22-regulatory-compliance/UC-22.11.82.json
22.11.83,Security Awareness Training Completion for Personnel with CDE Access,medium,pci-dss,v4.0,12.6.3,,contributing,satisfies,content/cat-22-regulatory-compliance/UC-22.11.83.json
22.11.84,Incident Response Plan Tabletop and Live Test Execution Logging,high,pci-dss,v4.0,12.10.2,,contributing,satisfies,content/cat-22-regulatory-compliance/UC-22.11.84.json
22.11.85,Formal Risk Assessment Evidence and Residual Risk Score Trend,high,pci-dss,v4.0,12.3.2,,contributing,satisfies,content/cat-22-regulatory-compliance/UC-22.11.85.json
22.11.86,Third-Party Service Provider Compliance Scorecard Ingest,high,pci-dss,v4.0,12.8.2,,contributing,satisfies,content/cat-22-regulatory-compliance/UC-22.11.86.json
22.11.87,Acceptable Use Policy Annual Attestation Completion,medium,pci-dss,v4.0,12.6.1,,contributing,satisfies,content/cat-22-regulatory-compliance/UC-22.11.87.json
22.11.88,Security Roles and Responsibilities Assignment Completeness,medium,pci-dss,v4.0,12.5.1,,contributing,satisfies,content/cat-22-regulatory-compliance/UC-22.11.88.json
22.11.89,Technology Acceptable Use — USB Mass Storage on CDE Workstations,high,pci-dss,v4.0,2.2.4,,contributing,satisfies,content/cat-22-regulatory-compliance/UC-22.11.89.json
22.11.9,Configuration Drift vs CIS Hardening Benchmark on Windows CDE Members,high,pci-dss,v4.0,2.2.3,,contributing,satisfies,content/cat-22-regulatory-compliance/UC-22.11.9.json
22.11.90,Annual Information Security Policy Review and Approval Workflow,medium,pci-dss,v4.0,12.1.2,,contributing,satisfies,content/cat-22-regulatory-compliance/UC-22.11.90.json
22.11.91,PCI-DSS 1.3 — CDE network boundary: unauthorised flows between CDE and untrusted networks,critical,iso-27001,2022,A.8.22,https://www.iso.org/standard/27001,partial,satisfies,content/cat-22-regulatory-compliance/UC-22.11.91.json
22.11.91,PCI-DSS 1.3 — CDE network boundary: unauthorised flows between CDE and untrusted networks,critical,pci-dss,v4.0,1.3,https://listings.pcisecuritystandards.org/documents/PCI-DSS-v4_0.pdf,full,satisfies,content/cat-22-regulatory-compliance/UC-22.11.91.json
22.11.91,PCI-DSS 1.3 — CDE network boundary: unauthorised flows between CDE and untrusted networks,critical,soc-2,2017 TSC,CC6.6,https://www.aicpa-cima.com/resources/landing/system-and-organization-controls-soc-suite-of-services,partial,satisfies,content/cat-22-regulatory-compliance/UC-22.11.91.json
22.11.92,PCI-DSS 2.2 — Secure configuration baseline: drift from approved hardening template,high,iso-27001,2022,A.8.9,https://www.iso.org/standard/27001,full,satisfies,content/cat-22-regulatory-compliance/UC-22.11.92.json
22.11.92,PCI-DSS 2.2 — Secure configuration baseline: drift from approved hardening template,high,nist-800-53,Rev. 5,CM-6,https://doi.org/10.6028/NIST.SP.800-53r5,full,satisfies,content/cat-22-regulatory-compliance/UC-22.11.92.json
22.11.92,PCI-DSS 2.2 — Secure configuration baseline: drift from approved hardening template,high,pci-dss,v4.0,2.2,https://listings.pcisecuritystandards.org/documents/PCI-DSS-v4_0.pdf,full,satisfies,content/cat-22-regulatory-compliance/UC-22.11.92.json
22.11.92,PCI-DSS 2.2 — Secure configuration baseline: drift from approved hardening template,high,soc-2,2017 TSC,CC8.1,https://www.aicpa-cima.com/resources/landing/system-and-organization-controls-soc-suite-of-services,partial,satisfies,content/cat-22-regulatory-compliance/UC-22.11.92.json
22.11.93,PCI-DSS 3.3 — Sensitive authentication data: cleartext PAN/CVV detection in logs,critical,iso-27001,2022,A.8.12,https://www.iso.org/standard/27001,full,satisfies,content/cat-22-regulatory-compliance/UC-22.11.93.json
22.11.93,PCI-DSS 3.3 — Sensitive authentication data: cleartext PAN/CVV detection in logs,critical,pci-dss,v4.0,3.3,https://listings.pcisecuritystandards.org/documents/PCI-DSS-v4_0.pdf,full,satisfies,content/cat-22-regulatory-compliance/UC-22.11.93.json
22.11.93,PCI-DSS 3.3 — Sensitive authentication data: cleartext PAN/CVV detection in logs,critical,soc-2,2017 TSC,C1.1,https://www.aicpa-cima.com/resources/landing/system-and-organization-controls-soc-suite-of-services,partial,satisfies,content/cat-22-regulatory-compliance/UC-22.11.93.json
22.11.94,PCI-DSS 5.2 — Anti-malware: EDR coverage + detection-queue attestation,high,iso-27001,2022,A.8.7,https://www.iso.org/standard/27001,full,satisfies,content/cat-22-regulatory-compliance/UC-22.11.94.json
22.11.94,PCI-DSS 5.2 — Anti-malware: EDR coverage + detection-queue attestation,high,nist-800-53,Rev. 5,SI-3,https://doi.org/10.6028/NIST.SP.800-53r5,full,satisfies,content/cat-22-regulatory-compliance/UC-22.11.94.json
22.11.94,PCI-DSS 5.2 — Anti-malware: EDR coverage + detection-queue attestation,high,pci-dss,v4.0,5.2,https://listings.pcisecuritystandards.org/documents/PCI-DSS-v4_0.pdf,full,satisfies,content/cat-22-regulatory-compliance/UC-22.11.94.json
22.11.95,PCI-DSS 6.2 — Bespoke-software SDLC: code-review + SAST completion before CDE deploy,high,iso-27001,2022,A.8.25,https://www.iso.org/standard/27001,full,satisfies,content/cat-22-regulatory-compliance/UC-22.11.95.json
22.11.95,PCI-DSS 6.2 — Bespoke-software SDLC: code-review + SAST completion before CDE deploy,high,pci-dss,v4.0,6.2,https://listings.pcisecuritystandards.org/documents/PCI-DSS-v4_0.pdf,full,satisfies,content/cat-22-regulatory-compliance/UC-22.11.95.json
22.11.95,PCI-DSS 6.2 — Bespoke-software SDLC: code-review + SAST completion before CDE deploy,high,soc-2,2017 TSC,CC8.1,https://www.aicpa-cima.com/resources/landing/system-and-organization-controls-soc-suite-of-services,partial,satisfies,content/cat-22-regulatory-compliance/UC-22.11.95.json
22.11.95,PCI-DSS 6.2 — Bespoke-software SDLC: code-review + SAST completion before CDE deploy,high,sox-itgc,PCAOB AS 2201,ITGC.ChangeMgmt.Testing,https://pcaobus.org/oversight/standards/auditing-standards/details/AS2201,partial,satisfies,content/cat-22-regulatory-compliance/UC-22.11.95.json
22.11.96,PCI-DSS 8.3 — Strong authentication: password-only logins against privileged accounts,critical,iso-27001,2022,A.8.5,https://www.iso.org/standard/27001,full,satisfies,content/cat-22-regulatory-compliance/UC-22.11.96.json
22.11.96,PCI-DSS 8.3 — Strong authentication: password-only logins against privileged accounts,critical,nist-800-53,Rev. 5,IA-2,https://doi.org/10.6028/NIST.SP.800-53r5,full,satisfies,content/cat-22-regulatory-compliance/UC-22.11.96.json
22.11.96,PCI-DSS 8.3 — Strong authentication: password-only logins against privileged accounts,critical,pci-dss,v4.0,8.3,https://listings.pcisecuritystandards.org/documents/PCI-DSS-v4_0.pdf,full,satisfies,content/cat-22-regulatory-compliance/UC-22.11.96.json
22.11.96,PCI-DSS 8.3 — Strong authentication: password-only logins against privileged accounts,critical,soc-2,2017 TSC,CC6.1,https://www.aicpa-cima.com/resources/landing/system-and-organization-controls-soc-suite-of-services,partial,satisfies,content/cat-22-regulatory-compliance/UC-22.11.96.json
22.11.97,PCI-DSS 8.4 — MFA coverage: administrative access to CDE without MFA,critical,dora,Regulation (EU) 2022/2554,Art.9,https://eur-lex.europa.eu/eli/reg/2022/2554/oj,full,satisfies,content/cat-22-regulatory-compliance/UC-22.11.97.json
22.11.97,PCI-DSS 8.4 — MFA coverage: administrative access to CDE without MFA,critical,iso-27001,2022,A.8.5,https://www.iso.org/standard/27001,full,satisfies,content/cat-22-regulatory-compliance/UC-22.11.97.json
22.11.97,PCI-DSS 8.4 — MFA coverage: administrative access to CDE without MFA,critical,nist-800-53,Rev. 5,IA-2(1),https://doi.org/10.6028/NIST.SP.800-53r5,full,satisfies,content/cat-22-regulatory-compliance/UC-22.11.97.json
22.11.97,PCI-DSS 8.4 — MFA coverage: administrative access to CDE without MFA,critical,pci-dss,v4.0,8.4,https://listings.pcisecuritystandards.org/documents/PCI-DSS-v4_0.pdf,full,satisfies,content/cat-22-regulatory-compliance/UC-22.11.97.json
22.11.98,PCI-DSS 8.6 — Application and system accounts: interactive use of a service account,high,iso-27001,2022,A.5.16,https://www.iso.org/standard/27001,full,satisfies,content/cat-22-regulatory-compliance/UC-22.11.98.json
22.11.98,PCI-DSS 8.6 — Application and system accounts: interactive use of a service account,high,nist-800-53,Rev. 5,IA-2,https://doi.org/10.6028/NIST.SP.800-53r5,full,satisfies,content/cat-22-regulatory-compliance/UC-22.11.98.json
22.11.98,PCI-DSS 8.6 — Application and system accounts: interactive use of a service account,high,pci-dss,v4.0,8.6,https://listings.pcisecuritystandards.org/documents/PCI-DSS-v4_0.pdf,full,satisfies,content/cat-22-regulatory-compliance/UC-22.11.98.json
22.11.99,PCI-DSS 10.3 — Audit log integrity: tampering/deletion detection on CDE log source,critical,iso-27001,2022,A.8.15,https://www.iso.org/standard/27001,full,satisfies,content/cat-22-regulatory-compliance/UC-22.11.99.json
22.11.99,PCI-DSS 10.3 — Audit log integrity: tampering/deletion detection on CDE log source,critical,pci-dss,v4.0,10.3,https://listings.pcisecuritystandards.org/documents/PCI-DSS-v4_0.pdf,full,satisfies,content/cat-22-regulatory-compliance/UC-22.11.99.json
22.11.99,PCI-DSS 10.3 — Audit log integrity: tampering/deletion detection on CDE log source,critical,soc-2,2017 TSC,CC7.2,https://www.aicpa-cima.com/resources/landing/system-and-organization-controls-soc-suite-of-services,partial,satisfies,content/cat-22-regulatory-compliance/UC-22.11.99.json
22.11.99,PCI-DSS 10.3 — Audit log integrity: tampering/deletion detection on CDE log source,critical,sox-itgc,PCAOB AS 2201,ITGC.Logging.Integrity,https://pcaobus.org/oversight/standards/auditing-standards/details/AS2201,full,satisfies,content/cat-22-regulatory-compliance/UC-22.11.99.json
22.12.1,User provisioning evidence tied to financial application accounts,high,sox-itgc,PCAOB AS 2201,ITGC.AccessMgmt.Provisioning,,contributing,satisfies,content/cat-22-regulatory-compliance/UC-22.12.1.json
22.12.10,Change approval workflow evidence for financially material CIs,medium,sox-itgc,PCAOB AS 2201,ITGC.ChangeMgmt.Approval,,contributing,satisfies,content/cat-22-regulatory-compliance/UC-22.12.10.json
22.12.11,CAB evidence and high-risk change documentation gaps,low,sox-itgc,PCAOB AS 2201,ITGC.ChangeMgmt.Approval,,contributing,satisfies,content/cat-22-regulatory-compliance/UC-22.12.11.json
22.12.12,Production change volume during financial close windows,critical,sox-itgc,PCAOB AS 2201,ITGC.ChangeMgmt.Testing,,contributing,satisfies,content/cat-22-regulatory-compliance/UC-22.12.12.json
22.12.13,Failed change rollback and backout evidence tracking,high,sox-itgc,PCAOB AS 2201,ITGC.ChangeMgmt.Testing,,contributing,satisfies,content/cat-22-regulatory-compliance/UC-22.12.13.json
22.12.14,Changes executed outside approved maintenance windows,medium,sox-itgc,PCAOB AS 2201,ITGC.ChangeMgmt.Testing,,contributing,satisfies,content/cat-22-regulatory-compliance/UC-22.12.14.json
22.12.15,Financial close batch job failures and runtime SLA breaches,low,sox-itgc,PCAOB AS 2201,ITGC.ChangeMgmt.Testing,,contributing,satisfies,content/cat-22-regulatory-compliance/UC-22.12.15.json
22.12.16,General ledger database backup success within policy windows,critical,sox-itgc,PCAOB AS 2201,ITGC.ChangeMgmt.Testing,,contributing,satisfies,content/cat-22-regulatory-compliance/UC-22.12.16.json
22.12.17,Unauthorized batch schedule or dependency modifications,high,sox-itgc,PCAOB AS 2201,ITGC.ChangeMgmt.Testing,,contributing,satisfies,content/cat-22-regulatory-compliance/UC-22.12.17.json
22.12.18,ITSI service health for financial reporting dependency chain,medium,sox-itgc,PCAOB AS 2201,ITGC.ChangeMgmt.Testing,,contributing,satisfies,content/cat-22-regulatory-compliance/UC-22.12.18.json
22.12.19,Close-processing cluster CPU saturation during peak windows,low,sox-itgc,PCAOB AS 2201,ITGC.ChangeMgmt.Testing,,contributing,satisfies,content/cat-22-regulatory-compliance/UC-22.12.19.json
22.12.2,Privileged access review completion and aging for financial systems,medium,sox-itgc,PCAOB AS 2201,ITGC.AccessMgmt.Privileged,,contributing,satisfies,content/cat-22-regulatory-compliance/UC-22.12.2.json
22.12.20,Disaster recovery test execution and evidence correlation,critical,sox-itgc,PCAOB AS 2201,ITGC.ChangeMgmt.Testing,,contributing,satisfies,content/cat-22-regulatory-compliance/UC-22.12.20.json
22.12.21,Priority incident aging for finance-critical configuration items,high,sox-itgc,PCAOB AS 2201,ITGC.ChangeMgmt.Testing,,contributing,satisfies,content/cat-22-regulatory-compliance/UC-22.12.21.json
22.12.22,Financial close checklist task completion by owner,medium,sox-itgc,PCAOB AS 2201,ITGC.ChangeMgmt.Testing,,contributing,satisfies,content/cat-22-regulatory-compliance/UC-22.12.22.json
22.12.23,After-hours and high-value journal entry concentration,low,sox-itgc,PCAOB AS 2201,ITGC.ChangeMgmt.Testing,,contributing,satisfies,content/cat-22-regulatory-compliance/UC-22.12.23.json
22.12.24,Sequential ERP document number gap detection,critical,sox-itgc,PCAOB AS 2201,ITGC.ChangeMgmt.Testing,,contributing,satisfies,content/cat-22-regulatory-compliance/UC-22.12.24.json
22.12.25,Duplicate disbursement pattern detection in AP subledger,high,sox-itgc,PCAOB AS 2201,ITGC.ChangeMgmt.Testing,,contributing,satisfies,content/cat-22-regulatory-compliance/UC-22.12.25.json
22.12.26,Sensitive management financial report access and export,medium,sox-itgc,PCAOB AS 2201,ITGC.AccessMgmt.Review,,contributing,satisfies,content/cat-22-regulatory-compliance/UC-22.12.26.json
22.12.27,Subledger-to-general-ledger reconciliation variance monitoring,low,sox-itgc,PCAOB AS 2201,ITGC.ChangeMgmt.Testing,,contributing,satisfies,content/cat-22-regulatory-compliance/UC-22.12.27.json
22.12.28,Quarterly privileged ERP role population for sign-off,critical,sox-itgc,PCAOB AS 2201,ITGC.AccessMgmt.Privileged,,contributing,satisfies,content/cat-22-regulatory-compliance/UC-22.12.28.json
22.12.29,IT control testing sample evidence retrieval by control ID,high,sox-itgc,PCAOB AS 2201,ITGC.ChangeMgmt.Testing,,contributing,satisfies,content/cat-22-regulatory-compliance/UC-22.12.29.json
22.12.3,Segregation of duties conflicts across SAP / Oracle financial roles,low,sox-itgc,PCAOB AS 2201,ITGC.AccessMgmt.SOD,,contributing,satisfies,content/cat-22-regulatory-compliance/UC-22.12.3.json
22.12.30,Open IT control exception aging and escalation tiers,medium,sox-itgc,PCAOB AS 2201,ITGC.ChangeMgmt.Testing,,contributing,satisfies,content/cat-22-regulatory-compliance/UC-22.12.30.json
22.12.31,Audit finding remediation milestone and due-date risk,low,sox-itgc,PCAOB AS 2201,ITGC.ChangeMgmt.Testing,,contributing,satisfies,content/cat-22-regulatory-compliance/UC-22.12.31.json
22.12.32,External audit IT finding closure and retest documentation,critical,sox-itgc,PCAOB AS 2201,ITGC.ChangeMgmt.Testing,,contributing,satisfies,content/cat-22-regulatory-compliance/UC-22.12.32.json
22.12.33,IT control self-assessment questionnaire completion rates,high,sox-itgc,PCAOB AS 2201,ITGC.ChangeMgmt.Testing,,contributing,satisfies,content/cat-22-regulatory-compliance/UC-22.12.33.json
22.12.34,IT risk register residual score movement for financial reporting risks,medium,sox-itgc,PCAOB AS 2201,ITGC.ChangeMgmt.Testing,,contributing,satisfies,content/cat-22-regulatory-compliance/UC-22.12.34.json
22.12.35,Monthly ITGC KPI pack for management review evidence,low,sox-itgc,PCAOB AS 2201,ITGC.ChangeMgmt.Testing,,contributing,satisfies,content/cat-22-regulatory-compliance/UC-22.12.35.json
22.12.36,SOX-ITGC AccessMgmt.Provisioning — Financial-system user provisioning SLA & workflow adherence,high,iso-27001,2022,A.5.18,https://www.iso.org/standard/27001,full,satisfies,content/cat-22-regulatory-compliance/UC-22.12.36.json
22.12.36,SOX-ITGC AccessMgmt.Provisioning — Financial-system user provisioning SLA & workflow adherence,high,pci-dss,v4.0,8.2.4,https://listings.pcisecuritystandards.org/documents/PCI-DSS-v4_0.pdf,partial,satisfies,content/cat-22-regulatory-compliance/UC-22.12.36.json
22.12.36,SOX-ITGC AccessMgmt.Provisioning — Financial-system user provisioning SLA & workflow adherence,high,soc-2,2017 TSC,CC6.2,https://www.aicpa-cima.com/resources/landing/system-and-organization-controls-soc-suite-of-services,partial,satisfies,content/cat-22-regulatory-compliance/UC-22.12.36.json
22.12.36,SOX-ITGC AccessMgmt.Provisioning — Financial-system user provisioning SLA & workflow adherence,high,sox-itgc,PCAOB AS 2201,ITGC.AccessMgmt.Provisioning,https://pcaobus.org/oversight/standards/auditing-standards/details/AS2201,full,satisfies,content/cat-22-regulatory-compliance/UC-22.12.36.json
22.12.37,SOX-ITGC AccessMgmt.Termination — Deprovisioning SLA after HR termination event,critical,iso-27001,2022,A.5.18,https://www.iso.org/standard/27001,full,satisfies,content/cat-22-regulatory-compliance/UC-22.12.37.json
22.12.37,SOX-ITGC AccessMgmt.Termination — Deprovisioning SLA after HR termination event,critical,pci-dss,v4.0,8.2.5,https://listings.pcisecuritystandards.org/documents/PCI-DSS-v4_0.pdf,partial,satisfies,content/cat-22-regulatory-compliance/UC-22.12.37.json
22.12.37,SOX-ITGC AccessMgmt.Termination — Deprovisioning SLA after HR termination event,critical,soc-2,2017 TSC,CC6.3,https://www.aicpa-cima.com/resources/landing/system-and-organization-controls-soc-suite-of-services,full,satisfies,content/cat-22-regulatory-compliance/UC-22.12.37.json
22.12.37,SOX-ITGC AccessMgmt.Termination — Deprovisioning SLA after HR termination event,critical,sox-itgc,PCAOB AS 2201,ITGC.AccessMgmt.Termination,https://pcaobus.org/oversight/standards/auditing-standards/details/AS2201,full,satisfies,content/cat-22-regulatory-compliance/UC-22.12.37.json
22.12.38,SOX-ITGC ChangeMgmt.Testing — Financial-system change test-evidence completeness,high,iso-27001,2022,A.8.32,https://www.iso.org/standard/27001,full,satisfies,content/cat-22-regulatory-compliance/UC-22.12.38.json
22.12.38,SOX-ITGC ChangeMgmt.Testing — Financial-system change test-evidence completeness,high,pci-dss,v4.0,6.4.6,https://listings.pcisecuritystandards.org/documents/PCI-DSS-v4_0.pdf,partial,satisfies,content/cat-22-regulatory-compliance/UC-22.12.38.json
22.12.38,SOX-ITGC ChangeMgmt.Testing — Financial-system change test-evidence completeness,high,soc-2,2017 TSC,CC8.1,https://www.aicpa-cima.com/resources/landing/system-and-organization-controls-soc-suite-of-services,full,satisfies,content/cat-22-regulatory-compliance/UC-22.12.38.json
22.12.38,SOX-ITGC ChangeMgmt.Testing — Financial-system change test-evidence completeness,high,sox-itgc,PCAOB AS 2201,ITGC.ChangeMgmt.Testing,https://pcaobus.org/oversight/standards/auditing-standards/details/AS2201,full,satisfies,content/cat-22-regulatory-compliance/UC-22.12.38.json
22.12.39,SOX-ITGC ChangeMgmt.Approval — Segregation of duties in financial-system change approval,critical,iso-27001,2022,A.5.3,https://www.iso.org/standard/27001,partial,satisfies,content/cat-22-regulatory-compliance/UC-22.12.39.json
22.12.39,SOX-ITGC ChangeMgmt.Approval — Segregation of duties in financial-system change approval,critical,pci-dss,v4.0,6.4.4,https://listings.pcisecuritystandards.org/documents/PCI-DSS-v4_0.pdf,partial,satisfies,content/cat-22-regulatory-compliance/UC-22.12.39.json
22.12.39,SOX-ITGC ChangeMgmt.Approval — Segregation of duties in financial-system change approval,critical,soc-2,2017 TSC,CC8.1,https://www.aicpa-cima.com/resources/landing/system-and-organization-controls-soc-suite-of-services,full,satisfies,content/cat-22-regulatory-compliance/UC-22.12.39.json
22.12.39,SOX-ITGC ChangeMgmt.Approval — Segregation of duties in financial-system change approval,critical,sox-itgc,PCAOB AS 2201,ITGC.ChangeMgmt.Approval,https://pcaobus.org/oversight/standards/auditing-standards/details/AS2201,full,satisfies,content/cat-22-regulatory-compliance/UC-22.12.39.json
22.12.4,Administrator and break-glass usage on production financial hosts,critical,sox-itgc,PCAOB AS 2201,ITGC.ChangeMgmt.Testing,,contributing,satisfies,content/cat-22-regulatory-compliance/UC-22.12.4.json
22.12.40,SOX-ITGC Operations.JobSchedule — Batch-schedule monitoring: financial-job exception visibility,medium,iso-27001,2022,A.8.30,https://www.iso.org/standard/27001,partial,satisfies,content/cat-22-regulatory-compliance/UC-22.12.40.json
22.12.40,SOX-ITGC Operations.JobSchedule — Batch-schedule monitoring: financial-job exception visibility,medium,soc-2,2017 TSC,CC7.1,https://www.aicpa-cima.com/resources/landing/system-and-organization-controls-soc-suite-of-services,partial,satisfies,content/cat-22-regulatory-compliance/UC-22.12.40.json
22.12.40,SOX-ITGC Operations.JobSchedule — Batch-schedule monitoring: financial-job exception visibility,medium,sox-itgc,PCAOB AS 2201,ITGC.Operations.JobSchedule,https://pcaobus.org/oversight/standards/auditing-standards/details/AS2201,full,satisfies,content/cat-22-regulatory-compliance/UC-22.12.40.json
22.12.41,SOX / ITGC — Cisco ISE Admin Role Change Evidence (Logical Access),critical,sox-itgc,PCAOB AS 2201,ITGC.AccessMgmt.Provisioning,,partial,satisfies,content/cat-22-regulatory-compliance/UC-22.12.41.json
22.12.42,SOX / ITGC — TACACS+ Privileged-Command Audit on Network Devices,critical,sox-itgc,PCAOB AS 2201,ITGC.AccessMgmt.Provisioning,,partial,satisfies,content/cat-22-regulatory-compliance/UC-22.12.42.json
22.12.43,SOX / ITGC — Cisco ISE Data Connect Direct DB Access Audit,high,sox-itgc,PCAOB AS 2201,ITGC.AccessMgmt.Provisioning,,partial,satisfies,content/cat-22-regulatory-compliance/UC-22.12.43.json
22.12.5,Terminated-user authentication after HR termination date,high,sox-itgc,PCAOB AS 2201,ITGC.AccessMgmt.Termination,,contributing,satisfies,content/cat-22-regulatory-compliance/UC-22.12.5.json
22.12.6,Periodic access certification exceptions for in-scope applications,medium,sox-itgc,PCAOB AS 2201,ITGC.ChangeMgmt.Testing,,contributing,satisfies,content/cat-22-regulatory-compliance/UC-22.12.6.json
22.12.7,Orphaned and dormant accounts with recent interactive activity,low,sox-itgc,PCAOB AS 2201,ITGC.ChangeMgmt.Testing,,contributing,satisfies,content/cat-22-regulatory-compliance/UC-22.12.7.json
22.12.8,Emergency change retrospective documentation completeness,critical,sox-itgc,PCAOB AS 2201,ITGC.ChangeMgmt.Testing,,contributing,satisfies,content/cat-22-regulatory-compliance/UC-22.12.8.json
22.12.9,Production configuration drift without matching approved change,high,sox-itgc,PCAOB AS 2201,ITGC.ChangeMgmt.Testing,,contributing,satisfies,content/cat-22-regulatory-compliance/UC-22.12.9.json
22.14.1,Centralized Audit Event Logging Policy Coverage,critical,nist-800-53,Rev. 5,AU-2,,contributing,satisfies,content/cat-22-regulatory-compliance/UC-22.14.1.json
22.14.10,Audit Record Retention Compliance vs Policy,high,nist-800-53,Rev. 5,AU-11,,contributing,satisfies,content/cat-22-regulatory-compliance/UC-22.14.10.json
22.14.11,Audit Generation Coverage for Critical Network Controls,critical,nist-800-53,Rev. 5,AU-12,,contributing,satisfies,content/cat-22-regulatory-compliance/UC-22.14.11.json
22.14.12,Monitoring for Information Disclosure via DLP and Web Exfil Patterns,high,nist-800-53,Rev. 5,AU-13,,contributing,satisfies,content/cat-22-regulatory-compliance/UC-22.14.12.json
22.14.13,Session Audit for Privileged Interactive Access,high,nist-800-53,Rev. 5,AU-14,,contributing,satisfies,content/cat-22-regulatory-compliance/UC-22.14.13.json
22.14.14,Alternate Audit Capability During Control Outages,high,nist-800-53,Rev. 5,AU-15,,contributing,satisfies,content/cat-22-regulatory-compliance/UC-22.14.14.json
22.14.15,Cross-Organizational Audit Forwarding Health to SIEM,high,nist-800-53,Rev. 5,AU-16,,contributing,satisfies,content/cat-22-regulatory-compliance/UC-22.14.15.json
22.14.16,Account Management — Orphan and Stale Privileged Accounts,critical,nist-800-53,Rev. 5,AC-2,,contributing,satisfies,content/cat-22-regulatory-compliance/UC-22.14.16.json
22.14.17,Access Enforcement — Unauthorized Access Attempts to Sensitive Shares,critical,nist-800-53,Rev. 5,AC-3,,contributing,satisfies,content/cat-22-regulatory-compliance/UC-22.14.17.json
22.14.18,Separation of Duties Violations in Change Tickets,high,nist-800-53,Rev. 5,AC-5,,contributing,satisfies,content/cat-22-regulatory-compliance/UC-22.14.18.json
22.14.19,Least Privilege — Excessive Cloud IAM Permissions,critical,nist-800-53,Rev. 5,AC-6,,contributing,satisfies,content/cat-22-regulatory-compliance/UC-22.14.19.json
22.14.2,Audit Record Content Completeness for Privileged Actions,critical,nist-800-53,Rev. 5,AU-3,,contributing,satisfies,content/cat-22-regulatory-compliance/UC-22.14.2.json
22.14.20,Unsuccessful Logon Attempts and Account Lockout Patterns,high,nist-800-53,Rev. 5,AC-7,,contributing,satisfies,content/cat-22-regulatory-compliance/UC-22.14.20.json
22.14.21,System Use Notification Banner Acceptance in SSH Sessions,high,nist-800-53,Rev. 5,AC-8,,contributing,satisfies,content/cat-22-regulatory-compliance/UC-22.14.21.json
22.14.22,Session Lock Events for Workstation Inactivity Policy,high,nist-800-53,Rev. 5,AC-11,,contributing,satisfies,content/cat-22-regulatory-compliance/UC-22.14.22.json
22.14.23,Session Termination on Logoff and VPN Disconnect,high,nist-800-53,Rev. 5,AC-12,,contributing,satisfies,content/cat-22-regulatory-compliance/UC-22.14.23.json
22.14.24,Remote Access Anomalies — Geo-Velocity and Off-Hours VPN,critical,nist-800-53,Rev. 5,AC-17,,contributing,satisfies,content/cat-22-regulatory-compliance/UC-22.14.24.json
22.14.25,Use of External Systems — Unmanaged SaaS OAuth Grants,high,nist-800-53,Rev. 5,AC-20,,contributing,satisfies,content/cat-22-regulatory-compliance/UC-22.14.25.json
22.14.26,Multifactor Authentication Gaps for Interactive Sign-Ins,critical,nist-800-53,Rev. 5,IA-2,,contributing,satisfies,content/cat-22-regulatory-compliance/UC-22.14.26.json
22.14.27,Device Identification for Corporate-Managed Endpoints,high,nist-800-53,Rev. 5,IA-3,,contributing,satisfies,content/cat-22-regulatory-compliance/UC-22.14.27.json
22.14.28,Identifier Management — Non-Human Service Account Sprawl,high,nist-800-53,Rev. 5,IA-4,,contributing,satisfies,content/cat-22-regulatory-compliance/UC-22.14.28.json
22.14.29,Authenticator Management — Password Age and Rotation Anomalies,high,nist-800-53,Rev. 5,IA-5,,contributing,satisfies,content/cat-22-regulatory-compliance/UC-22.14.29.json
22.14.3,Audit Storage Capacity and Index Growth Guardrails,high,nist-800-53,Rev. 5,AU-4,,contributing,satisfies,content/cat-22-regulatory-compliance/UC-22.14.3.json
22.14.30,Authentication Feedback — Credential Stuffing via Login Failures,medium,nist-800-53,Rev. 5,IA-6,,contributing,satisfies,content/cat-22-regulatory-compliance/UC-22.14.30.json
22.14.31,Identification of Non-Organization Users in Collaboration Tools,high,nist-800-53,Rev. 5,IA-8,,contributing,satisfies,content/cat-22-regulatory-compliance/UC-22.14.31.json
22.14.32,Re-Authentication for Sensitive Application Roles,high,nist-800-53,Rev. 5,IA-11,,contributing,satisfies,content/cat-22-regulatory-compliance/UC-22.14.32.json
22.14.33,Identity Proofing Evidence for HR Onboarding Events,high,nist-800-53,Rev. 5,IA-12,,contributing,satisfies,content/cat-22-regulatory-compliance/UC-22.14.33.json
22.14.34,Flaw Remediation SLA Tracking from Vulnerability Scans,critical,nist-800-53,Rev. 5,SI-2,,contributing,satisfies,content/cat-22-regulatory-compliance/UC-22.14.34.json
22.14.35,Malicious Code Protection — EDR / AV Detections Volume and Gaps,critical,nist-800-53,Rev. 5,SI-3,,contributing,satisfies,content/cat-22-regulatory-compliance/UC-22.14.35.json
22.14.36,System Monitoring — Host Instrumentation Coverage vs Inventory,critical,nist-800-53,Rev. 5,SI-4,,contributing,satisfies,content/cat-22-regulatory-compliance/UC-22.14.36.json
22.14.37,Security Alerts Ingestion Health from Vendor Feeds,high,nist-800-53,Rev. 5,SI-5,,contributing,satisfies,content/cat-22-regulatory-compliance/UC-22.14.37.json
22.14.38,Security Function Verification — Forwarder Config Change Auditing,high,nist-800-53,Rev. 5,SI-6,,contributing,satisfies,content/cat-22-regulatory-compliance/UC-22.14.38.json
22.14.39,Software and Firmware Integrity — Unexpected Driver Loads,critical,nist-800-53,Rev. 5,SI-7,,contributing,satisfies,content/cat-22-regulatory-compliance/UC-22.14.39.json
22.14.4,Response to Audit Logging Failures and Forwarder Gaps,critical,nist-800-53,Rev. 5,AU-5,,contributing,satisfies,content/cat-22-regulatory-compliance/UC-22.14.4.json
22.14.40,Information Input Validation — Web Parameter Anomalies,high,nist-800-53,Rev. 5,SI-10,,contributing,satisfies,content/cat-22-regulatory-compliance/UC-22.14.40.json
22.14.41,Error Handling — Application Stack Traces Exposing Internals,medium,nist-800-53,Rev. 5,SI-11,,contributing,satisfies,content/cat-22-regulatory-compliance/UC-22.14.41.json
22.14.42,Information Management — Sensitive Fields in Unapproved Indexes,high,nist-800-53,Rev. 5,SI-12,,contributing,satisfies,content/cat-22-regulatory-compliance/UC-22.14.42.json
22.14.43,Memory Protection Signals — Exploitation Primitives in EDR Telemetry,critical,nist-800-53,Rev. 5,SI-16,,contributing,satisfies,content/cat-22-regulatory-compliance/UC-22.14.43.json
22.14.44,Incident Response Training Completion Tracking,medium,nist-800-53,Rev. 5,IR-2,,contributing,satisfies,content/cat-22-regulatory-compliance/UC-22.14.44.json
22.14.45,Incident Handling Stage Timestamps from Case Management,critical,nist-800-53,Rev. 5,IR-4,,contributing,satisfies,content/cat-22-regulatory-compliance/UC-22.14.45.json
22.14.46,Incident Monitoring — SOC Queue Depth and Severity Mix,high,nist-800-53,Rev. 5,IR-5,,contributing,satisfies,content/cat-22-regulatory-compliance/UC-22.14.46.json
22.14.47,Incident Reporting to Authorities — Regulatory Timer Watch,critical,nist-800-53,Rev. 5,IR-6,,contributing,satisfies,content/cat-22-regulatory-compliance/UC-22.14.47.json
22.14.48,Incident Response Assistance — External IR Firm Access Auditing,high,nist-800-53,Rev. 5,IR-7,,contributing,satisfies,content/cat-22-regulatory-compliance/UC-22.14.48.json
22.14.49,Incident Response Plan Test Evidence from Scheduled Tabletop Tags,medium,nist-800-53,Rev. 5,IR-8,,contributing,satisfies,content/cat-22-regulatory-compliance/UC-22.14.49.json
22.14.5,"Audit Review, Analysis, and Reporting for Privileged Users",critical,nist-800-53,Rev. 5,AU-6,,contributing,satisfies,content/cat-22-regulatory-compliance/UC-22.14.5.json
22.14.50,Information Spillage — DLP High-Severity Exfil Indicators,critical,nist-800-53,Rev. 5,IR-9,,contributing,satisfies,content/cat-22-regulatory-compliance/UC-22.14.50.json
22.14.51,Integrated Information Security Analysis Team Handoffs,high,nist-800-53,Rev. 5,IR-10,,contributing,satisfies,content/cat-22-regulatory-compliance/UC-22.14.51.json
22.14.52,Baseline Configuration Drift vs Gold Build,high,nist-800-53,Rev. 5,CM-2,,contributing,satisfies,content/cat-22-regulatory-compliance/UC-22.14.52.json
22.14.53,Configuration Change Control — Unauthorized Firewall Rule Adds,critical,nist-800-53,Rev. 5,CM-3,,contributing,satisfies,content/cat-22-regulatory-compliance/UC-22.14.53.json
22.14.54,Security Impact Analysis Signals for Emergency Changes,high,nist-800-53,Rev. 5,CM-4,,contributing,satisfies,content/cat-22-regulatory-compliance/UC-22.14.54.json
22.14.55,Access Restrictions for Change — Privileged Route Changes,high,nist-800-53,Rev. 5,CM-5,,contributing,satisfies,content/cat-22-regulatory-compliance/UC-22.14.55.json
22.14.56,Configuration Settings Compliance — CIS Benchmark Control Checks,high,nist-800-53,Rev. 5,CM-6,,contributing,satisfies,content/cat-22-regulatory-compliance/UC-22.14.56.json
22.14.57,Least Functionality — Unexpected Listening Ports,high,nist-800-53,Rev. 5,CM-7,,contributing,satisfies,content/cat-22-regulatory-compliance/UC-22.14.57.json
22.14.58,System Component Inventory vs Observed Network Assets,high,nist-800-53,Rev. 5,CM-8,,contributing,satisfies,content/cat-22-regulatory-compliance/UC-22.14.58.json
22.14.59,User-Installed Software Detections on Corporate Images,medium,nist-800-53,Rev. 5,CM-11,,contributing,satisfies,content/cat-22-regulatory-compliance/UC-22.14.59.json
22.14.6,Audit Reduction and Report Generation Integrity,high,nist-800-53,Rev. 5,AU-7,,contributing,satisfies,content/cat-22-regulatory-compliance/UC-22.14.6.json
22.14.60,Control Assessment Findings Ingest and Aging,high,nist-800-53,Rev. 5,CA-2,,contributing,satisfies,content/cat-22-regulatory-compliance/UC-22.14.60.json
22.14.61,Information Exchange Agreements — Data Share Volume Anomalies,high,nist-800-53,Rev. 5,CA-3,,contributing,satisfies,content/cat-22-regulatory-compliance/UC-22.14.61.json
22.14.62,Plan of Action and Milestones Open Items Past Due,high,nist-800-53,Rev. 5,CA-5,,contributing,satisfies,content/cat-22-regulatory-compliance/UC-22.14.62.json
22.14.63,Continuous Monitoring Control Health Scores,critical,nist-800-53,Rev. 5,CA-7,,contributing,satisfies,content/cat-22-regulatory-compliance/UC-22.14.63.json
22.14.64,Penetration Test Windows and Detected Activities,high,nist-800-53,Rev. 5,CA-8,,contributing,satisfies,content/cat-22-regulatory-compliance/UC-22.14.64.json
22.14.65,Internal System Connections — East-West New Service Relationships,high,nist-800-53,Rev. 5,CA-9,,contributing,satisfies,content/cat-22-regulatory-compliance/UC-22.14.65.json
22.14.66,Residual Information in Shared Cloud Object Stores,high,nist-800-53,Rev. 5,SC-4,,contributing,satisfies,content/cat-22-regulatory-compliance/UC-22.14.66.json
22.14.67,Boundary Protection — Firewall Deny Burst to Sensitive Segments,critical,nist-800-53,Rev. 5,SC-7,,contributing,satisfies,content/cat-22-regulatory-compliance/UC-22.14.67.json
22.14.68,Transmission Confidentiality and Integrity — TLS Policy Downgrades,critical,nist-800-53,Rev. 5,SC-8,,contributing,satisfies,content/cat-22-regulatory-compliance/UC-22.14.68.json
22.14.69,Network Disconnect for Inactive Sessions on Admin Services,high,nist-800-53,Rev. 5,SC-10,,contributing,satisfies,content/cat-22-regulatory-compliance/UC-22.14.69.json
22.14.7,Time Synchronization and Clock Skew for Audit Timestamps,high,nist-800-53,Rev. 5,AU-8,,contributing,satisfies,content/cat-22-regulatory-compliance/UC-22.14.7.json
22.14.70,Cryptographic Key Management Events from Cloud KMS,critical,nist-800-53,Rev. 5,SC-12,,contributing,satisfies,content/cat-22-regulatory-compliance/UC-22.14.70.json
22.14.71,Cryptographic Protection — BitLocker or Disk Encryption Status Drops,high,nist-800-53,Rev. 5,SC-13,,contributing,satisfies,content/cat-22-regulatory-compliance/UC-22.14.71.json
22.14.72,Session Authenticity — Token Replay Across Geographies,critical,nist-800-53,Rev. 5,SC-23,,contributing,satisfies,content/cat-22-regulatory-compliance/UC-22.14.72.json
22.14.73,Protection of Information at Rest — Storage Encryption Misconfigurations,critical,nist-800-53,Rev. 5,SC-28,,contributing,satisfies,content/cat-22-regulatory-compliance/UC-22.14.73.json
22.14.74,Risk Assessment Inputs — Control Deficiency Hotspots,high,nist-800-53,Rev. 5,RA-3,,contributing,satisfies,content/cat-22-regulatory-compliance/UC-22.14.74.json
22.14.75,Vulnerability Monitoring — Exploitable in the Wild Prioritization,critical,nist-800-53,Rev. 5,RA-5,,contributing,satisfies,content/cat-22-regulatory-compliance/UC-22.14.75.json
22.14.76,Risk Response Effectiveness After Control Changes,medium,nist-800-53,Rev. 5,RA-7,,contributing,satisfies,content/cat-22-regulatory-compliance/UC-22.14.76.json
22.14.77,Threat Hunting Outcomes Logged for Repeatable Hunts,high,nist-800-53,Rev. 5,RA-10,,contributing,satisfies,content/cat-22-regulatory-compliance/UC-22.14.77.json
22.14.78,Contingency Plan Tabletop and Activation Logging,medium,nist-800-53,Rev. 5,CP-2,,contributing,satisfies,content/cat-22-regulatory-compliance/UC-22.14.78.json
22.14.79,System Backup Success and RPO Violations,critical,nist-800-53,Rev. 5,CP-9,,contributing,satisfies,content/cat-22-regulatory-compliance/UC-22.14.79.json
22.14.8,Protection of Audit Information — Tamper Detection on Audit Indexes,critical,nist-800-53,Rev. 5,AU-9,,contributing,satisfies,content/cat-22-regulatory-compliance/UC-22.14.8.json
22.14.80,System Recovery Time Objective Tracking from DR Drills,critical,nist-800-53,Rev. 5,CP-10,,contributing,satisfies,content/cat-22-regulatory-compliance/UC-22.14.80.json
22.14.81,NIST 800-53 IA-2(1) — TEAP Joint User+Machine Authentication Evidence,high,nist-800-53,Rev. 5,IA-2(1),,partial,satisfies,content/cat-22-regulatory-compliance/UC-22.14.81.json
22.14.82,"Enterprise Audit Review, Analysis & Reporting",critical,nist-800-53,Rev. 5,AU-6,https://csrc.nist.gov/pubs/sp/800/53/r5/upd1/final,full,satisfies,content/cat-22-regulatory-compliance/UC-22.14.82.json
22.14.82,"Enterprise Audit Review, Analysis & Reporting",critical,nist-csf,2.0,DE.CM-03,https://www.nist.gov/cyberframework,full,satisfies,content/cat-22-regulatory-compliance/UC-22.14.82.json
22.14.82,"Enterprise Audit Review, Analysis & Reporting",critical,sox-itgc,PCAOB AS 2201,ITGC.Logging.Review,https://pcaobus.org/oversight/standards/auditing-standards/details/AS2201,full,satisfies,content/cat-22-regulatory-compliance/UC-22.14.82.json
22.14.9,Non-Repudiation Evidence for Sensitive Transactions,high,nist-800-53,Rev. 5,AU-10,,contributing,satisfies,content/cat-22-regulatory-compliance/UC-22.14.9.json
22.2.1,NIS2 Art.23(4)(a) — 24-Hour Early-Warning Notification Readiness,critical,nis2,Directive (EU) 2022/2555,Art.23,https://eur-lex.europa.eu/eli/dir/2022/2555/oj,contributing,satisfies,content/cat-22-regulatory-compliance/UC-22.2.1.json
22.2.1,NIS2 Art.23(4)(a) — 24-Hour Early-Warning Notification Readiness,critical,nis2,Directive (EU) 2022/2555,Art.23(4)(a),https://eur-lex.europa.eu/eli/dir/2022/2555/oj,partial,satisfies,content/cat-22-regulatory-compliance/UC-22.2.1.json
22.2.10,NIS2 Cyber Hygiene and Training Compliance,medium,nis2,Directive (EU) 2022/2555,Art.21(2)(g),https://eur-lex.europa.eu/eli/dir/2022/2555/oj,partial,satisfies,content/cat-22-regulatory-compliance/UC-22.2.10.json
22.2.11,NIS2 Cryptography and Encryption Policy Monitoring,high,nis2,Directive (EU) 2022/2555,Art.21(2)(h),https://eur-lex.europa.eu/eli/dir/2022/2555/oj,partial,satisfies,content/cat-22-regulatory-compliance/UC-22.2.11.json
22.2.12,NIS2 Multi-Factor Authentication and Secure Communications,critical,nis2,Directive (EU) 2022/2555,Art.21(2)(j),https://eur-lex.europa.eu/eli/dir/2022/2555/oj,contributing,satisfies,content/cat-22-regulatory-compliance/UC-22.2.12.json
22.2.13,NIS2 Asset Management and Configuration Baseline,high,nis2,Directive (EU) 2022/2555,Art.21(2)(i),https://eur-lex.europa.eu/eli/dir/2022/2555/oj,partial,satisfies,content/cat-22-regulatory-compliance/UC-22.2.13.json
22.2.14,NIS2 Human Resources Security — Joiner/Mover/Leaver Process,high,nis2,Directive (EU) 2022/2555,Art.21(2)(i),https://eur-lex.europa.eu/eli/dir/2022/2555/oj,partial,satisfies,content/cat-22-regulatory-compliance/UC-22.2.14.json
22.2.15,NIS2 Secure System Acquisition and Development Lifecycle,high,nis2,Directive (EU) 2022/2555,Art.21(2)(e),https://eur-lex.europa.eu/eli/dir/2022/2555/oj,partial,satisfies,content/cat-22-regulatory-compliance/UC-22.2.15.json
22.2.16,NIS2 Supply Chain Third-Party Risk Continuous Monitoring,high,nis2,Directive (EU) 2022/2555,Art.21(2)(d),https://eur-lex.europa.eu/eli/dir/2022/2555/oj,partial,satisfies,content/cat-22-regulatory-compliance/UC-22.2.16.json
22.2.17,NIS2 Backup Management and Disaster Recovery Verification,critical,nis2,Directive (EU) 2022/2555,Art.21(2)(c),https://eur-lex.europa.eu/eli/dir/2022/2555/oj,partial,satisfies,content/cat-22-regulatory-compliance/UC-22.2.17.json
22.2.18,NIS2 Network Security Monitoring and Anomaly Detection,critical,nis2,Directive (EU) 2022/2555,Art.21(2)(a),https://eur-lex.europa.eu/eli/dir/2022/2555/oj,partial,satisfies,content/cat-22-regulatory-compliance/UC-22.2.18.json
22.2.19,NIS2 Art.23(3) — Cross-Border Incident Impact Assessment Completeness,high,nis2,Directive (EU) 2022/2555,Art.23(3),https://eur-lex.europa.eu/eli/dir/2022/2555/oj,partial,satisfies,content/cat-22-regulatory-compliance/UC-22.2.19.json
22.2.2,NIS2 Supply Chain Security Monitoring,high,nis2,Directive (EU) 2022/2555,Art.21(2)(d),https://eur-lex.europa.eu/eli/dir/2022/2555/oj,partial,satisfies,content/cat-22-regulatory-compliance/UC-22.2.2.json
22.2.20,NIS2 Management Body Accountability and Governance Evidence,high,nis2,Directive (EU) 2022/2555,Art.20,https://eur-lex.europa.eu/eli/dir/2022/2555/oj,partial,satisfies,content/cat-22-regulatory-compliance/UC-22.2.20.json
22.2.21,NIS2 Risk Analysis Evidence for Essential Entities,critical,nis2,Directive (EU) 2022/2555,Art.21(2),https://eur-lex.europa.eu/eli/dir/2022/2555/oj,contributing,satisfies,content/cat-22-regulatory-compliance/UC-22.2.21.json
22.2.22,NIS2 Risk Analysis Evidence for Important Entities,high,nis2,Directive (EU) 2022/2555,Art.21(2),https://eur-lex.europa.eu/eli/dir/2022/2555/oj,contributing,satisfies,content/cat-22-regulatory-compliance/UC-22.2.22.json
22.2.23,NIS2 Art.21(2)(b) — Incident Handling Playbook Adherence,high,nis2,Directive (EU) 2022/2555,Art.21(2)(b),https://eur-lex.europa.eu/eli/dir/2022/2555/oj,partial,satisfies,content/cat-22-regulatory-compliance/UC-22.2.23.json
22.2.24,NIS2 Business Continuity and ICT Continuity Evidence,critical,nis2,Directive (EU) 2022/2555,Art.21(2)(c),https://eur-lex.europa.eu/eli/dir/2022/2555/oj,partial,satisfies,content/cat-22-regulatory-compliance/UC-22.2.24.json
22.2.25,NIS2 Supply Chain Security Assessment Coverage,high,nis2,Directive (EU) 2022/2555,Art.21(2)(d),https://eur-lex.europa.eu/eli/dir/2022/2555/oj,partial,satisfies,content/cat-22-regulatory-compliance/UC-22.2.25.json
22.2.26,NIS2 Network Security Monitoring Coverage by Segment,critical,nis2,Directive (EU) 2022/2555,Art.21(2)(a),https://eur-lex.europa.eu/eli/dir/2022/2555/oj,partial,satisfies,content/cat-22-regulatory-compliance/UC-22.2.26.json
22.2.27,NIS2 Vulnerability Disclosure Policy Operational Signals,high,nis2,Directive (EU) 2022/2555,Art.21(2)(e),https://eur-lex.europa.eu/eli/dir/2022/2555/oj,partial,satisfies,content/cat-22-regulatory-compliance/UC-22.2.27.json
22.2.28,NIS2 Cyber Hygiene Practices — Baseline Control Compliance,high,nis2,Directive (EU) 2022/2555,Art.21(2)(g),https://eur-lex.europa.eu/eli/dir/2022/2555/oj,partial,satisfies,content/cat-22-regulatory-compliance/UC-22.2.28.json
22.2.29,NIS2 Cryptography Policy Compliance — TLS and Certificate Posture,high,nis2,Directive (EU) 2022/2555,Art.21(2)(h),https://eur-lex.europa.eu/eli/dir/2022/2555/oj,partial,satisfies,content/cat-22-regulatory-compliance/UC-22.2.29.json
22.2.3,NIS2 Vulnerability Disclosure and Patch Management Tracking,critical,nis2,Directive (EU) 2022/2555,Art.21(2)(e),https://eur-lex.europa.eu/eli/dir/2022/2555/oj,partial,satisfies,content/cat-22-regulatory-compliance/UC-22.2.3.json
22.2.30,NIS2 Human Resources Security Measures Evidence,high,nis2,Directive (EU) 2022/2555,Art.21(2)(i),https://eur-lex.europa.eu/eli/dir/2022/2555/oj,partial,satisfies,content/cat-22-regulatory-compliance/UC-22.2.30.json
22.2.31,NIS2 Entity Classification Validation (Essential vs Important),high,nis2,Directive (EU) 2022/2555,Art.2(1),https://eur-lex.europa.eu/eli/dir/2022/2555/oj,contributing,satisfies,content/cat-22-regulatory-compliance/UC-22.2.31.json
22.2.32,NIS2 Proportional Security Measure Verification by Tier,high,nis2,Directive (EU) 2022/2555,Art.21(2),https://eur-lex.europa.eu/eli/dir/2022/2555/oj,contributing,satisfies,content/cat-22-regulatory-compliance/UC-22.2.32.json
22.2.33,NIS2 Art.23 — Reporting Timeline Compliance Roll-Up (24h / 72h / 1-Month),critical,nis2,Directive (EU) 2022/2555,Art.23,https://eur-lex.europa.eu/eli/dir/2022/2555/oj,partial,satisfies,content/cat-22-regulatory-compliance/UC-22.2.33.json
22.2.34,NIS2 Art.23(3) — Cross-Border Coordination Task Tracking,high,nis2,Directive (EU) 2022/2555,Art.23(3),https://eur-lex.europa.eu/eli/dir/2022/2555/oj,partial,satisfies,content/cat-22-regulatory-compliance/UC-22.2.34.json
22.2.35,NIS2 Supervisory Compliance Evidence Pack Readiness,high,nis2,Directive (EU) 2022/2555,Art.32,https://eur-lex.europa.eu/eli/dir/2022/2555/oj,contributing,satisfies,content/cat-22-regulatory-compliance/UC-22.2.35.json
22.2.35,NIS2 Supervisory Compliance Evidence Pack Readiness,high,nis2,Directive (EU) 2022/2555,Art.33,https://eur-lex.europa.eu/eli/dir/2022/2555/oj,contributing,satisfies,content/cat-22-regulatory-compliance/UC-22.2.35.json
22.2.36,NIS2 OT Network Segmentation Validation,critical,nis2,Directive (EU) 2022/2555,Art.21(2)(a),https://eur-lex.europa.eu/eli/dir/2022/2555/oj,partial,satisfies,content/cat-22-regulatory-compliance/UC-22.2.36.json
22.2.37,NIS2 SCADA System Access Monitoring,critical,nis2,Directive (EU) 2022/2555,Art.21(2)(a),https://eur-lex.europa.eu/eli/dir/2022/2555/oj,partial,satisfies,content/cat-22-regulatory-compliance/UC-22.2.37.json
22.2.38,NIS2 Industrial Control System Patching and Change Evidence,high,nis2,Directive (EU) 2022/2555,Art.21(2)(e),https://eur-lex.europa.eu/eli/dir/2022/2555/oj,partial,satisfies,content/cat-22-regulatory-compliance/UC-22.2.38.json
22.2.39,NIS2 OT Incident Detection — Process and Protocol Anomalies,critical,nis2,Directive (EU) 2022/2555,Art.21(2)(f),https://eur-lex.europa.eu/eli/dir/2022/2555/oj,partial,satisfies,content/cat-22-regulatory-compliance/UC-22.2.39.json
22.2.4,NIS2 Business Continuity and Crisis Management Monitoring,critical,nis2,Directive (EU) 2022/2555,Art.21(2)(c),https://eur-lex.europa.eu/eli/dir/2022/2555/oj,partial,satisfies,content/cat-22-regulatory-compliance/UC-22.2.4.json
22.2.40,NIS2 Safety System Integrity Monitoring (SIL / SIS Interlocks),critical,nis2,Directive (EU) 2022/2555,Art.21(2)(c),https://eur-lex.europa.eu/eli/dir/2022/2555/oj,partial,satisfies,content/cat-22-regulatory-compliance/UC-22.2.40.json
22.2.41,NIS2 Management Body Cybersecurity Training Evidence,high,nis2,Directive (EU) 2022/2555,Art.20,https://eur-lex.europa.eu/eli/dir/2022/2555/oj,partial,satisfies,content/cat-22-regulatory-compliance/UC-22.2.41.json
22.2.42,NIS2 Board-Level Cyber Risk Reporting Distribution Audit,high,nis2,Directive (EU) 2022/2555,Art.20,https://eur-lex.europa.eu/eli/dir/2022/2555/oj,partial,satisfies,content/cat-22-regulatory-compliance/UC-22.2.42.json
22.2.43,NIS2 Annual Security Assessment Completion Tracking,high,nis2,Directive (EU) 2022/2555,Art.21(2)(f),https://eur-lex.europa.eu/eli/dir/2022/2555/oj,partial,satisfies,content/cat-22-regulatory-compliance/UC-22.2.43.json
22.2.44,NIS2 Cooperation Group and Sector Information Sharing Participation,high,nis2,Directive (EU) 2022/2555,Art.14,https://eur-lex.europa.eu/eli/dir/2022/2555/oj,contributing,satisfies,content/cat-22-regulatory-compliance/UC-22.2.44.json
22.2.45,NIS2 Art.23 — CSIRT Notification Channel Health and Delivery Confirmation,high,nis2,Directive (EU) 2022/2555,Art.23,https://eur-lex.europa.eu/eli/dir/2022/2555/oj,contributing,satisfies,content/cat-22-regulatory-compliance/UC-22.2.45.json
22.2.46,NIS2 Art.21(2)(j) — Secure emergency communication channel verification,high,nis2,Directive (EU) 2022/2555,Art.21(2)(j),https://eur-lex.europa.eu/eli/dir/2022/2555/oj,partial,satisfies,content/cat-22-regulatory-compliance/UC-22.2.46.json
22.2.47,"NIS2 Art.2/3/26/27 — Entity scope, registry and jurisdiction evidence",critical,nis2,Directive (EU) 2022/2555,Annex I,https://eur-lex.europa.eu/eli/dir/2022/2555/oj,partial,satisfies,content/cat-22-regulatory-compliance/UC-22.2.47.json
22.2.47,"NIS2 Art.2/3/26/27 — Entity scope, registry and jurisdiction evidence",critical,nis2,Directive (EU) 2022/2555,Annex II,https://eur-lex.europa.eu/eli/dir/2022/2555/oj,partial,satisfies,content/cat-22-regulatory-compliance/UC-22.2.47.json
22.2.47,"NIS2 Art.2/3/26/27 — Entity scope, registry and jurisdiction evidence",critical,nis2,Directive (EU) 2022/2555,Art.2,https://eur-lex.europa.eu/eli/dir/2022/2555/oj,partial,satisfies,content/cat-22-regulatory-compliance/UC-22.2.47.json
22.2.47,"NIS2 Art.2/3/26/27 — Entity scope, registry and jurisdiction evidence",critical,nis2,Directive (EU) 2022/2555,Art.26,https://eur-lex.europa.eu/eli/dir/2022/2555/oj,partial,satisfies,content/cat-22-regulatory-compliance/UC-22.2.47.json
22.2.47,"NIS2 Art.2/3/26/27 — Entity scope, registry and jurisdiction evidence",critical,nis2,Directive (EU) 2022/2555,Art.27,https://eur-lex.europa.eu/eli/dir/2022/2555/oj,partial,satisfies,content/cat-22-regulatory-compliance/UC-22.2.47.json
22.2.47,"NIS2 Art.2/3/26/27 — Entity scope, registry and jurisdiction evidence",critical,nis2,Directive (EU) 2022/2555,Art.3,https://eur-lex.europa.eu/eli/dir/2022/2555/oj,partial,satisfies,content/cat-22-regulatory-compliance/UC-22.2.47.json
22.2.48,"NIS2 Art.20/21 governance — Board approval, management training and risk acceptance evidence",critical,nis2,Directive (EU) 2022/2555,Art.20,https://eur-lex.europa.eu/eli/dir/2022/2555/oj,partial,satisfies,content/cat-22-regulatory-compliance/UC-22.2.48.json
22.2.48,"NIS2 Art.20/21 governance — Board approval, management training and risk acceptance evidence",critical,nis2,Directive (EU) 2022/2555,Art.20(1),https://eur-lex.europa.eu/eli/dir/2022/2555/oj,partial,satisfies,content/cat-22-regulatory-compliance/UC-22.2.48.json
22.2.48,"NIS2 Art.20/21 governance — Board approval, management training and risk acceptance evidence",critical,nis2,Directive (EU) 2022/2555,Art.20(2),https://eur-lex.europa.eu/eli/dir/2022/2555/oj,partial,satisfies,content/cat-22-regulatory-compliance/UC-22.2.48.json
22.2.48,"NIS2 Art.20/21 governance — Board approval, management training and risk acceptance evidence",critical,nis2,Directive (EU) 2022/2555,Art.21(1),https://eur-lex.europa.eu/eli/dir/2022/2555/oj,partial,satisfies,content/cat-22-regulatory-compliance/UC-22.2.48.json
22.2.48,"NIS2 Art.20/21 governance — Board approval, management training and risk acceptance evidence",critical,nis2,Directive (EU) 2022/2555,Art.21(4),https://eur-lex.europa.eu/eli/dir/2022/2555/oj,partial,satisfies,content/cat-22-regulatory-compliance/UC-22.2.48.json
22.2.49,NIS2 Art.23 — Significant Incident Reporting Package Completeness and Timeline Control,critical,nis2,Directive (EU) 2022/2555,Art.23,https://eur-lex.europa.eu/eli/dir/2022/2555/oj,partial,satisfies,content/cat-22-regulatory-compliance/UC-22.2.49.json
22.2.49,NIS2 Art.23 — Significant Incident Reporting Package Completeness and Timeline Control,critical,nis2,Directive (EU) 2022/2555,Art.23(1),https://eur-lex.europa.eu/eli/dir/2022/2555/oj,partial,satisfies,content/cat-22-regulatory-compliance/UC-22.2.49.json
22.2.49,NIS2 Art.23 — Significant Incident Reporting Package Completeness and Timeline Control,critical,nis2,Directive (EU) 2022/2555,Art.23(10),https://eur-lex.europa.eu/eli/dir/2022/2555/oj,contributing,satisfies,content/cat-22-regulatory-compliance/UC-22.2.49.json
22.2.49,NIS2 Art.23 — Significant Incident Reporting Package Completeness and Timeline Control,critical,nis2,Directive (EU) 2022/2555,Art.23(11),https://eur-lex.europa.eu/eli/dir/2022/2555/oj,contributing,satisfies,content/cat-22-regulatory-compliance/UC-22.2.49.json
22.2.49,NIS2 Art.23 — Significant Incident Reporting Package Completeness and Timeline Control,critical,nis2,Directive (EU) 2022/2555,Art.23(2),https://eur-lex.europa.eu/eli/dir/2022/2555/oj,partial,satisfies,content/cat-22-regulatory-compliance/UC-22.2.49.json
22.2.49,NIS2 Art.23 — Significant Incident Reporting Package Completeness and Timeline Control,critical,nis2,Directive (EU) 2022/2555,Art.23(3)(a),https://eur-lex.europa.eu/eli/dir/2022/2555/oj,partial,satisfies,content/cat-22-regulatory-compliance/UC-22.2.49.json
22.2.49,NIS2 Art.23 — Significant Incident Reporting Package Completeness and Timeline Control,critical,nis2,Directive (EU) 2022/2555,Art.23(3)(b),https://eur-lex.europa.eu/eli/dir/2022/2555/oj,partial,satisfies,content/cat-22-regulatory-compliance/UC-22.2.49.json
22.2.49,NIS2 Art.23 — Significant Incident Reporting Package Completeness and Timeline Control,critical,nis2,Directive (EU) 2022/2555,Art.23(4)(a),https://eur-lex.europa.eu/eli/dir/2022/2555/oj,partial,satisfies,content/cat-22-regulatory-compliance/UC-22.2.49.json
22.2.49,NIS2 Art.23 — Significant Incident Reporting Package Completeness and Timeline Control,critical,nis2,Directive (EU) 2022/2555,Art.23(4)(b),https://eur-lex.europa.eu/eli/dir/2022/2555/oj,partial,satisfies,content/cat-22-regulatory-compliance/UC-22.2.49.json
22.2.49,NIS2 Art.23 — Significant Incident Reporting Package Completeness and Timeline Control,critical,nis2,Directive (EU) 2022/2555,Art.23(4)(c),https://eur-lex.europa.eu/eli/dir/2022/2555/oj,partial,satisfies,content/cat-22-regulatory-compliance/UC-22.2.49.json
22.2.49,NIS2 Art.23 — Significant Incident Reporting Package Completeness and Timeline Control,critical,nis2,Directive (EU) 2022/2555,Art.23(4)(d),https://eur-lex.europa.eu/eli/dir/2022/2555/oj,partial,satisfies,content/cat-22-regulatory-compliance/UC-22.2.49.json
22.2.49,NIS2 Art.23 — Significant Incident Reporting Package Completeness and Timeline Control,critical,nis2,Directive (EU) 2022/2555,Art.23(4)(e),https://eur-lex.europa.eu/eli/dir/2022/2555/oj,partial,satisfies,content/cat-22-regulatory-compliance/UC-22.2.49.json
22.2.49,NIS2 Art.23 — Significant Incident Reporting Package Completeness and Timeline Control,critical,nis2,Directive (EU) 2022/2555,Art.23(5),https://eur-lex.europa.eu/eli/dir/2022/2555/oj,contributing,satisfies,content/cat-22-regulatory-compliance/UC-22.2.49.json
22.2.49,NIS2 Art.23 — Significant Incident Reporting Package Completeness and Timeline Control,critical,nis2,Directive (EU) 2022/2555,Art.23(6),https://eur-lex.europa.eu/eli/dir/2022/2555/oj,contributing,satisfies,content/cat-22-regulatory-compliance/UC-22.2.49.json
22.2.49,NIS2 Art.23 — Significant Incident Reporting Package Completeness and Timeline Control,critical,nis2,Directive (EU) 2022/2555,Art.23(7),https://eur-lex.europa.eu/eli/dir/2022/2555/oj,contributing,satisfies,content/cat-22-regulatory-compliance/UC-22.2.49.json
22.2.5,NIS2 Network and Information Systems Access Control Audit,critical,nis2,Directive (EU) 2022/2555,Art.21(2)(i),https://eur-lex.europa.eu/eli/dir/2022/2555/oj,partial,satisfies,content/cat-22-regulatory-compliance/UC-22.2.5.json
22.2.50,"NIS2 Art.21/22 — Critical supplier risk, SBOM exposure and vendor access monitoring",critical,nis2,Directive (EU) 2022/2555,Art.21(2)(d),https://eur-lex.europa.eu/eli/dir/2022/2555/oj,partial,satisfies,content/cat-22-regulatory-compliance/UC-22.2.50.json
22.2.50,"NIS2 Art.21/22 — Critical supplier risk, SBOM exposure and vendor access monitoring",critical,nis2,Directive (EU) 2022/2555,Art.21(3),https://eur-lex.europa.eu/eli/dir/2022/2555/oj,partial,satisfies,content/cat-22-regulatory-compliance/UC-22.2.50.json
22.2.50,"NIS2 Art.21/22 — Critical supplier risk, SBOM exposure and vendor access monitoring",critical,nis2,Directive (EU) 2022/2555,Art.22,https://eur-lex.europa.eu/eli/dir/2022/2555/oj,partial,satisfies,content/cat-22-regulatory-compliance/UC-22.2.50.json
22.2.51,NIS2 Art.12/21 secure development and vulnerability disclosure evidence,high,nis2,Directive (EU) 2022/2555,Art.12,https://eur-lex.europa.eu/eli/dir/2022/2555/oj,partial,satisfies,content/cat-22-regulatory-compliance/UC-22.2.51.json
22.2.51,NIS2 Art.12/21 secure development and vulnerability disclosure evidence,high,nis2,Directive (EU) 2022/2555,Art.21(2)(e),https://eur-lex.europa.eu/eli/dir/2022/2555/oj,partial,satisfies,content/cat-22-regulatory-compliance/UC-22.2.51.json
22.2.51,NIS2 Art.12/21 secure development and vulnerability disclosure evidence,high,nis2,Directive (EU) 2022/2555,Art.21(2)(f),https://eur-lex.europa.eu/eli/dir/2022/2555/oj,partial,satisfies,content/cat-22-regulatory-compliance/UC-22.2.51.json
22.2.52,"NIS2 Art.21 access, HR security, privileged accounts, MFA and secure communications evidence",critical,nis2,Directive (EU) 2022/2555,Art.21(2)(i),https://eur-lex.europa.eu/eli/dir/2022/2555/oj,partial,satisfies,content/cat-22-regulatory-compliance/UC-22.2.52.json
22.2.52,"NIS2 Art.21 access, HR security, privileged accounts, MFA and secure communications evidence",critical,nis2,Directive (EU) 2022/2555,Art.21(2)(j),https://eur-lex.europa.eu/eli/dir/2022/2555/oj,partial,satisfies,content/cat-22-regulatory-compliance/UC-22.2.52.json
22.2.53,"NIS2 Art.21 business continuity, backup restore and physical-environmental resilience evidence",critical,nis2,Directive (EU) 2022/2555,Art.21(2)(c),https://eur-lex.europa.eu/eli/dir/2022/2555/oj,partial,satisfies,content/cat-22-regulatory-compliance/UC-22.2.53.json
22.2.54,"NIS2 Art.31-35 supervision, enforcement, fine exposure and GDPR coordination evidence",high,nis2,Directive (EU) 2022/2555,Art.31,https://eur-lex.europa.eu/eli/dir/2022/2555/oj,contributing,satisfies,content/cat-22-regulatory-compliance/UC-22.2.54.json
22.2.54,"NIS2 Art.31-35 supervision, enforcement, fine exposure and GDPR coordination evidence",high,nis2,Directive (EU) 2022/2555,Art.32,https://eur-lex.europa.eu/eli/dir/2022/2555/oj,contributing,satisfies,content/cat-22-regulatory-compliance/UC-22.2.54.json
22.2.54,"NIS2 Art.31-35 supervision, enforcement, fine exposure and GDPR coordination evidence",high,nis2,Directive (EU) 2022/2555,Art.33,https://eur-lex.europa.eu/eli/dir/2022/2555/oj,contributing,satisfies,content/cat-22-regulatory-compliance/UC-22.2.54.json
22.2.54,"NIS2 Art.31-35 supervision, enforcement, fine exposure and GDPR coordination evidence",high,nis2,Directive (EU) 2022/2555,Art.34,https://eur-lex.europa.eu/eli/dir/2022/2555/oj,contributing,satisfies,content/cat-22-regulatory-compliance/UC-22.2.54.json
22.2.54,"NIS2 Art.31-35 supervision, enforcement, fine exposure and GDPR coordination evidence",high,nis2,Directive (EU) 2022/2555,Art.35,https://eur-lex.europa.eu/eli/dir/2022/2555/oj,contributing,satisfies,content/cat-22-regulatory-compliance/UC-22.2.54.json
22.2.55,"NIS2 Art.28-30 domain registration, DNS integrity and information-sharing evidence",high,nis2,Directive (EU) 2022/2555,Art.28,https://eur-lex.europa.eu/eli/dir/2022/2555/oj,partial,satisfies,content/cat-22-regulatory-compliance/UC-22.2.55.json
22.2.55,"NIS2 Art.28-30 domain registration, DNS integrity and information-sharing evidence",high,nis2,Directive (EU) 2022/2555,Art.29,https://eur-lex.europa.eu/eli/dir/2022/2555/oj,partial,satisfies,content/cat-22-regulatory-compliance/UC-22.2.55.json
22.2.55,"NIS2 Art.28-30 domain registration, DNS integrity and information-sharing evidence",high,nis2,Directive (EU) 2022/2555,Art.30,https://eur-lex.europa.eu/eli/dir/2022/2555/oj,partial,satisfies,content/cat-22-regulatory-compliance/UC-22.2.55.json
22.2.56,"NIS2 evidence integrity, certification and standards crosswalk control",high,nis2,Directive (EU) 2022/2555,Art.21(2)(a),https://eur-lex.europa.eu/eli/dir/2022/2555/oj,partial,satisfies,content/cat-22-regulatory-compliance/UC-22.2.56.json
22.2.56,"NIS2 evidence integrity, certification and standards crosswalk control",high,nis2,Directive (EU) 2022/2555,Art.21(5),https://eur-lex.europa.eu/eli/dir/2022/2555/oj,partial,satisfies,content/cat-22-regulatory-compliance/UC-22.2.56.json
22.2.56,"NIS2 evidence integrity, certification and standards crosswalk control",high,nis2,Directive (EU) 2022/2555,Art.24,https://eur-lex.europa.eu/eli/dir/2022/2555/oj,partial,satisfies,content/cat-22-regulatory-compliance/UC-22.2.56.json
22.2.56,"NIS2 evidence integrity, certification and standards crosswalk control",high,nis2,Directive (EU) 2022/2555,Art.25,https://eur-lex.europa.eu/eli/dir/2022/2555/oj,partial,satisfies,content/cat-22-regulatory-compliance/UC-22.2.56.json
22.2.57,NIS2 crawl/walk/run maturity and next-best-control benchmark dashboard,medium,nis2,Directive (EU) 2022/2555,Art.20(1),https://eur-lex.europa.eu/eli/dir/2022/2555/oj,contributing,satisfies,content/cat-22-regulatory-compliance/UC-22.2.57.json
22.2.57,NIS2 crawl/walk/run maturity and next-best-control benchmark dashboard,medium,nis2,Directive (EU) 2022/2555,Art.21(2)(f),https://eur-lex.europa.eu/eli/dir/2022/2555/oj,contributing,satisfies,content/cat-22-regulatory-compliance/UC-22.2.57.json
22.2.58,NIS2 Art.21(2)(b) — Cisco ISE ANC Closed-Loop Effectiveness Evidence,critical,nis2,Directive (EU) 2022/2555,Art.21(2)(b),https://eur-lex.europa.eu/eli/dir/2022/2555/oj,partial,satisfies,content/cat-22-regulatory-compliance/UC-22.2.58.json
22.2.59,NIS2 Art.21(2)(b) — Splunk SOAR + ISE Mean-Time-to-Contain (MTTC) KPI Evidence,critical,nis2,Directive (EU) 2022/2555,Art.21(2)(b),https://eur-lex.europa.eu/eli/dir/2022/2555/oj,partial,satisfies,content/cat-22-regulatory-compliance/UC-22.2.59.json
22.2.6,NIS2 Risk Analysis and Information System Security Policy Evidence,critical,nis2,Directive (EU) 2022/2555,Art.21(2)(a),https://eur-lex.europa.eu/eli/dir/2022/2555/oj,partial,satisfies,content/cat-22-regulatory-compliance/UC-22.2.6.json
22.2.7,NIS2 Art.23(4)(b) — 72-Hour Incident Notification Readiness,critical,nis2,Directive (EU) 2022/2555,Art.23(2),https://eur-lex.europa.eu/eli/dir/2022/2555/oj,partial,satisfies,content/cat-22-regulatory-compliance/UC-22.2.7.json
22.2.8,NIS2 Art.23(4)(d) — One-Month Final Incident Report Tracking,critical,nis2,Directive (EU) 2022/2555,Art.23(4),https://eur-lex.europa.eu/eli/dir/2022/2555/oj,partial,satisfies,content/cat-22-regulatory-compliance/UC-22.2.8.json
22.2.9,NIS2 Effectiveness Assessment of Cybersecurity Measures,high,nis2,Directive (EU) 2022/2555,Art.21(2)(f),https://eur-lex.europa.eu/eli/dir/2022/2555/oj,partial,satisfies,content/cat-22-regulatory-compliance/UC-22.2.9.json
22.20.1,CMMC Level 2 practice evidence — CUI control area 1,high,cmmc,2.0,AC.L2-3.1.1,https://dodcio.defense.gov/CMMC/,partial,satisfies,content/cat-22-regulatory-compliance/UC-22.20.1.json
22.20.10,CMMC Level 2 practice evidence — CUI control area 10,medium,cmmc,2.0,CM.L2-3.4.1,,partial,satisfies,content/cat-22-regulatory-compliance/UC-22.20.10.json
22.20.11,CMMC Level 3 enhanced practice — threat scenario 1,low,cmmc,2.0,SI.L2-3.14.6,,partial,satisfies,content/cat-22-regulatory-compliance/UC-22.20.11.json
22.20.12,CMMC Level 3 enhanced practice — threat scenario 2,critical,cmmc,2.0,SI.L2-3.14.6,,partial,satisfies,content/cat-22-regulatory-compliance/UC-22.20.12.json
22.20.13,CMMC Level 3 enhanced practice — threat scenario 3,high,cmmc,2.0,SI.L2-3.14.6,,partial,satisfies,content/cat-22-regulatory-compliance/UC-22.20.13.json
22.20.14,CMMC Level 3 enhanced practice — threat scenario 4,medium,cmmc,2.0,AC.L2-3.1.5,,partial,satisfies,content/cat-22-regulatory-compliance/UC-22.20.14.json
22.20.15,CMMC Level 3 enhanced practice — threat scenario 5,low,cmmc,2.0,SI.L2-3.14.6,,partial,satisfies,content/cat-22-regulatory-compliance/UC-22.20.15.json
22.20.16,CMMC assessment readiness — artifact 1,critical,cmmc,2.0,AU.L2-3.3.5,,partial,satisfies,content/cat-22-regulatory-compliance/UC-22.20.16.json
22.20.17,CMMC assessment readiness — artifact 2,high,cmmc,2.0,CM.L2-3.4.1,,partial,satisfies,content/cat-22-regulatory-compliance/UC-22.20.17.json
22.20.18,CMMC assessment readiness — artifact 3,medium,cmmc,2.0,AU.L2-3.3.5,,partial,satisfies,content/cat-22-regulatory-compliance/UC-22.20.18.json
22.20.19,CMMC assessment readiness — artifact 4,low,cmmc,2.0,IR.L2-3.6.1,,partial,satisfies,content/cat-22-regulatory-compliance/UC-22.20.19.json
22.20.2,CMMC Level 2 practice evidence — CUI control area 2,medium,cmmc,2.0,AC.L2-3.1.5,https://dodcio.defense.gov/CMMC/,partial,satisfies,content/cat-22-regulatory-compliance/UC-22.20.2.json
22.20.20,CMMC assessment readiness — artifact 5,critical,cmmc,2.0,AU.L2-3.3.5,,partial,satisfies,content/cat-22-regulatory-compliance/UC-22.20.20.json
22.20.21,CMMC 2.0 AC.L2-3.1.1 — Cisco ISE Strong-Authentication Coverage Evidence,high,cmmc,2.0,AC.L2-3.1.1,,partial,satisfies,content/cat-22-regulatory-compliance/UC-22.20.21.json
22.20.22,"Audit Record Review, Analysis & Cross-Source Correlation (CUI)",critical,cmmc,2.0,AU.L2-3.3.5,https://dodcio.defense.gov/CMMC/,full,satisfies,content/cat-22-regulatory-compliance/UC-22.20.22.json
22.20.3,CMMC AU.L2-3.3.1 — Audit record creation verification on CUI systems,low,cmmc,2.0,AU.L2-3.3.1,https://dodcio.defense.gov/CMMC/,full,satisfies,content/cat-22-regulatory-compliance/UC-22.20.3.json
22.20.4,CMMC AU.L2-3.3.2 — User-to-action traceability on CUI systems,critical,cmmc,2.0,AU.L2-3.3.2,https://dodcio.defense.gov/CMMC/,full,satisfies,content/cat-22-regulatory-compliance/UC-22.20.4.json
22.20.5,CMMC Level 2 practice evidence — CUI control area 5,high,cmmc,2.0,AU.L2-3.3.5,https://dodcio.defense.gov/CMMC/,partial,satisfies,content/cat-22-regulatory-compliance/UC-22.20.5.json
22.20.6,CMMC CM.L2-3.4.1 — Baseline configuration drift detection on CUI systems,medium,cmmc,2.0,CM.L2-3.4.1,https://dodcio.defense.gov/CMMC/,full,satisfies,content/cat-22-regulatory-compliance/UC-22.20.6.json
22.20.7,CMMC IR.L2-3.6.1 — Incident response lifecycle tracking for CUI incidents,low,cmmc,2.0,IR.L2-3.6.1,https://dodcio.defense.gov/CMMC/,full,satisfies,content/cat-22-regulatory-compliance/UC-22.20.7.json
22.20.8,CMMC SC.L2-3.13.8 — Cryptographic protection of CUI in transit,critical,cmmc,2.0,SC.L2-3.13.8,https://dodcio.defense.gov/CMMC/,full,satisfies,content/cat-22-regulatory-compliance/UC-22.20.8.json
22.20.9,CMMC SI.L2-3.14.6 — Real-time attack monitoring on CUI systems,high,cmmc,2.0,SI.L2-3.14.6,https://dodcio.defense.gov/CMMC/,full,satisfies,content/cat-22-regulatory-compliance/UC-22.20.9.json
22.3.1,DORA ICT Risk Management Dashboard,critical,dora,Regulation (EU) 2022/2554,Art.10,,contributing,satisfies,content/cat-22-regulatory-compliance/UC-22.3.1.json
22.3.1,DORA ICT Risk Management Dashboard,critical,dora,Regulation (EU) 2022/2554,Art.11,,contributing,satisfies,content/cat-22-regulatory-compliance/UC-22.3.1.json
22.3.1,DORA ICT Risk Management Dashboard,critical,dora,Regulation (EU) 2022/2554,Art.12,,contributing,satisfies,content/cat-22-regulatory-compliance/UC-22.3.1.json
22.3.1,DORA ICT Risk Management Dashboard,critical,dora,Regulation (EU) 2022/2554,Art.13,,contributing,satisfies,content/cat-22-regulatory-compliance/UC-22.3.1.json
22.3.1,DORA ICT Risk Management Dashboard,critical,dora,Regulation (EU) 2022/2554,Art.14,,contributing,satisfies,content/cat-22-regulatory-compliance/UC-22.3.1.json
22.3.1,DORA ICT Risk Management Dashboard,critical,dora,Regulation (EU) 2022/2554,Art.15,,contributing,satisfies,content/cat-22-regulatory-compliance/UC-22.3.1.json
22.3.1,DORA ICT Risk Management Dashboard,critical,dora,Regulation (EU) 2022/2554,Art.16,,contributing,satisfies,content/cat-22-regulatory-compliance/UC-22.3.1.json
22.3.1,DORA ICT Risk Management Dashboard,critical,dora,Regulation (EU) 2022/2554,Art.5,,contributing,satisfies,content/cat-22-regulatory-compliance/UC-22.3.1.json
22.3.1,DORA ICT Risk Management Dashboard,critical,dora,Regulation (EU) 2022/2554,Art.6,,contributing,satisfies,content/cat-22-regulatory-compliance/UC-22.3.1.json
22.3.1,DORA ICT Risk Management Dashboard,critical,dora,Regulation (EU) 2022/2554,Art.7,,contributing,satisfies,content/cat-22-regulatory-compliance/UC-22.3.1.json
22.3.1,DORA ICT Risk Management Dashboard,critical,dora,Regulation (EU) 2022/2554,Art.8,,contributing,satisfies,content/cat-22-regulatory-compliance/UC-22.3.1.json
22.3.1,DORA ICT Risk Management Dashboard,critical,dora,Regulation (EU) 2022/2554,Art.9,,contributing,satisfies,content/cat-22-regulatory-compliance/UC-22.3.1.json
22.3.10,DORA Post-Incident Review and Learning,high,dora,Regulation (EU) 2022/2554,Art.13,,contributing,satisfies,content/cat-22-regulatory-compliance/UC-22.3.10.json
22.3.11,DORA Major ICT Incident 7-Criteria Classification,critical,dora,Regulation (EU) 2022/2554,Art.18,,contributing,satisfies,content/cat-22-regulatory-compliance/UC-22.3.11.json
22.3.12,DORA ICT Incident Intermediate and Final Report Tracking,critical,dora,Regulation (EU) 2022/2554,Art.19,,contributing,satisfies,content/cat-22-regulatory-compliance/UC-22.3.12.json
22.3.13,DORA Register of Information for ICT Third-Party Arrangements,high,dora,Regulation (EU) 2022/2554,Art.28(3),,contributing,satisfies,content/cat-22-regulatory-compliance/UC-22.3.13.json
22.3.14,DORA ICT Third-Party SLA Performance Monitoring,high,dora,Regulation (EU) 2022/2554,Art.30,,contributing,satisfies,content/cat-22-regulatory-compliance/UC-22.3.14.json
22.3.15,DORA ICT Access Control and Authentication Monitoring,critical,dora,Regulation (EU) 2022/2554,Art.9(4)(c),,contributing,satisfies,content/cat-22-regulatory-compliance/UC-22.3.15.json
22.3.16,DORA Vulnerability Assessment and Penetration Test Tracking,high,dora,Regulation (EU) 2022/2554,Art.25,,contributing,satisfies,content/cat-22-regulatory-compliance/UC-22.3.16.json
22.3.17,DORA Threat-Led Penetration Testing (TLPT) Lifecycle,high,dora,Regulation (EU) 2022/2554,Art.26,,contributing,satisfies,content/cat-22-regulatory-compliance/UC-22.3.17.json
22.3.18,DORA ICT Third-Party Exit Strategy Readiness,high,dora,Regulation (EU) 2022/2554,Art.28(8),,contributing,satisfies,content/cat-22-regulatory-compliance/UC-22.3.18.json
22.3.19,DORA Management Body ICT Governance and Oversight,high,dora,Regulation (EU) 2022/2554,Art.5,,contributing,satisfies,content/cat-22-regulatory-compliance/UC-22.3.19.json
22.3.2,DORA ICT Incident Classification and Reporting,critical,dora,Regulation (EU) 2022/2554,Art.17,,contributing,satisfies,content/cat-22-regulatory-compliance/UC-22.3.2.json
22.3.2,DORA ICT Incident Classification and Reporting,critical,dora,Regulation (EU) 2022/2554,Art.18,,contributing,satisfies,content/cat-22-regulatory-compliance/UC-22.3.2.json
22.3.2,DORA ICT Incident Classification and Reporting,critical,dora,Regulation (EU) 2022/2554,Art.19,,contributing,satisfies,content/cat-22-regulatory-compliance/UC-22.3.2.json
22.3.2,DORA ICT Incident Classification and Reporting,critical,dora,Regulation (EU) 2022/2554,Art.20,,contributing,satisfies,content/cat-22-regulatory-compliance/UC-22.3.2.json
22.3.2,DORA ICT Incident Classification and Reporting,critical,dora,Regulation (EU) 2022/2554,Art.21,,contributing,satisfies,content/cat-22-regulatory-compliance/UC-22.3.2.json
22.3.2,DORA ICT Incident Classification and Reporting,critical,dora,Regulation (EU) 2022/2554,Art.22,,contributing,satisfies,content/cat-22-regulatory-compliance/UC-22.3.2.json
22.3.2,DORA ICT Incident Classification and Reporting,critical,dora,Regulation (EU) 2022/2554,Art.23,,contributing,satisfies,content/cat-22-regulatory-compliance/UC-22.3.2.json
22.3.20,DORA ICT Crisis Communication Readiness,high,dora,Regulation (EU) 2022/2554,Art.14,,contributing,satisfies,content/cat-22-regulatory-compliance/UC-22.3.20.json
22.3.21,DORA ICT Concentration — Single-Provider Spend and Workload Share Thresholds,high,dora,Regulation (EU) 2022/2554,Art.5,,contributing,satisfies,content/cat-22-regulatory-compliance/UC-22.3.21.json
22.3.22,DORA ICT Concentration — Critical Service Dependency Fan-In by Provider,critical,dora,Regulation (EU) 2022/2554,Art.5,,contributing,satisfies,content/cat-22-regulatory-compliance/UC-22.3.22.json
22.3.23,DORA ICT Concentration — Regional Provider Outage Correlation Exposure Score,high,dora,Regulation (EU) 2022/2554,Art.17,,contributing,satisfies,content/cat-22-regulatory-compliance/UC-22.3.23.json
22.3.24,DORA ICT Concentration — Substitutability and Secondary Sourcing Readiness Index,medium,dora,Regulation (EU) 2022/2554,Art.5,,contributing,satisfies,content/cat-22-regulatory-compliance/UC-22.3.24.json
22.3.25,DORA TLPT — Test Planning Milestone and Scope Lock Audit Trail,high,dora,Regulation (EU) 2022/2554,Art.24,,contributing,satisfies,content/cat-22-regulatory-compliance/UC-22.3.25.json
22.3.26,DORA TLPT — Tester Independence and Conflict-of-Interest Attestation Log,high,dora,Regulation (EU) 2022/2554,Art.5,,contributing,satisfies,content/cat-22-regulatory-compliance/UC-22.3.26.json
22.3.27,"DORA TLPT — Findings Severity, Remediation Owner, and Due Date Tracking",high,dora,Regulation (EU) 2022/2554,Art.24,,contributing,satisfies,content/cat-22-regulatory-compliance/UC-22.3.27.json
22.3.28,DORA TLPT — Retest and Control Effectiveness Verification Events,high,dora,Regulation (EU) 2022/2554,Art.24,,contributing,satisfies,content/cat-22-regulatory-compliance/UC-22.3.28.json
22.3.29,DORA Information Sharing — FINCERT-Style Submission Timeliness and Acknowledgment Log,high,dora,Regulation (EU) 2022/2554,Art.5,,contributing,satisfies,content/cat-22-regulatory-compliance/UC-22.3.29.json
22.3.3,DORA Digital Operational Resilience Testing,high,dora,Regulation (EU) 2022/2554,Art.24,,contributing,satisfies,content/cat-22-regulatory-compliance/UC-22.3.3.json
22.3.3,DORA Digital Operational Resilience Testing,high,dora,Regulation (EU) 2022/2554,Art.25,,contributing,satisfies,content/cat-22-regulatory-compliance/UC-22.3.3.json
22.3.3,DORA Digital Operational Resilience Testing,high,dora,Regulation (EU) 2022/2554,Art.26,,contributing,satisfies,content/cat-22-regulatory-compliance/UC-22.3.3.json
22.3.3,DORA Digital Operational Resilience Testing,high,dora,Regulation (EU) 2022/2554,Art.27,,contributing,satisfies,content/cat-22-regulatory-compliance/UC-22.3.3.json
22.3.30,DORA Information Sharing — Indicator Distribution to Subsidiaries and Branches Coverage,medium,dora,Regulation (EU) 2022/2554,Art.5,,contributing,satisfies,content/cat-22-regulatory-compliance/UC-22.3.30.json
22.3.31,DORA Information Sharing — Anonymized Incident TTP Contribution Quality Metrics,medium,dora,Regulation (EU) 2022/2554,Art.17,,contributing,satisfies,content/cat-22-regulatory-compliance/UC-22.3.31.json
22.3.32,DORA Outsourcing Registers — Sub-Processor Notification Lag vs Contractual Notice Period,high,dora,Regulation (EU) 2022/2554,Art.5,,contributing,satisfies,content/cat-22-regulatory-compliance/UC-22.3.32.json
22.3.33,DORA Outsourcing Registers — Function Mapping Completeness for Each Outsourced Arrangement,high,dora,Regulation (EU) 2022/2554,Art.5,,contributing,satisfies,content/cat-22-regulatory-compliance/UC-22.3.33.json
22.3.34,DORA Outsourcing Registers — Data Localization and Cross-Border Transfer Field Validation,critical,dora,Regulation (EU) 2022/2554,Art.5,,contributing,satisfies,content/cat-22-regulatory-compliance/UC-22.3.34.json
22.3.35,DORA Exit Strategy — Alternative Provider Shortlist Currency and RFP Readiness,high,dora,Regulation (EU) 2022/2554,Art.5,,contributing,satisfies,content/cat-22-regulatory-compliance/UC-22.3.35.json
22.3.36,DORA Exit Strategy — Data Portability Test Evidence and Export Volume Integrity,high,dora,Regulation (EU) 2022/2554,Art.5,,contributing,satisfies,content/cat-22-regulatory-compliance/UC-22.3.36.json
22.3.37,DORA Exit Strategy — Runbook Step Completion and Sign-Off SLA for Critical Providers,high,dora,Regulation (EU) 2022/2554,Art.5,,contributing,satisfies,content/cat-22-regulatory-compliance/UC-22.3.37.json
22.3.38,DORA ICT Third-Party Risk Register — Inherent vs Residual Risk Score Reconciliation,high,dora,Regulation (EU) 2022/2554,Art.19,,contributing,satisfies,content/cat-22-regulatory-compliance/UC-22.3.38.json
22.3.39,DORA ICT Third-Party Risk Register — Control Testing Evidence Freshness by Provider Tier,high,dora,Regulation (EU) 2022/2554,Art.24,,contributing,satisfies,content/cat-22-regulatory-compliance/UC-22.3.39.json
22.3.4,DORA Third-Party ICT Provider Concentration Risk,high,dora,Regulation (EU) 2022/2554,Art.28,,contributing,satisfies,content/cat-22-regulatory-compliance/UC-22.3.4.json
22.3.4,DORA Third-Party ICT Provider Concentration Risk,high,dora,Regulation (EU) 2022/2554,Art.29,,contributing,satisfies,content/cat-22-regulatory-compliance/UC-22.3.4.json
22.3.4,DORA Third-Party ICT Provider Concentration Risk,high,dora,Regulation (EU) 2022/2554,Art.30,,contributing,satisfies,content/cat-22-regulatory-compliance/UC-22.3.4.json
22.3.4,DORA Third-Party ICT Provider Concentration Risk,high,dora,Regulation (EU) 2022/2554,Art.31,,contributing,satisfies,content/cat-22-regulatory-compliance/UC-22.3.4.json
22.3.4,DORA Third-Party ICT Provider Concentration Risk,high,dora,Regulation (EU) 2022/2554,Art.32,,contributing,satisfies,content/cat-22-regulatory-compliance/UC-22.3.4.json
22.3.4,DORA Third-Party ICT Provider Concentration Risk,high,dora,Regulation (EU) 2022/2554,Art.33,,contributing,satisfies,content/cat-22-regulatory-compliance/UC-22.3.4.json
22.3.4,DORA Third-Party ICT Provider Concentration Risk,high,dora,Regulation (EU) 2022/2554,Art.34,,contributing,satisfies,content/cat-22-regulatory-compliance/UC-22.3.4.json
22.3.4,DORA Third-Party ICT Provider Concentration Risk,high,dora,Regulation (EU) 2022/2554,Art.35,,contributing,satisfies,content/cat-22-regulatory-compliance/UC-22.3.4.json
22.3.4,DORA Third-Party ICT Provider Concentration Risk,high,dora,Regulation (EU) 2022/2554,Art.36,,contributing,satisfies,content/cat-22-regulatory-compliance/UC-22.3.4.json
22.3.4,DORA Third-Party ICT Provider Concentration Risk,high,dora,Regulation (EU) 2022/2554,Art.37,,contributing,satisfies,content/cat-22-regulatory-compliance/UC-22.3.4.json
22.3.4,DORA Third-Party ICT Provider Concentration Risk,high,dora,Regulation (EU) 2022/2554,Art.38,,contributing,satisfies,content/cat-22-regulatory-compliance/UC-22.3.4.json
22.3.4,DORA Third-Party ICT Provider Concentration Risk,high,dora,Regulation (EU) 2022/2554,Art.39,,contributing,satisfies,content/cat-22-regulatory-compliance/UC-22.3.4.json
22.3.4,DORA Third-Party ICT Provider Concentration Risk,high,dora,Regulation (EU) 2022/2554,Art.40,,contributing,satisfies,content/cat-22-regulatory-compliance/UC-22.3.4.json
22.3.4,DORA Third-Party ICT Provider Concentration Risk,high,dora,Regulation (EU) 2022/2554,Art.41,,contributing,satisfies,content/cat-22-regulatory-compliance/UC-22.3.4.json
22.3.4,DORA Third-Party ICT Provider Concentration Risk,high,dora,Regulation (EU) 2022/2554,Art.42,,contributing,satisfies,content/cat-22-regulatory-compliance/UC-22.3.4.json
22.3.4,DORA Third-Party ICT Provider Concentration Risk,high,dora,Regulation (EU) 2022/2554,Art.43,,contributing,satisfies,content/cat-22-regulatory-compliance/UC-22.3.4.json
22.3.4,DORA Third-Party ICT Provider Concentration Risk,high,dora,Regulation (EU) 2022/2554,Art.44,,contributing,satisfies,content/cat-22-regulatory-compliance/UC-22.3.4.json
22.3.40,DORA ICT Third-Party Risk Register — Issue Density and Open Finding Trend by Provider,medium,dora,Regulation (EU) 2022/2554,Art.28,,contributing,satisfies,content/cat-22-regulatory-compliance/UC-22.3.40.json
22.3.41,DORA Art.6 — ICT risk-management framework evidence: control catalogue drift detection,high,dora,Regulation (EU) 2022/2554,Art.6,https://eur-lex.europa.eu/eli/reg/2022/2554/oj,full,satisfies,content/cat-22-regulatory-compliance/UC-22.3.41.json
22.3.41,DORA Art.6 — ICT risk-management framework evidence: control catalogue drift detection,high,iso-27001,2022,A.5.1,https://www.iso.org/standard/27001,partial,satisfies,content/cat-22-regulatory-compliance/UC-22.3.41.json
22.3.41,DORA Art.6 — ICT risk-management framework evidence: control catalogue drift detection,high,nist-800-53,Rev. 5,PM-9,https://doi.org/10.6028/NIST.SP.800-53r5,contributing,satisfies,content/cat-22-regulatory-compliance/UC-22.3.41.json
22.3.42,DORA Art.7 — ICT systems inventory completeness: unmanaged endpoints attached to financial services,high,dora,Regulation (EU) 2022/2554,Art.7,https://eur-lex.europa.eu/eli/reg/2022/2554/oj,full,satisfies,content/cat-22-regulatory-compliance/UC-22.3.42.json
22.3.42,DORA Art.7 — ICT systems inventory completeness: unmanaged endpoints attached to financial services,high,iso-27001,2022,A.5.9,https://www.iso.org/standard/27001,full,satisfies,content/cat-22-regulatory-compliance/UC-22.3.42.json
22.3.42,DORA Art.7 — ICT systems inventory completeness: unmanaged endpoints attached to financial services,high,nis2,Directive (EU) 2022/2555,Art.21(2)(d),https://eur-lex.europa.eu/eli/dir/2022/2555/oj,partial,satisfies,content/cat-22-regulatory-compliance/UC-22.3.42.json
22.3.43,DORA Art.8 — ICT risk identification: newly discovered high-severity exposure on critical financial services,critical,dora,Regulation (EU) 2022/2554,Art.8,https://eur-lex.europa.eu/eli/reg/2022/2554/oj,full,satisfies,content/cat-22-regulatory-compliance/UC-22.3.43.json
22.3.43,DORA Art.8 — ICT risk identification: newly discovered high-severity exposure on critical financial services,critical,iso-27001,2022,A.8.8,https://www.iso.org/standard/27001,full,satisfies,content/cat-22-regulatory-compliance/UC-22.3.43.json
22.3.43,DORA Art.8 — ICT risk identification: newly discovered high-severity exposure on critical financial services,critical,nist-800-53,Rev. 5,RA-5,https://doi.org/10.6028/NIST.SP.800-53r5,partial,satisfies,content/cat-22-regulatory-compliance/UC-22.3.43.json
22.3.43,DORA Art.8 — ICT risk identification: newly discovered high-severity exposure on critical financial services,critical,pci-dss,v4.0,11.3.1,https://listings.pcisecuritystandards.org/documents/PCI-DSS-v4_0.pdf,partial,satisfies,content/cat-22-regulatory-compliance/UC-22.3.43.json
22.3.44,DORA Art.17 — ICT incident classification timeliness: major-incident clock evidence,critical,dora,Regulation (EU) 2022/2554,Art.17,https://eur-lex.europa.eu/eli/reg/2022/2554/oj,full,satisfies,content/cat-22-regulatory-compliance/UC-22.3.44.json
22.3.44,DORA Art.17 — ICT incident classification timeliness: major-incident clock evidence,critical,iso-27001,2022,A.5.24,https://www.iso.org/standard/27001,full,satisfies,content/cat-22-regulatory-compliance/UC-22.3.44.json
22.3.44,DORA Art.17 — ICT incident classification timeliness: major-incident clock evidence,critical,nis2,Directive (EU) 2022/2555,Art.23,https://eur-lex.europa.eu/eli/dir/2022/2555/oj,full,satisfies,content/cat-22-regulatory-compliance/UC-22.3.44.json
22.3.45,DORA Art.24 — Digital operational-resilience testing: test-plan execution attestation,high,dora,Regulation (EU) 2022/2554,Art.24,https://eur-lex.europa.eu/eli/reg/2022/2554/oj,full,satisfies,content/cat-22-regulatory-compliance/UC-22.3.45.json
22.3.45,DORA Art.24 — Digital operational-resilience testing: test-plan execution attestation,high,iso-27001,2022,A.5.29,https://www.iso.org/standard/27001,partial,satisfies,content/cat-22-regulatory-compliance/UC-22.3.45.json
22.3.45,DORA Art.24 — Digital operational-resilience testing: test-plan execution attestation,high,nist-800-53,Rev. 5,CA-8,https://doi.org/10.6028/NIST.SP.800-53r5,contributing,satisfies,content/cat-22-regulatory-compliance/UC-22.3.45.json
22.3.46,DORA Art.7 — Cisco ISE PSN Capacity SLO Evidence (ICT Resilience),high,dora,Regulation (EU) 2022/2554,Art.7,,partial,satisfies,content/cat-22-regulatory-compliance/UC-22.3.46.json
22.3.47,DORA Art.10 — Cisco ISE Multi-Site Replication Resilience Evidence,high,dora,Regulation (EU) 2022/2554,Art.10,,partial,satisfies,content/cat-22-regulatory-compliance/UC-22.3.47.json
22.3.5,DORA Cross-Region Disaster Recovery Compliance,critical,dora,Regulation (EU) 2022/2554,Art.11,,contributing,satisfies,content/cat-22-regulatory-compliance/UC-22.3.5.json
22.3.5,DORA Cross-Region Disaster Recovery Compliance,critical,dora,Regulation (EU) 2022/2554,Art.12,,contributing,satisfies,content/cat-22-regulatory-compliance/UC-22.3.5.json
22.3.6,DORA ICT Change Management and Patch Compliance,critical,dora,Regulation (EU) 2022/2554,Art.9(4)(e),,contributing,satisfies,content/cat-22-regulatory-compliance/UC-22.3.6.json
22.3.7,DORA ICT Anomaly Detection Capabilities,critical,dora,Regulation (EU) 2022/2554,Art.10,,contributing,satisfies,content/cat-22-regulatory-compliance/UC-22.3.7.json
22.3.8,DORA ICT Incident Response and Recovery Time Tracking,critical,dora,Regulation (EU) 2022/2554,Art.11,,contributing,satisfies,content/cat-22-regulatory-compliance/UC-22.3.8.json
22.3.9,DORA Backup Completeness and Restoration Testing,critical,dora,Regulation (EU) 2022/2554,Art.12,,contributing,satisfies,content/cat-22-regulatory-compliance/UC-22.3.9.json
22.32.17,Controlled unclassified information access control,critical,cmmc,2.0,AC.L2-3.1.1,,contributing,satisfies,content/cat-22-regulatory-compliance/UC-22.32.17.json
22.32.18,CMMC practice implementation evidence collection,medium,cmmc,2.0,AU.L2-3.3.5,,partial,satisfies,content/cat-22-regulatory-compliance/UC-22.32.18.json
22.32.19,CMMC assessment readiness scoring,low,cmmc,2.0,AU.L2-3.3.5,,contributing,satisfies,content/cat-22-regulatory-compliance/UC-22.32.19.json
22.32.20,CUI incident response evidence,critical,cmmc,2.0,IR.L2-3.6.1,,partial,satisfies,content/cat-22-regulatory-compliance/UC-22.32.20.json
22.32.21,Continuous monitoring for CMMC practice families,high,cmmc,2.0,SI.L2-3.14.6,,contributing,satisfies,content/cat-22-regulatory-compliance/UC-22.32.21.json
22.35.1,Audit-log continuity: detect indexing gap indicating lost evidence,critical,gdpr,2016/679,Art.32(1)(b),https://eur-lex.europa.eu/eli/reg/2016/679/oj#d1e2833-1-1,partial,satisfies,content/cat-22-regulatory-compliance/UC-22.35.1.json
22.35.1,Audit-log continuity: detect indexing gap indicating lost evidence,critical,hipaa-security,2013-final,§164.312(b),https://www.ecfr.gov/current/title-45/subtitle-A/subchapter-C/part-164/subpart-C/section-164.312#p-164.312(b),full,satisfies,content/cat-22-regulatory-compliance/UC-22.35.1.json
22.35.1,Audit-log continuity: detect indexing gap indicating lost evidence,critical,pci-dss,v4.0,10.2.1,https://listings.pcisecuritystandards.org/documents/PCI-DSS-v4_0.pdf#page=126,partial,satisfies,content/cat-22-regulatory-compliance/UC-22.35.1.json
22.35.1,Audit-log continuity: detect indexing gap indicating lost evidence,critical,soc-2,2017 TSC,CC7.2,,partial,satisfies,content/cat-22-regulatory-compliance/UC-22.35.1.json
22.35.1,Audit-log continuity: detect indexing gap indicating lost evidence,critical,sox-itgc,PCAOB AS 2201,ITGC.Logging.Continuity,,contributing,detects-violation-of,content/cat-22-regulatory-compliance/UC-22.35.1.json
22.35.2,Log tamper detection via write-once-read-many chain-of-custody,critical,gdpr,2016/679,Art.32,https://eur-lex.europa.eu/eli/reg/2016/679/oj#d1e2833-1-1,full,satisfies,content/cat-22-regulatory-compliance/UC-22.35.2.json
22.35.2,Log tamper detection via write-once-read-many chain-of-custody,critical,hipaa-security,2013-final,§164.312(c)(1),https://www.ecfr.gov/current/title-45/subtitle-A/subchapter-C/part-164/subpart-C/section-164.312#p-164.312(c)(1),full,satisfies,content/cat-22-regulatory-compliance/UC-22.35.2.json
22.35.2,Log tamper detection via write-once-read-many chain-of-custody,critical,pci-dss,v4.0,10.5,https://listings.pcisecuritystandards.org/documents/PCI-DSS-v4_0.pdf#page=131,full,satisfies,content/cat-22-regulatory-compliance/UC-22.35.2.json
22.35.2,Log tamper detection via write-once-read-many chain-of-custody,critical,soc-2,2017 TSC,CC7.2,,partial,satisfies,content/cat-22-regulatory-compliance/UC-22.35.2.json
22.35.2,Log tamper detection via write-once-read-many chain-of-custody,critical,sox-itgc,PCAOB AS 2201,ITGC.Logging.Continuity,,contributing,detects-violation-of,content/cat-22-regulatory-compliance/UC-22.35.2.json
22.35.3,Indexer replication lag exposing evidence to single-point failure,high,dora,Regulation (EU) 2022/2554,Art.12,https://eur-lex.europa.eu/eli/reg/2022/2554/oj,full,satisfies,content/cat-22-regulatory-compliance/UC-22.35.3.json
22.35.3,Indexer replication lag exposing evidence to single-point failure,high,gdpr,2016/679,Art.32,,full,satisfies,content/cat-22-regulatory-compliance/UC-22.35.3.json
22.35.3,Indexer replication lag exposing evidence to single-point failure,high,nist-800-53,Rev. 5,AU-9,,full,satisfies,content/cat-22-regulatory-compliance/UC-22.35.3.json
22.35.3,Indexer replication lag exposing evidence to single-point failure,high,soc-2,2017 TSC,A1.2,,partial,satisfies,content/cat-22-regulatory-compliance/UC-22.35.3.json
22.35.4,Log signing chain integrity — cryptographic signature drift on evidence archive,critical,gdpr,2016/679,Art.32(1)(b),https://eur-lex.europa.eu/eli/reg/2016/679/oj,partial,satisfies,content/cat-22-regulatory-compliance/UC-22.35.4.json
22.35.4,Log signing chain integrity — cryptographic signature drift on evidence archive,critical,hipaa-security,2013-final,§164.312(c)(1),https://www.ecfr.gov/current/title-45/subtitle-A/subchapter-C/part-164,full,satisfies,content/cat-22-regulatory-compliance/UC-22.35.4.json
22.35.4,Log signing chain integrity — cryptographic signature drift on evidence archive,critical,pci-dss,v4.0,10.3.4,https://listings.pcisecuritystandards.org/documents/PCI-DSS-v4_0.pdf,full,satisfies,content/cat-22-regulatory-compliance/UC-22.35.4.json
22.35.4,Log signing chain integrity — cryptographic signature drift on evidence archive,critical,sox-itgc,PCAOB AS 2201,ITGC.Logging.Integrity,,contributing,detects-violation-of,content/cat-22-regulatory-compliance/UC-22.35.4.json
22.35.5,Search-head audit-trail completeness — deleted or rewritten search jobs,high,hipaa-security,2013-final,§164.312(b),,partial,satisfies,content/cat-22-regulatory-compliance/UC-22.35.5.json
22.35.5,Search-head audit-trail completeness — deleted or rewritten search jobs,high,pci-dss,v4.0,10.3.2,,full,satisfies,content/cat-22-regulatory-compliance/UC-22.35.5.json
22.35.5,Search-head audit-trail completeness — deleted or rewritten search jobs,high,soc-2,2017 TSC,CC7.2,,partial,satisfies,content/cat-22-regulatory-compliance/UC-22.35.5.json
22.35.6,Audit-Log Generation Coverage & Continuity Across All In-Scope Systems,critical,nist-800-53,Rev. 5,AU-12,,full,satisfies,content/cat-22-regulatory-compliance/UC-22.35.6.json
22.35.6,Audit-Log Generation Coverage & Continuity Across All In-Scope Systems,critical,nist-800-53,Rev. 5,AU-2,https://csrc.nist.gov/pubs/sp/800/53/r5/upd1/final,full,satisfies,content/cat-22-regulatory-compliance/UC-22.35.6.json
22.35.6,Audit-Log Generation Coverage & Continuity Across All In-Scope Systems,critical,pci-dss,v4.0,10.2,,full,satisfies,content/cat-22-regulatory-compliance/UC-22.35.6.json
22.35.6,Audit-Log Generation Coverage & Continuity Across All In-Scope Systems,critical,sox-itgc,PCAOB AS 2201,ITGC.Logging.Continuity,https://pcaobus.org/oversight/standards/auditing-standards/details/AS2201,full,satisfies,content/cat-22-regulatory-compliance/UC-22.35.6.json
22.36.1,DSAR fulfillment SLA tracker with verification evidence trail,high,gdpr,2016/679,Art.12,,full,satisfies,content/cat-22-regulatory-compliance/UC-22.36.1.json
22.36.1,DSAR fulfillment SLA tracker with verification evidence trail,high,gdpr,2016/679,Art.15,,full,satisfies,content/cat-22-regulatory-compliance/UC-22.36.1.json
22.36.2,Right-to-erasure propagation completeness across downstream systems,critical,gdpr,2016/679,Art.17,,full,satisfies,content/cat-22-regulatory-compliance/UC-22.36.2.json
22.36.2,Right-to-erasure propagation completeness across downstream systems,critical,gdpr,2016/679,Art.17(2),,partial,satisfies,content/cat-22-regulatory-compliance/UC-22.36.2.json
22.36.3,Portability export integrity — signed manifest verification,medium,gdpr,2016/679,Art.20,,full,satisfies,content/cat-22-regulatory-compliance/UC-22.36.3.json
22.36.4,DSAR identity-verification friction — failed-verification anomaly,high,gdpr,2016/679,Art.12(6),,partial,detects-violation-of,content/cat-22-regulatory-compliance/UC-22.36.4.json
22.36.5,DSAR request-type mix anomaly — zero-deletion skew indicating broken workflow,medium,gdpr,2016/679,Art.12(2),,contributing,detects-violation-of,content/cat-22-regulatory-compliance/UC-22.36.5.json
22.37.1,Consent capture evidence freshness — stale-consent alerting,high,gdpr,2016/679,Art.6,,partial,satisfies,content/cat-22-regulatory-compliance/UC-22.37.1.json
22.37.1,Consent capture evidence freshness — stale-consent alerting,high,gdpr,2016/679,Art.7,,partial,satisfies,content/cat-22-regulatory-compliance/UC-22.37.1.json
22.37.2,Consent withdrawal propagation SLA — downstream stop-processing evidence,critical,gdpr,2016/679,Art.7,,full,satisfies,content/cat-22-regulatory-compliance/UC-22.37.2.json
22.37.4,Purpose-limitation enforcement — processing not matching declared purpose,high,gdpr,2016/679,Art.5(1)(b),,partial,satisfies,content/cat-22-regulatory-compliance/UC-22.37.4.json
22.37.5,IAB TCF consent string mutation without user interaction,high,gdpr,2016/679,Art.7(1),,partial,satisfies,content/cat-22-regulatory-compliance/UC-22.37.5.json
22.38.1,Cross-border personal-data flow anomaly — egress to unsanctioned jurisdictions,critical,gdpr,2016/679,Art.44,,full,detects-violation-of,content/cat-22-regulatory-compliance/UC-22.38.1.json
22.38.1,Cross-border personal-data flow anomaly — egress to unsanctioned jurisdictions,critical,gdpr,2016/679,Art.46,,partial,satisfies,content/cat-22-regulatory-compliance/UC-22.38.1.json
22.38.2,SCC / adequacy decision reference freshness — stale-safeguard detector,medium,gdpr,2016/679,Art.45,,partial,satisfies,content/cat-22-regulatory-compliance/UC-22.38.2.json
22.38.2,SCC / adequacy decision reference freshness — stale-safeguard detector,medium,gdpr,2016/679,Art.46,,full,satisfies,content/cat-22-regulatory-compliance/UC-22.38.2.json
22.38.3,Data localization enforcement — regulated-data must-stay-in-region,high,dora,Regulation (EU) 2022/2554,Art.28,,partial,satisfies,content/cat-22-regulatory-compliance/UC-22.38.3.json
22.38.3,Data localization enforcement — regulated-data must-stay-in-region,high,gdpr,2016/679,Art.44,,full,detects-violation-of,content/cat-22-regulatory-compliance/UC-22.38.3.json
22.38.4,Transfer Impact Assessment currency — stale Schrems II assessments,medium,gdpr,2016/679,Art.46,,full,satisfies,content/cat-22-regulatory-compliance/UC-22.38.4.json
22.38.5,Bulk regulated-data export targeting non-adequate jurisdiction,critical,dora,Regulation (EU) 2022/2554,Art.28,,partial,satisfies,content/cat-22-regulatory-compliance/UC-22.38.5.json
22.38.5,Bulk regulated-data export targeting non-adequate jurisdiction,critical,gdpr,2016/679,Art.44,,full,satisfies,content/cat-22-regulatory-compliance/UC-22.38.5.json
22.38.5,Bulk regulated-data export targeting non-adequate jurisdiction,critical,gdpr,2016/679,Art.45,,partial,satisfies,content/cat-22-regulatory-compliance/UC-22.38.5.json
22.39.1,Multi-regulator breach-notification SLA tracker (24h NIS2 / 72h GDPR / 72h HIPAA),critical,dora,Regulation (EU) 2022/2554,Art.19,,full,satisfies,content/cat-22-regulatory-compliance/UC-22.39.1.json
22.39.1,Multi-regulator breach-notification SLA tracker (24h NIS2 / 72h GDPR / 72h HIPAA),critical,gdpr,2016/679,Art.33,,full,satisfies,content/cat-22-regulatory-compliance/UC-22.39.1.json
22.39.1,Multi-regulator breach-notification SLA tracker (24h NIS2 / 72h GDPR / 72h HIPAA),critical,hipaa-security,2013-final,§164.308(a)(6),,partial,satisfies,content/cat-22-regulatory-compliance/UC-22.39.1.json
22.39.1,Multi-regulator breach-notification SLA tracker (24h NIS2 / 72h GDPR / 72h HIPAA),critical,nis2,Directive (EU) 2022/2555,Art.23,https://eur-lex.europa.eu/eli/dir/2022/2555/oj,full,satisfies,content/cat-22-regulatory-compliance/UC-22.39.1.json
22.39.2,Regulator-portal submission evidence — one-way API acknowledgement audit,high,gdpr,2016/679,Art.33,,full,satisfies,content/cat-22-regulatory-compliance/UC-22.39.2.json
22.39.2,Regulator-portal submission evidence — one-way API acknowledgement audit,high,nis2,Directive (EU) 2022/2555,Art.23,https://eur-lex.europa.eu/eli/dir/2022/2555/oj,full,satisfies,content/cat-22-regulatory-compliance/UC-22.39.2.json
22.39.3,Data-subject breach communication timeline tracker (Art.34 / §164.404),high,gdpr,2016/679,Art.34,,full,satisfies,content/cat-22-regulatory-compliance/UC-22.39.3.json
22.39.3,Data-subject breach communication timeline tracker (Art.34 / §164.404),high,hipaa-security,2013-final,§164.404,,full,satisfies,content/cat-22-regulatory-compliance/UC-22.39.3.json
22.39.4,Cross-regulator consistency — divergent material facts across submissions,high,dora,Regulation (EU) 2022/2554,Art.19,,partial,satisfies,content/cat-22-regulatory-compliance/UC-22.39.4.json
22.39.4,Cross-regulator consistency — divergent material facts across submissions,high,gdpr,2016/679,Art.33(3),,partial,satisfies,content/cat-22-regulatory-compliance/UC-22.39.4.json
22.39.4,Cross-regulator consistency — divergent material facts across submissions,high,nis2,Directive (EU) 2022/2555,Art.23(4),https://eur-lex.europa.eu/eli/dir/2022/2555/oj,partial,satisfies,content/cat-22-regulatory-compliance/UC-22.39.4.json
22.39.5,Regulator-portal authentication failure during submission window,high,gdpr,2016/679,Art.33(1),,contributing,satisfies,content/cat-22-regulatory-compliance/UC-22.39.5.json
22.39.5,Regulator-portal authentication failure during submission window,high,nis2,Directive (EU) 2022/2555,Art.23(1),https://eur-lex.europa.eu/eli/dir/2022/2555/oj,contributing,satisfies,content/cat-22-regulatory-compliance/UC-22.39.5.json
22.40.1,Privileged session recording — missing recordings for elevated sessions,critical,nist-800-53,Rev. 5,AC-6,,full,satisfies,content/cat-22-regulatory-compliance/UC-22.40.1.json
22.40.1,Privileged session recording — missing recordings for elevated sessions,critical,pci-dss,v4.0,10.2,,partial,satisfies,content/cat-22-regulatory-compliance/UC-22.40.1.json
22.40.1,Privileged session recording — missing recordings for elevated sessions,critical,soc-2,2017 TSC,CC6.1,,full,satisfies,content/cat-22-regulatory-compliance/UC-22.40.1.json
22.40.1,Privileged session recording — missing recordings for elevated sessions,critical,sox-itgc,PCAOB AS 2201,ITGC.AccessMgmt.Privileged,,full,satisfies,content/cat-22-regulatory-compliance/UC-22.40.1.json
22.40.2,Break-glass account usage review with mandatory post-use approval,critical,iso-27001,2022,A.5.15,,full,satisfies,content/cat-22-regulatory-compliance/UC-22.40.2.json
22.40.2,Break-glass account usage review with mandatory post-use approval,critical,nist-800-53,Rev. 5,AC-6,,full,satisfies,content/cat-22-regulatory-compliance/UC-22.40.2.json
22.40.2,Break-glass account usage review with mandatory post-use approval,critical,sox-itgc,PCAOB AS 2201,ITGC.AccessMgmt.Privileged,,full,satisfies,content/cat-22-regulatory-compliance/UC-22.40.2.json
22.40.3,Periodic access review SLA — stale certifications by control owner,high,iso-27001,2022,A.5.18,,full,satisfies,content/cat-22-regulatory-compliance/UC-22.40.3.json
22.40.3,Periodic access review SLA — stale certifications by control owner,high,nist-800-53,Rev. 5,AC-2,,full,satisfies,content/cat-22-regulatory-compliance/UC-22.40.3.json
22.40.3,Periodic access review SLA — stale certifications by control owner,high,sox-itgc,PCAOB AS 2201,ITGC.AccessMgmt.Review,,full,satisfies,content/cat-22-regulatory-compliance/UC-22.40.3.json
22.40.4,Standing-privilege credential vaulting drift — admin accounts outside PAM,critical,nist-800-53,Rev. 5,AC-5,,full,satisfies,content/cat-22-regulatory-compliance/UC-22.40.4.json
22.40.4,Standing-privilege credential vaulting drift — admin accounts outside PAM,critical,pci-dss,v4.0,7.2.5.1,,full,satisfies,content/cat-22-regulatory-compliance/UC-22.40.4.json
22.40.4,Standing-privilege credential vaulting drift — admin accounts outside PAM,critical,sox-itgc,PCAOB AS 2201,ITGC.AccessMgmt.Privileged,,full,satisfies,content/cat-22-regulatory-compliance/UC-22.40.4.json
22.40.5,High-risk privileged-session command without JIT approval,critical,nist-800-53,Rev. 5,AC-6(9),,full,satisfies,content/cat-22-regulatory-compliance/UC-22.40.5.json
22.40.5,High-risk privileged-session command without JIT approval,critical,pci-dss,v4.0,10.2.2,,full,satisfies,content/cat-22-regulatory-compliance/UC-22.40.5.json
22.40.5,High-risk privileged-session command without JIT approval,critical,sox-itgc,PCAOB AS 2201,ITGC.Privileged.JIT,,full,detects-violation-of,content/cat-22-regulatory-compliance/UC-22.40.5.json
22.40.6,Cross-cutting — TACACS+ Privileged Command Audit Coverage Across Networks,high,iso-27001,2022,A.8.2,,contributing,satisfies,content/cat-22-regulatory-compliance/UC-22.40.6.json
22.40.6,Cross-cutting — TACACS+ Privileged Command Audit Coverage Across Networks,high,nist-800-53,Rev. 5,AU-2,,contributing,satisfies,content/cat-22-regulatory-compliance/UC-22.40.6.json
22.40.6,Cross-cutting — TACACS+ Privileged Command Audit Coverage Across Networks,high,pci-dss,v4.0,10.2.1.5,,contributing,satisfies,content/cat-22-regulatory-compliance/UC-22.40.6.json
22.40.7,"Cross-cutting — ISE Admin Session Anomaly Evidence (Geographic, Concurrent)",medium,iso-27001,2022,A.8.5,,contributing,satisfies,content/cat-22-regulatory-compliance/UC-22.40.7.json
22.40.7,"Cross-cutting — ISE Admin Session Anomaly Evidence (Geographic, Concurrent)",medium,nist-800-53,Rev. 5,AC-12,,contributing,satisfies,content/cat-22-regulatory-compliance/UC-22.40.7.json
22.40.7,"Cross-cutting — ISE Admin Session Anomaly Evidence (Geographic, Concurrent)",medium,pci-dss,v4.0,8.2.7,,contributing,satisfies,content/cat-22-regulatory-compliance/UC-22.40.7.json
22.41.1,Encryption-at-rest coverage gap — unencrypted storage with regulated data,critical,gdpr,2016/679,Art.32,,full,satisfies,content/cat-22-regulatory-compliance/UC-22.41.1.json
22.41.1,Encryption-at-rest coverage gap — unencrypted storage with regulated data,critical,hipaa-security,2013-final,§164.312(a)(2)(iv),,full,satisfies,content/cat-22-regulatory-compliance/UC-22.41.1.json
22.41.1,Encryption-at-rest coverage gap — unencrypted storage with regulated data,critical,nist-800-53,Rev. 5,SC-13,,full,satisfies,content/cat-22-regulatory-compliance/UC-22.41.1.json
22.41.1,Encryption-at-rest coverage gap — unencrypted storage with regulated data,critical,pci-dss,v4.0,3.5,,full,satisfies,content/cat-22-regulatory-compliance/UC-22.41.1.json
22.41.2,Certificate / TLS posture — weak cipher and expired-cert detection,high,hipaa-security,2013-final,§164.312(e)(1),,full,satisfies,content/cat-22-regulatory-compliance/UC-22.41.2.json
22.41.2,Certificate / TLS posture — weak cipher and expired-cert detection,high,nis2,Directive (EU) 2022/2555,Art.21(2)(h),https://eur-lex.europa.eu/eli/dir/2022/2555/oj,full,satisfies,content/cat-22-regulatory-compliance/UC-22.41.2.json
22.41.2,Certificate / TLS posture — weak cipher and expired-cert detection,high,nist-800-53,Rev. 5,SC-8,,full,satisfies,content/cat-22-regulatory-compliance/UC-22.41.2.json
22.41.2,Certificate / TLS posture — weak cipher and expired-cert detection,high,pci-dss,v4.0,4.2,,full,satisfies,content/cat-22-regulatory-compliance/UC-22.41.2.json
22.41.3,Key rotation attestation — KMS/HSM rotation SLA tracker,high,dora,Regulation (EU) 2022/2554,Art.9,,full,satisfies,content/cat-22-regulatory-compliance/UC-22.41.3.json
22.41.3,Key rotation attestation — KMS/HSM rotation SLA tracker,high,nist-800-53,Rev. 5,SC-13,,full,satisfies,content/cat-22-regulatory-compliance/UC-22.41.3.json
22.41.3,Key rotation attestation — KMS/HSM rotation SLA tracker,high,pci-dss,v4.0,3.6,,full,satisfies,content/cat-22-regulatory-compliance/UC-22.41.3.json
22.41.4,TLS downgrade / legacy-cipher handshake spike,high,hipaa-security,2013-final,§164.312(e)(1),,full,satisfies,content/cat-22-regulatory-compliance/UC-22.41.4.json
22.41.4,TLS downgrade / legacy-cipher handshake spike,high,nist-800-53,Rev. 5,SC-8,,full,satisfies,content/cat-22-regulatory-compliance/UC-22.41.4.json
22.41.4,TLS downgrade / legacy-cipher handshake spike,high,pci-dss,v4.0,4.2.1,,full,satisfies,content/cat-22-regulatory-compliance/UC-22.41.4.json
22.41.5,Key custodian SoD — same identity creates AND approves a key,high,nist-800-53,Rev. 5,SC-12,,full,satisfies,content/cat-22-regulatory-compliance/UC-22.41.5.json
22.41.5,Key custodian SoD — same identity creates AND approves a key,high,pci-dss,v4.0,3.6.1,,full,satisfies,content/cat-22-regulatory-compliance/UC-22.41.5.json
22.41.5,Key custodian SoD — same identity creates AND approves a key,high,sox-itgc,PCAOB AS 2201,ITGC.Crypto.SoD,,partial,detects-violation-of,content/cat-22-regulatory-compliance/UC-22.41.5.json
22.41.6,Cross-cutting — Cisco ISE Certificate Lifecycle Attestation (NAC PKI),high,iso-27001,2022,A.8.24,,contributing,satisfies,content/cat-22-regulatory-compliance/UC-22.41.6.json
22.41.6,Cross-cutting — Cisco ISE Certificate Lifecycle Attestation (NAC PKI),high,nist-800-53,Rev. 5,SC-12,,contributing,satisfies,content/cat-22-regulatory-compliance/UC-22.41.6.json
22.41.6,Cross-cutting — Cisco ISE Certificate Lifecycle Attestation (NAC PKI),high,pci-dss,v4.0,3.7.1,,contributing,satisfies,content/cat-22-regulatory-compliance/UC-22.41.6.json
22.41.7,Cross-cutting — OCSP / CRL Revocation Infrastructure Attestation,high,iso-27001,2022,A.8.24,,contributing,satisfies,content/cat-22-regulatory-compliance/UC-22.41.7.json
22.41.7,Cross-cutting — OCSP / CRL Revocation Infrastructure Attestation,high,nist-800-53,Rev. 5,IA-5(2),,contributing,satisfies,content/cat-22-regulatory-compliance/UC-22.41.7.json
22.41.7,Cross-cutting — OCSP / CRL Revocation Infrastructure Attestation,high,pci-dss,v4.0,8.3.10,,contributing,satisfies,content/cat-22-regulatory-compliance/UC-22.41.7.json
22.42.1,Unauthorized production change — no approved CR matches the observed change,critical,nist-800-53,Rev. 5,CM-3,,full,satisfies,content/cat-22-regulatory-compliance/UC-22.42.1.json
22.42.1,Unauthorized production change — no approved CR matches the observed change,critical,soc-2,2017 TSC,CC8.1,,full,satisfies,content/cat-22-regulatory-compliance/UC-22.42.1.json
22.42.1,Unauthorized production change — no approved CR matches the observed change,critical,sox-itgc,PCAOB AS 2201,ITGC.ChangeMgmt.Authorization,,full,satisfies,content/cat-22-regulatory-compliance/UC-22.42.1.json
22.42.2,Configuration baseline drift — regulated hosts deviating from CIS benchmark,high,nist-800-53,Rev. 5,CM-2,,full,satisfies,content/cat-22-regulatory-compliance/UC-22.42.2.json
22.42.2,Configuration baseline drift — regulated hosts deviating from CIS benchmark,high,nist-800-53,Rev. 5,CM-6,,full,satisfies,content/cat-22-regulatory-compliance/UC-22.42.2.json
22.42.2,Configuration baseline drift — regulated hosts deviating from CIS benchmark,high,pci-dss,v4.0,1.2,,partial,satisfies,content/cat-22-regulatory-compliance/UC-22.42.2.json
22.42.3,Change rollback execution evidence — declared rollback vs actual,medium,nist-800-53,Rev. 5,CM-3,,full,satisfies,content/cat-22-regulatory-compliance/UC-22.42.3.json
22.42.3,Change rollback execution evidence — declared rollback vs actual,medium,soc-2,2017 TSC,CC8.1,,full,satisfies,content/cat-22-regulatory-compliance/UC-22.42.3.json
22.42.3,Change rollback execution evidence — declared rollback vs actual,medium,sox-itgc,PCAOB AS 2201,ITGC.Change.Rollback,,partial,satisfies,content/cat-22-regulatory-compliance/UC-22.42.3.json
22.42.4,CAB approval bypass — change pushed before scheduled window,high,nist-800-53,Rev. 5,CM-3,,full,detects-violation-of,content/cat-22-regulatory-compliance/UC-22.42.4.json
22.42.4,CAB approval bypass — change pushed before scheduled window,high,soc-2,2017 TSC,CC8.1,,full,detects-violation-of,content/cat-22-regulatory-compliance/UC-22.42.4.json
22.42.4,CAB approval bypass — change pushed before scheduled window,high,sox-itgc,PCAOB AS 2201,ITGC.Change.Approval,,full,detects-violation-of,content/cat-22-regulatory-compliance/UC-22.42.4.json
22.42.5,Infrastructure-as-code drift — applied state diverges from merged plan,high,iso-27001,2022,A.8.9,,full,satisfies,content/cat-22-regulatory-compliance/UC-22.42.5.json
22.42.5,Infrastructure-as-code drift — applied state diverges from merged plan,high,nist-800-53,Rev. 5,CM-6,,full,satisfies,content/cat-22-regulatory-compliance/UC-22.42.5.json
22.42.5,Infrastructure-as-code drift — applied state diverges from merged plan,high,soc-2,2017 TSC,CC8.1,,partial,satisfies,content/cat-22-regulatory-compliance/UC-22.42.5.json
22.43.1,Critical vulnerability SLA tracker — unpatched 30+ days with exploited-in-the-wild indicator,critical,iso-27001,2022,A.8.8,,full,satisfies,content/cat-22-regulatory-compliance/UC-22.43.1.json
22.43.1,Critical vulnerability SLA tracker — unpatched 30+ days with exploited-in-the-wild indicator,critical,nis2,Directive (EU) 2022/2555,Art.21(2)(e),https://eur-lex.europa.eu/eli/dir/2022/2555/oj,partial,satisfies,content/cat-22-regulatory-compliance/UC-22.43.1.json
22.43.1,Critical vulnerability SLA tracker — unpatched 30+ days with exploited-in-the-wild indicator,critical,nist-800-53,Rev. 5,RA-5,,full,satisfies,content/cat-22-regulatory-compliance/UC-22.43.1.json
22.43.1,Critical vulnerability SLA tracker — unpatched 30+ days with exploited-in-the-wild indicator,critical,pci-dss,v4.0,6.3,,full,satisfies,content/cat-22-regulatory-compliance/UC-22.43.1.json
22.43.2,Vulnerability rediscovery after patch — regressed exposures,high,nist-800-53,Rev. 5,RA-5,,partial,satisfies,content/cat-22-regulatory-compliance/UC-22.43.2.json
22.43.2,Vulnerability rediscovery after patch — regressed exposures,high,pci-dss,v4.0,6.3,,partial,satisfies,content/cat-22-regulatory-compliance/UC-22.43.2.json
22.43.3,Internet-facing asset × unpatched critical CVE,critical,nis2,Directive (EU) 2022/2555,Art.21(2)(e),https://eur-lex.europa.eu/eli/dir/2022/2555/oj,full,satisfies,content/cat-22-regulatory-compliance/UC-22.43.3.json
22.43.3,Internet-facing asset × unpatched critical CVE,critical,nist-800-53,Rev. 5,RA-5,,full,satisfies,content/cat-22-regulatory-compliance/UC-22.43.3.json
22.43.3,Internet-facing asset × unpatched critical CVE,critical,pci-dss,v4.0,6.3.3,,full,satisfies,content/cat-22-regulatory-compliance/UC-22.43.3.json
22.43.4,Scanner coverage gap — regulated hosts without a recent scan,high,iso-27001,2022,A.8.8,,full,satisfies,content/cat-22-regulatory-compliance/UC-22.43.4.json
22.43.4,Scanner coverage gap — regulated hosts without a recent scan,high,nist-800-53,Rev. 5,RA-5(2),,full,satisfies,content/cat-22-regulatory-compliance/UC-22.43.4.json
22.43.4,Scanner coverage gap — regulated hosts without a recent scan,high,pci-dss,v4.0,11.3.1.1,,full,satisfies,content/cat-22-regulatory-compliance/UC-22.43.4.json
22.43.5,SBOM vendor-component CVE exposure,high,nis2,Directive (EU) 2022/2555,Art.21(2)(d),https://eur-lex.europa.eu/eli/dir/2022/2555/oj,partial,satisfies,content/cat-22-regulatory-compliance/UC-22.43.5.json
22.43.5,SBOM vendor-component CVE exposure,high,nist-800-53,Rev. 5,SR-11,,partial,satisfies,content/cat-22-regulatory-compliance/UC-22.43.5.json
22.44.1,Supplier attestation currency — stale SOC 2 / ISO 27001 reports for critical vendors,high,dora,Regulation (EU) 2022/2554,Art.28,,full,satisfies,content/cat-22-regulatory-compliance/UC-22.44.1.json
22.44.1,Supplier attestation currency — stale SOC 2 / ISO 27001 reports for critical vendors,high,nis2,Directive (EU) 2022/2555,Art.21(2)(d),https://eur-lex.europa.eu/eli/dir/2022/2555/oj,full,satisfies,content/cat-22-regulatory-compliance/UC-22.44.1.json
22.44.1,Supplier attestation currency — stale SOC 2 / ISO 27001 reports for critical vendors,high,nist-800-53,Rev. 5,SR-3,,partial,satisfies,content/cat-22-regulatory-compliance/UC-22.44.1.json
22.44.2,Subprocessor inventory change — notification SLA to data controllers,high,dora,Regulation (EU) 2022/2554,Art.28,,full,satisfies,content/cat-22-regulatory-compliance/UC-22.44.2.json
22.44.2,Subprocessor inventory change — notification SLA to data controllers,high,gdpr,2016/679,Art.28,,full,satisfies,content/cat-22-regulatory-compliance/UC-22.44.2.json
22.44.3,Fourth-party concentration risk — shared critical dependencies across vendors,medium,dora,Regulation (EU) 2022/2554,Art.28,,partial,satisfies,content/cat-22-regulatory-compliance/UC-22.44.3.json
22.44.4,Vendor access telemetry — principals active outside contracted hours/geos,high,dora,Regulation (EU) 2022/2554,Art.28,,full,satisfies,content/cat-22-regulatory-compliance/UC-22.44.4.json
22.44.4,Vendor access telemetry — principals active outside contracted hours/geos,high,nis2,Directive (EU) 2022/2555,Art.21(2)(d),https://eur-lex.europa.eu/eli/dir/2022/2555/oj,partial,satisfies,content/cat-22-regulatory-compliance/UC-22.44.4.json
22.44.4,Vendor access telemetry — principals active outside contracted hours/geos,high,nist-800-53,Rev. 5,SR-6,,partial,satisfies,content/cat-22-regulatory-compliance/UC-22.44.4.json
22.44.5,SBOM attestation completeness — critical vendors without signed SBOM,high,nis2,Directive (EU) 2022/2555,Art.21(2)(d),https://eur-lex.europa.eu/eli/dir/2022/2555/oj,partial,satisfies,content/cat-22-regulatory-compliance/UC-22.44.5.json
22.44.5,SBOM attestation completeness — critical vendors without signed SBOM,high,nist-800-53,Rev. 5,SR-11(1),,partial,satisfies,content/cat-22-regulatory-compliance/UC-22.44.5.json
22.45.1,Backup restore-test evidence — RPO/RTO SLO compliance per recovery tier,critical,dora,Regulation (EU) 2022/2554,Art.12,https://eur-lex.europa.eu/eli/reg/2022/2554/oj,full,satisfies,content/cat-22-regulatory-compliance/UC-22.45.1.json
22.45.1,Backup restore-test evidence — RPO/RTO SLO compliance per recovery tier,critical,nist-800-53,Rev. 5,CP-9,https://csrc.nist.gov/projects/cprt/catalog#/cprt/framework/version/SP_800_53_5_2_0/home?element=CP-9,full,satisfies,content/cat-22-regulatory-compliance/UC-22.45.1.json
22.45.1,Backup restore-test evidence — RPO/RTO SLO compliance per recovery tier,critical,soc-2,2017 TSC,A1.2,https://www.aicpa-cima.com/resources/download/2017-trust-services-criteria-with-revised-points-of-focus-2022,full,satisfies,content/cat-22-regulatory-compliance/UC-22.45.1.json
22.45.2,"Backup immutability and air-gap integrity — tamper, lock-violation, and checksum-failure detection",critical,dora,Regulation (EU) 2022/2554,Art.12,https://eur-lex.europa.eu/eli/reg/2022/2554/oj,partial,satisfies,content/cat-22-regulatory-compliance/UC-22.45.2.json
22.45.2,"Backup immutability and air-gap integrity — tamper, lock-violation, and checksum-failure detection",critical,hipaa-security,2013-final,§164.308(a)(7),https://www.ecfr.gov/current/title-45/subtitle-A/subchapter-C/part-164/subpart-C/section-164.308,partial,satisfies,content/cat-22-regulatory-compliance/UC-22.45.2.json
22.45.2,"Backup immutability and air-gap integrity — tamper, lock-violation, and checksum-failure detection",critical,nist-800-53,Rev. 5,CP-9(8),https://csrc.nist.gov/projects/cprt/catalog#/cprt/framework/version/SP_800_53_5_2_0/home?element=CP-9,full,satisfies,content/cat-22-regulatory-compliance/UC-22.45.2.json
22.45.3,Backup coverage gap — regulated workloads with no successful backup in the protection window,critical,dora,Regulation (EU) 2022/2554,Art.12,https://eur-lex.europa.eu/eli/reg/2022/2554/oj,partial,satisfies,content/cat-22-regulatory-compliance/UC-22.45.3.json
22.45.3,Backup coverage gap — regulated workloads with no successful backup in the protection window,critical,nist-800-53,Rev. 5,CP-9,https://csrc.nist.gov/projects/cprt/catalog#/cprt/framework/version/SP_800_53_5_2_0/home?element=CP-9,full,satisfies,content/cat-22-regulatory-compliance/UC-22.45.3.json
22.45.3,Backup coverage gap — regulated workloads with no successful backup in the protection window,critical,pci-dss,v4.0,9.4.3,https://www.pcisecuritystandards.org/document_library/?category=pcidss,partial,satisfies,content/cat-22-regulatory-compliance/UC-22.45.3.json
22.45.3,Backup coverage gap — regulated workloads with no successful backup in the protection window,critical,sox-itgc,PCAOB AS 2201,ITGC.Operations.Backup,https://pcaobus.org/oversight/standards/auditing-standards/details/AS2201,full,satisfies,content/cat-22-regulatory-compliance/UC-22.45.3.json
22.45.4,"Backup repository TLS posture — weak protocols, weak ciphers, and aged certificates on backup ingress",high,dora,Regulation (EU) 2022/2554,Art.12,https://eur-lex.europa.eu/eli/reg/2022/2554/oj,partial,satisfies,content/cat-22-regulatory-compliance/UC-22.45.4.json
22.45.4,"Backup repository TLS posture — weak protocols, weak ciphers, and aged certificates on backup ingress",high,hipaa-security,2013-final,§164.312(e)(1),https://www.ecfr.gov/current/title-45/subtitle-A/subchapter-C/part-164/subpart-C/section-164.312,partial,satisfies,content/cat-22-regulatory-compliance/UC-22.45.4.json
22.45.4,"Backup repository TLS posture — weak protocols, weak ciphers, and aged certificates on backup ingress",high,nist-800-53,Rev. 5,CP-9(3),https://csrc.nist.gov/projects/cprt/catalog#/cprt/framework/version/SP_800_53_5_2_0/home?element=CP-9,partial,satisfies,content/cat-22-regulatory-compliance/UC-22.45.4.json
22.45.4,"Backup repository TLS posture — weak protocols, weak ciphers, and aged certificates on backup ingress",high,pci-dss,v4.0,4.2.1,https://www.pcisecuritystandards.org/document_library/?category=pcidss,partial,satisfies,content/cat-22-regulatory-compliance/UC-22.45.4.json
22.45.5,Business-continuity rehearsal evidence — overdue BCP/DR exercises per business unit with signed attestation,high,dora,Regulation (EU) 2022/2554,Art.24,https://eur-lex.europa.eu/eli/reg/2022/2554/oj,full,satisfies,content/cat-22-regulatory-compliance/UC-22.45.5.json
22.45.5,Business-continuity rehearsal evidence — overdue BCP/DR exercises per business unit with signed attestation,high,iso-27001,2022,A.5.30,https://www.iso.org/standard/27001,full,satisfies,content/cat-22-regulatory-compliance/UC-22.45.5.json
22.45.5,Business-continuity rehearsal evidence — overdue BCP/DR exercises per business unit with signed attestation,high,nis2,Directive (EU) 2022/2555,Art.21(2)(c),https://eur-lex.europa.eu/eli/dir/2022/2555/oj,partial,satisfies,content/cat-22-regulatory-compliance/UC-22.45.5.json
22.45.5,Business-continuity rehearsal evidence — overdue BCP/DR exercises per business unit with signed attestation,high,nist-800-53,Rev. 5,CP-4,https://csrc.nist.gov/projects/cprt/catalog#/cprt/framework/version/SP_800_53_5_2_0/home?element=CP-4,full,satisfies,content/cat-22-regulatory-compliance/UC-22.45.5.json
22.46.1,Mandatory security training — completion SLA by role,medium,hipaa-security,2013-final,§164.308(a)(5),,full,satisfies,content/cat-22-regulatory-compliance/UC-22.46.1.json
22.46.1,Mandatory security training — completion SLA by role,medium,nis2,Directive (EU) 2022/2555,Art.21(2)(g),https://eur-lex.europa.eu/eli/dir/2022/2555/oj,full,satisfies,content/cat-22-regulatory-compliance/UC-22.46.1.json
22.46.1,Mandatory security training — completion SLA by role,medium,pci-dss,v4.0,12.6,,full,satisfies,content/cat-22-regulatory-compliance/UC-22.46.1.json
22.46.2,Phishing simulation efficacy — click-rate trend and repeat-clicker detection,medium,nis2,Directive (EU) 2022/2555,Art.21(2)(g),https://eur-lex.europa.eu/eli/dir/2022/2555/oj,partial,satisfies,content/cat-22-regulatory-compliance/UC-22.46.2.json
22.46.2,Phishing simulation efficacy — click-rate trend and repeat-clicker detection,medium,pci-dss,v4.0,12.6,,partial,satisfies,content/cat-22-regulatory-compliance/UC-22.46.2.json
22.46.3,Privileged-role specialist training — admins lacking annual deep-training,medium,hipaa-security,2013-final,§164.308(a)(5)(ii)(A),,partial,satisfies,content/cat-22-regulatory-compliance/UC-22.46.3.json
22.46.3,Privileged-role specialist training — admins lacking annual deep-training,medium,nist-800-53,Rev. 5,AT-3,,full,satisfies,content/cat-22-regulatory-compliance/UC-22.46.3.json
22.46.3,Privileged-role specialist training — admins lacking annual deep-training,medium,pci-dss,v4.0,12.6.3,,partial,satisfies,content/cat-22-regulatory-compliance/UC-22.46.3.json
22.46.4,Tabletop rehearsal evidence — IR plan exercise frequency,medium,dora,Regulation (EU) 2022/2554,Art.24,,partial,satisfies,content/cat-22-regulatory-compliance/UC-22.46.4.json
22.46.4,Tabletop rehearsal evidence — IR plan exercise frequency,medium,nis2,Directive (EU) 2022/2555,Art.21(2)(b),https://eur-lex.europa.eu/eli/dir/2022/2555/oj,partial,satisfies,content/cat-22-regulatory-compliance/UC-22.46.4.json
22.46.4,Tabletop rehearsal evidence — IR plan exercise frequency,medium,nist-800-53,Rev. 5,IR-3,,full,satisfies,content/cat-22-regulatory-compliance/UC-22.46.4.json
22.46.5,Developer data-handling training — prod-access engineers lacking training,high,gdpr,2016/679,Art.32(4),,partial,satisfies,content/cat-22-regulatory-compliance/UC-22.46.5.json
22.46.5,Developer data-handling training — prod-access engineers lacking training,high,hipaa-security,2013-final,§164.308(a)(5),,partial,satisfies,content/cat-22-regulatory-compliance/UC-22.46.5.json
22.46.5,Developer data-handling training — prod-access engineers lacking training,high,iso-27001,2022,A.6.3,,full,satisfies,content/cat-22-regulatory-compliance/UC-22.46.5.json
22.47.1,Control test freshness — evidence older than policy cadence,medium,iso-27001,2022,A.5.36,,full,satisfies,content/cat-22-regulatory-compliance/UC-22.47.1.json
22.47.1,Control test freshness — evidence older than policy cadence,medium,nist-800-53,Rev. 5,PM-1,,partial,satisfies,content/cat-22-regulatory-compliance/UC-22.47.1.json
22.47.1,Control test freshness — evidence older than policy cadence,medium,soc-2,2017 TSC,CC5.1,,full,satisfies,content/cat-22-regulatory-compliance/UC-22.47.1.json
22.47.2,Repeat audit findings — same control deficiency across consecutive audit cycles,high,soc-2,2017 TSC,CC3.1,,partial,satisfies,content/cat-22-regulatory-compliance/UC-22.47.2.json
22.47.2,Repeat audit findings — same control deficiency across consecutive audit cycles,high,sox-itgc,PCAOB AS 2201,ITGC.Logging.Review,,contributing,detects-violation-of,content/cat-22-regulatory-compliance/UC-22.47.2.json
22.47.3,Control owner attestation freshness,medium,iso-27001,2022,A.5.35,,partial,satisfies,content/cat-22-regulatory-compliance/UC-22.47.3.json
22.47.3,Control owner attestation freshness,medium,nist-800-53,Rev. 5,CA-2,,full,satisfies,content/cat-22-regulatory-compliance/UC-22.47.3.json
22.47.3,Control owner attestation freshness,medium,soc-2,2017 TSC,CC1.3,,full,satisfies,content/cat-22-regulatory-compliance/UC-22.47.3.json
22.47.4,Evidence-pack drift — auditor-facing vs pre-production evidence,high,soc-2,2017 TSC,CC1.5,,full,satisfies,content/cat-22-regulatory-compliance/UC-22.47.4.json
22.47.4,Evidence-pack drift — auditor-facing vs pre-production evidence,high,sox-itgc,PCAOB AS 2201,ITGC.Evidence.Integrity,,full,satisfies,content/cat-22-regulatory-compliance/UC-22.47.4.json
22.47.5,Continuous control monitoring anomaly — failure-rate trending up,high,iso-27001,2022,A.5.36,,partial,satisfies,content/cat-22-regulatory-compliance/UC-22.47.5.json
22.47.5,Continuous control monitoring anomaly — failure-rate trending up,high,nist-800-53,Rev. 5,CA-7,,full,satisfies,content/cat-22-regulatory-compliance/UC-22.47.5.json
22.47.5,Continuous control monitoring anomaly — failure-rate trending up,high,soc-2,2017 TSC,CC4.1,,partial,satisfies,content/cat-22-regulatory-compliance/UC-22.47.5.json
22.48.1,Segregation of duties — toxic role combinations in IAM,critical,iso-27001,2022,A.5.3,,full,satisfies,content/cat-22-regulatory-compliance/UC-22.48.1.json
22.48.1,Segregation of duties — toxic role combinations in IAM,critical,pci-dss,v4.0,7.2,,partial,satisfies,content/cat-22-regulatory-compliance/UC-22.48.1.json
22.48.1,Segregation of duties — toxic role combinations in IAM,critical,sox-itgc,PCAOB AS 2201,ITGC.AccessMgmt.SOD,,full,satisfies,content/cat-22-regulatory-compliance/UC-22.48.1.json
22.48.2,SoD violations via break-glass usage — emergency role abuse,critical,sox-itgc,PCAOB AS 2201,ITGC.AccessMgmt.SOD,,partial,satisfies,content/cat-22-regulatory-compliance/UC-22.48.2.json
22.48.3,Developer-to-production SoD — same developer submits AND approves merge,high,iso-27001,2022,A.8.30,,partial,detects-violation-of,content/cat-22-regulatory-compliance/UC-22.48.3.json
22.48.3,Developer-to-production SoD — same developer submits AND approves merge,high,soc-2,2017 TSC,CC6.3,,full,detects-violation-of,content/cat-22-regulatory-compliance/UC-22.48.3.json
22.48.3,Developer-to-production SoD — same developer submits AND approves merge,high,sox-itgc,PCAOB AS 2201,ITGC.Change.SoD,,full,detects-violation-of,content/cat-22-regulatory-compliance/UC-22.48.3.json
22.48.4,Financial SoD — same identity posts AND approves a journal entry,critical,soc-2,2017 TSC,CC6.3,,full,detects-violation-of,content/cat-22-regulatory-compliance/UC-22.48.4.json
22.48.4,Financial SoD — same identity posts AND approves a journal entry,critical,sox-itgc,PCAOB AS 2201,ITGC.Financial.SoD,,full,detects-violation-of,content/cat-22-regulatory-compliance/UC-22.48.4.json
22.48.5,Vendor-master SoD — same identity creates vendor AND approves payment,critical,pci-dss,v4.0,7.2.5,,partial,satisfies,content/cat-22-regulatory-compliance/UC-22.48.5.json
22.48.5,Vendor-master SoD — same identity creates vendor AND approves payment,critical,sox-itgc,PCAOB AS 2201,ITGC.Vendor.SoD,,full,detects-violation-of,content/cat-22-regulatory-compliance/UC-22.48.5.json
22.49.1,Retention execution evidence — records past retention still present,high,gdpr,2016/679,Art.5,,full,satisfies,content/cat-22-regulatory-compliance/UC-22.49.1.json
22.49.1,Retention execution evidence — records past retention still present,high,hipaa-security,2013-final,§164.310(d)(1),,partial,satisfies,content/cat-22-regulatory-compliance/UC-22.49.1.json
22.49.2,Disposal workflow completion — failed disposals requiring manual review,high,gdpr,2016/679,Art.5,,full,satisfies,content/cat-22-regulatory-compliance/UC-22.49.2.json
22.49.2,Disposal workflow completion — failed disposals requiring manual review,high,hipaa-security,2013-final,§164.310(d)(1),,full,satisfies,content/cat-22-regulatory-compliance/UC-22.49.2.json
22.49.3,Litigation-hold override audit — holds applied/released without ticket,high,iso-27001,2022,A.5.33,,partial,satisfies,content/cat-22-regulatory-compliance/UC-22.49.3.json
22.49.3,Litigation-hold override audit — holds applied/released without ticket,high,sox-itgc,PCAOB AS 2201,ITGC.Logging.Review,,partial,satisfies,content/cat-22-regulatory-compliance/UC-22.49.3.json
22.49.4,Retention policy drift — system config vs policy catalogue,high,gdpr,2016/679,Art.5(1)(e),,full,satisfies,content/cat-22-regulatory-compliance/UC-22.49.4.json
22.49.4,Retention policy drift — system config vs policy catalogue,high,hipaa-security,2013-final,§164.316(b)(2),,partial,satisfies,content/cat-22-regulatory-compliance/UC-22.49.4.json
22.49.5,Cryptographic erasure attestation — per-asset destruction evidence,high,gdpr,2016/679,Art.17,,full,satisfies,content/cat-22-regulatory-compliance/UC-22.49.5.json
22.49.5,Cryptographic erasure attestation — per-asset destruction evidence,high,hipaa-security,2013-final,§164.310(d)(2)(i),,partial,satisfies,content/cat-22-regulatory-compliance/UC-22.49.5.json
22.49.5,Cryptographic erasure attestation — per-asset destruction evidence,high,nist-800-53,Rev. 5,MP-6,,full,satisfies,content/cat-22-regulatory-compliance/UC-22.49.5.json
22.52.1,SOCI Asset Register currency — evidence every s 18 reportable change is lodged within 30 days,critical,soci,2022-SLACIP+CIRMP-2023,SOCI-s18,,full,satisfies,content/cat-22-regulatory-compliance/UC-22.52.1.json
22.52.10,SOCI s 30CM SoNS vulnerability assessment on demand — compliance with Secretary notices and ASD assessor access,high,soci,2022-SLACIP+CIRMP-2023,SOCI-s30CM,,full,satisfies,content/cat-22-regulatory-compliance/UC-22.52.10.json
22.52.11,SOCI s 30DJ SoNS system-information periodic reporting — ASD event-log telemetry feed health,critical,soci,2022-SLACIP+CIRMP-2023,SOCI-s30DJ,,full,satisfies,content/cat-22-regulatory-compliance/UC-22.52.11.json
22.52.12,"SOCI CIRMP Rule 5 material-risk register currency — every identified material risk is owned, scored, and reviewed",critical,soci,2022-SLACIP+CIRMP-2023,SOCI-CIRMP-r5,,full,satisfies,content/cat-22-regulatory-compliance/UC-22.52.12.json
22.52.13,SOCI CIRMP Rule 6(1) unauthorised access / modification / interference — detect cyber compromise on assets supporting the SoNS,critical,soci,2022-SLACIP+CIRMP-2023,SOCI-CIRMP-r6.1,,partial,satisfies,content/cat-22-regulatory-compliance/UC-22.52.13.json
22.52.14,SOCI CIRMP Rule 6(2) continuous detection effectiveness — evidence detection / response / recovery is tested at least annually,high,soci,2022-SLACIP+CIRMP-2023,SOCI-CIRMP-r6.2,,full,satisfies,content/cat-22-regulatory-compliance/UC-22.52.14.json
22.52.15,SOCI CIRMP Rule 6(3) cyber framework attestation drift — Essential Eight / ISO 27001 / NIST CSF / AESCSF / C2M2 currency,critical,soci,2022-SLACIP+CIRMP-2023,SOCI-CIRMP-r6.3,,full,satisfies,content/cat-22-regulatory-compliance/UC-22.52.15.json
22.52.16,SOCI CIRMP Rule 7 critical-worker register currency and screening status,high,soci,2022-SLACIP+CIRMP-2023,SOCI-CIRMP-r7.1,,full,satisfies,content/cat-22-regulatory-compliance/UC-22.52.16.json
22.52.17,SOCI CIRMP Rule 7(2) insider-threat anomaly detection — UEBA on critical workers with documented removal-test cadence,critical,soci,2022-SLACIP+CIRMP-2023,SOCI-CIRMP-r7.2,,partial,satisfies,content/cat-22-regulatory-compliance/UC-22.52.17.json
22.52.18,SOCI CIRMP Rule 8 supply-chain hazard register currency and Tier-1 supplier attestation,high,soci,2022-SLACIP+CIRMP-2023,SOCI-CIRMP-r8.1,,full,satisfies,content/cat-22-regulatory-compliance/UC-22.52.18.json
22.52.19,SOCI CIRMP Rule 8(2) sanctions & FOCI screening — detect supplier or beneficial-owner additions to sanctions / consolidated lists,critical,soci,2022-SLACIP+CIRMP-2023,SOCI-CIRMP-r8.2,,full,satisfies,content/cat-22-regulatory-compliance/UC-22.52.19.json
22.52.2,SOCI s 30AC CIRMP existence and material-risk completeness — evidence the program covers every required hazard family,critical,soci,2022-SLACIP+CIRMP-2023,SOCI-s30AC,,full,satisfies,content/cat-22-regulatory-compliance/UC-22.52.2.json
22.52.20,SOCI CIRMP Rule 9 physical and natural-hazard register currency,high,soci,2022-SLACIP+CIRMP-2023,SOCI-CIRMP-r9.1,,full,satisfies,content/cat-22-regulatory-compliance/UC-22.52.20.json
22.52.21,SOCI CIRMP cyber + physical converged — evidence cyber detections trigger physical safeguards (auditorium-ready cross-control),critical,soci,2022-SLACIP+CIRMP-2023,SOCI-cross-cyber-physical,,full,satisfies,content/cat-22-regulatory-compliance/UC-22.52.21.json
22.52.22,SOCI Rule 10 annual report production — evidence the Rule 10 board-approved report is filed within 90 days of EOFY,critical,soci,2022-SLACIP+CIRMP-2023,SOCI-CIRMP-r10,,full,satisfies,content/cat-22-regulatory-compliance/UC-22.52.22.json
22.52.23,SOCI Rule 10 annual report content audit — evidence section-by-section completeness against CIRMP Rules 4-9,high,soci,2022-SLACIP+CIRMP-2023,SOCI-CIRMP-r10,,full,satisfies,content/cat-22-regulatory-compliance/UC-22.52.23.json
22.52.24,SOCI Part 6A Protected Information — access auditing and on-disclosure offence prevention,high,soci,2022-SLACIP+CIRMP-2023,SOCI-s46,,full,satisfies,content/cat-22-regulatory-compliance/UC-22.52.24.json
22.52.25,SOCI Part 6A Protected Information — lawful disclosure register (whitelist of authorised disclosures and recipients),high,soci,2022-SLACIP+CIRMP-2023,SOCI-cross-register,,full,satisfies,content/cat-22-regulatory-compliance/UC-22.52.25.json
22.52.26,SOCI ECSO 14-day Notice of Operations — evidence material-change notification within 14 days for Enhanced Cyber Security Obligations (ECSO) assets,high,soci,2022-SLACIP+CIRMP-2023,SOCI-ECSO-notice-of-ops,,full,satisfies,content/cat-22-regulatory-compliance/UC-22.52.26.json
22.52.27,"SOCI Government Assistance Powers (Part 3A) — evidence Information Gathering / Action / Intervention Direction receipt, response, and execution",critical,soci,2022-SLACIP+CIRMP-2023,SOCI-s35A,,full,satisfies,content/cat-22-regulatory-compliance/UC-22.52.27.json
22.52.28,SOCI cross-cutting health dashboard — single executive view of CIRMP + Asset Register + ECSO + GAP + Protected Info compliance posture,high,soci,2022-SLACIP+CIRMP-2023,SOCI-cross-cutting-health,,full,satisfies,content/cat-22-regulatory-compliance/UC-22.52.28.json
22.52.3,SOCI s 30AH CIRMP annual review currency — evidence each program has been reviewed in the last 365 days,high,soci,2022-SLACIP+CIRMP-2023,SOCI-s30AH,,full,satisfies,content/cat-22-regulatory-compliance/UC-22.52.3.json
22.52.4,SOCI s 30AG board approval evidence — every CIRMP and annual report has a signed board minute,critical,soci,2022-SLACIP+CIRMP-2023,SOCI-s30AG,,full,satisfies,content/cat-22-regulatory-compliance/UC-22.52.4.json
22.52.5,SOCI s 30BC critical cyber incident — 12-hour ASD notification SLA timer,critical,soci,2022-SLACIP+CIRMP-2023,SOCI-s30BC,,full,satisfies,content/cat-22-regulatory-compliance/UC-22.52.5.json
22.52.6,SOCI s 30BD other (significant) cyber incident — 72-hour ASD notification SLA timer,critical,soci,2022-SLACIP+CIRMP-2023,SOCI-s30BD,,full,satisfies,content/cat-22-regulatory-compliance/UC-22.52.6.json
22.52.7,SOCI s 30BF 84-hour written follow-up after an oral cyber notification,high,soci,2022-SLACIP+CIRMP-2023,SOCI-s30BF,,full,satisfies,content/cat-22-regulatory-compliance/UC-22.52.7.json
22.52.8,SOCI s 30CB SoNS statutory cyber-incident response plan currency,critical,soci,2022-SLACIP+CIRMP-2023,SOCI-s30CB,,partial,satisfies,content/cat-22-regulatory-compliance/UC-22.52.8.json
22.52.9,SOCI s 30CG SoNS cyber exercise compliance — every Secretary-issued exercise notice has a tracked evaluation report,high,soci,2022-SLACIP+CIRMP-2023,SOCI-s30CG,,full,satisfies,content/cat-22-regulatory-compliance/UC-22.52.9.json
22.53.1,AWIA Risk and Resilience Assessment (RRA) currency — evidence the 5-year cycle and population-tier deadlines are met,critical,awia,2018-amended-SDWA-1433,AWIA-s1433a,,full,satisfies,content/cat-22-regulatory-compliance/UC-22.53.1.json
22.53.10,"AWIA RRA Chemical Handling — detect cyber-controllable dosing-setpoint manipulation, over-dose, under-dose, and dosing-stop on treatment chemicals",critical,awia,2018-amended-SDWA-1433,AWIA-RRA-chemicals,,full,satisfies,content/cat-22-regulatory-compliance/UC-22.53.10.json
22.53.11,"AWIA RRA Financial Infrastructure — evidence billing, customer-payment, and vendor-payment systems are inventoried in the RRA and continuity controls are documented",high,awia,2018-amended-SDWA-1433,AWIA-RRA-financial,,full,satisfies,content/cat-22-regulatory-compliance/UC-22.53.11.json
22.53.12,"AWIA ERP Strategies and Actions — evidence every material RRA risk has a named owner, listed resources, and an actionable mitigation strategy in the ERP",high,awia,2018-amended-SDWA-1433,AWIA-ERP-strategies-actions,,full,satisfies,content/cat-22-regulatory-compliance/UC-22.53.12.json
22.53.13,"AWIA ERP Detection Strategies — evidence the detection pipeline (SCADA alarms, WQ monitoring, perimeter intrusion, video, public tip-line, WaterISAC / EPA / CISA threat feeds) is operational and escalating to incident response",high,awia,2018-amended-SDWA-1433,AWIA-ERP-detection,,full,satisfies,content/cat-22-regulatory-compliance/UC-22.53.13.json
22.53.14,"AWIA ERP Cyber-Incident Response — evidence the cyber IR procedure is exercised annually with documented triage, isolation, manual fallback, notification, recovery, and lessons-learned",critical,awia,2018-amended-SDWA-1433,AWIA-ERP-cyber-incident-response,,full,satisfies,content/cat-22-regulatory-compliance/UC-22.53.14.json
22.53.15,AWIA ERP Mutual-Aid — evidence WARN membership and activation criteria are documented; LEPC and state / federal contacts are recorded,medium,awia,2018-amended-SDWA-1433,AWIA-ERP-mutual-aid,,full,satisfies,content/cat-22-regulatory-compliance/UC-22.53.15.json
22.53.16,AWIA ERP Review Cycle — evidence the Emergency Response Plan is reviewed and revised every 5 years and after material change,high,awia,2018-amended-SDWA-1433,AWIA-ERP-review,,full,satisfies,content/cat-22-regulatory-compliance/UC-22.53.16.json
22.53.17,"AWIA EPA / WaterISAC Cyber-Incident Reporting — evidence cyber-incidents are reported to WaterISAC and EPA Regional WPC, with CIRCIA 72-hour readiness",critical,awia,2018-amended-SDWA-1433,AWIA-EPA-cwc-reporting,,full,satisfies,content/cat-22-regulatory-compliance/UC-22.53.17.json
22.53.18,"AWIA EPA Sanitary-Survey Cyber Readiness — evidence basic cyber hygiene (segmentation, MFA, patching, backup, IR) demonstrable during PWS sanitary survey",high,awia,2018-amended-SDWA-1433,AWIA-EPA-sanitary-survey,,full,satisfies,content/cat-22-regulatory-compliance/UC-22.53.18.json
22.53.19,"EPA / CISA Top Cyber Actions for Water Utilities — evidence the 9-item baseline (internet exposure, assessments, defaults, inventory, IR, backups, vulns, training, MFA) is implemented and reviewed",high,awia,2018-amended-SDWA-1433,AWIA-EPA-aware-checklist,,full,satisfies,content/cat-22-regulatory-compliance/UC-22.53.19.json
22.53.2,AWIA RRA content completeness — evidence all 7 required components are addressed,critical,awia,2018-amended-SDWA-1433,AWIA-s1433a(1),,full,satisfies,content/cat-22-regulatory-compliance/UC-22.53.2.json
22.53.20,"AWIA Recognised RRA Methodology — evidence the RRA documents its methodology against J100-21, AWWA M19, or EPA VSAT-Web",high,awia,2018-amended-SDWA-1433,AWIA-EPA-vsat,,full,satisfies,content/cat-22-regulatory-compliance/UC-22.53.20.json
22.53.21,"AWIA MFA on All Remote Access — detect remote-access logins (VPN, jump host, vendor engineering, SCADA cloud portal, management UIs) without multi-factor authentication",critical,awia,2018-amended-SDWA-1433,AWIA-EPA-mfa-remote-access,,full,satisfies,content/cat-22-regulatory-compliance/UC-22.53.21.json
22.53.22,AWIA IT / OT Segmentation — detect direct corporate-IT-to-OT traffic that violates the documented segmentation policy and internet-exposed SCADA / HMI / engineering workstations,critical,awia,2018-amended-SDWA-1433,AWIA-EPA-network-segmentation,,full,satisfies,content/cat-22-regulatory-compliance/UC-22.53.22.json
22.53.23,"AWIA Backup and Recovery — evidence SCADA configurations, PLC programs, historian data, water-quality data, and business systems are backed up to offline / immutable storage and restoration is tested",critical,awia,2018-amended-SDWA-1433,AWIA-EPA-backup-recovery,,full,satisfies,content/cat-22-regulatory-compliance/UC-22.53.23.json
22.53.24,"AWIA Default Passwords — detect OT and IT devices commissioned or still operating with vendor default credentials (PLC, HMI, network equipment, IP camera, BMS)",critical,awia,2018-amended-SDWA-1433,AWIA-EPA-default-creds,,full,satisfies,content/cat-22-regulatory-compliance/UC-22.53.24.json
22.53.25,"AWIA Cybersecurity Awareness Training — evidence operators, engineers, administrators, contractors, and board members complete annual cyber-awareness training",medium,awia,2018-amended-SDWA-1433,AWIA-EPA-training,,full,satisfies,content/cat-22-regulatory-compliance/UC-22.53.25.json
22.53.26,"AWIA Vulnerability Management — evidence CISA KEV / vendor / ICS-CERT vulnerabilities are tracked and remediated or compensated within SLA, with safety validation for OT",critical,awia,2018-amended-SDWA-1433,AWIA-EPA-vuln-mgmt,,full,satisfies,content/cat-22-regulatory-compliance/UC-22.53.26.json
22.53.27,"AWIA OT / IT Asset Inventory — evidence the continuously maintained inventory covers SCADA, PLCs, HMIs, RTUs at remote sites, network infrastructure, internet-exposed services, and remote-access endpoints",high,awia,2018-amended-SDWA-1433,AWIA-EPA-asset-inventory,,full,satisfies,content/cat-22-regulatory-compliance/UC-22.53.27.json
22.53.28,"AWIA Records Retention — evidence the RRA, ERP, and EPA certifications are retained for 5 years and producible to EPA on request",high,awia,2018-amended-SDWA-1433,AWIA-EPA-records-retention,,full,satisfies,content/cat-22-regulatory-compliance/UC-22.53.28.json
22.53.3,AWIA Emergency Response Plan (ERP) currency — evidence the ERP is completed and certified within 6 months of RRA,critical,awia,2018-amended-SDWA-1433,AWIA-s1433b,,full,satisfies,content/cat-22-regulatory-compliance/UC-22.53.3.json
22.53.4,"AWIA Section 1433(c) ERP coordination — evidence the Emergency Response Plan is coordinated with state, local, tribal, and territorial partners",high,awia,2018-amended-SDWA-1433,AWIA-s1433c,,full,satisfies,content/cat-22-regulatory-compliance/UC-22.53.4.json
22.53.5,AWIA Section 1433(g) certification — evidence RRA and ERP certifications are submitted to EPA through the AWIA portal on cycle and the certification audit trail is intact,critical,awia,2018-amended-SDWA-1433,AWIA-s1433g,,full,satisfies,content/cat-22-regulatory-compliance/UC-22.53.5.json
22.53.6,AWIA Baseline Malevolent Acts — evidence the RRA covers EPA's defined cyber-and-physical threat set against community water systems,high,awia,2018-amended-SDWA-1433,AWIA-RRA-malevolent-acts,,full,satisfies,content/cat-22-regulatory-compliance/UC-22.53.6.json
22.53.7,"AWIA Natural Hazards in the RRA — evidence flood, drought, wildfire, seismic, severe weather, and climate-shift hazards are sourced from authoritative providers",high,awia,2018-amended-SDWA-1433,AWIA-RRA-natural-hazards,,full,satisfies,content/cat-22-regulatory-compliance/UC-22.53.7.json
22.53.8,"AWIA RRA Electronic Systems Inventory — evidence enterprise IT, SCADA, PLC / RTU, plant networks, billing portals, and remote-access pathways are inventoried and assessed",critical,awia,2018-amended-SDWA-1433,AWIA-RRA-electronic-systems,,full,satisfies,content/cat-22-regulatory-compliance/UC-22.53.8.json
22.53.9,"AWIA RRA Monitoring Practices integrity — detect stuck values, suppressed alarms, falsified readings, and operator-shielded data on online analysers and SCADA monitoring chain",critical,awia,2018-amended-SDWA-1433,AWIA-RRA-monitoring-practices,,full,satisfies,content/cat-22-regulatory-compliance/UC-22.53.9.json
22.54.1,CIRCIA Covered-Entity Determination Registry — maintain authoritative scope evidence so the 72-hour clock starts the moment it must,critical,circia,2022-act-with-2024-nprm,CIRCIA-s2242a,,full,satisfies,content/cat-22-regulatory-compliance/UC-22.54.1.json
22.54.10,CIRCIA 72-Hour Clock Determination-Point Detection — timestamp the 'reasonably believes' decision with auditable provenance,critical,circia,2022-act-with-2024-nprm,CIRCIA-NPRM-72hr-reporting,,full,satisfies,content/cat-22-regulatory-compliance/UC-22.54.10.json
22.54.11,CIRCIA 24-Hour Ransom-Payment Clock Operationalisation — capture broadcast / debit timestamp from wallet-custodian and treasury workstation,critical,circia,2022-act-with-2024-nprm,CIRCIA-NPRM-24hr-ransom,,full,satisfies,content/cat-22-regulatory-compliance/UC-22.54.11.json
22.54.12,CIRCIA Report-Content Template Validator — every submission includes the 11 NPRM §226.8 required elements before transmission,high,circia,2022-act-with-2024-nprm,CIRCIA-NPRM-report-content,,full,satisfies,content/cat-22-regulatory-compliance/UC-22.54.12.json
22.54.13,"CIRCIA Third-Party Reporting Authorisation — IR firm, insurer, or MSSP may submit on the covered entity's behalf with written authority",high,circia,2022-act-with-2024-nprm,CIRCIA-NPRM-third-party-reporting,,full,satisfies,content/cat-22-regulatory-compliance/UC-22.54.13.json
22.54.14,"CIRCIA Recordkeeping-Quality Audit — auditable timestamp evidence for every reported determination, broadcast, and submission",high,circia,2022-act-with-2024-nprm,CIRCIA-NPRM-recordkeeping-quality,,full,satisfies,content/cat-22-regulatory-compliance/UC-22.54.14.json
22.54.15,"CIRCIA Agreement Inventory — evidence every sectoral-bridge agreement (NRC, FCC, FDA, FAA, FERC, SEC, EPA) is current and operationalised",high,circia,2022-act-with-2024-nprm,CIRCIA-NPRM-cisa-agreement,,full,satisfies,content/cat-22-regulatory-compliance/UC-22.54.15.json
22.54.16,CIRCIA CISA Services Portal Submission Health — verify every submission is acknowledged with a portal receipt and a CISA case number,critical,circia,2022-act-with-2024-nprm,CIRCIA-CISA-portal,,full,satisfies,content/cat-22-regulatory-compliance/UC-22.54.16.json
22.54.17,CIRCIA Interim Voluntary-Reporting Posture — documented decision-and-implementation framework for pre-Final-Rule reporting,medium,circia,2022-act-with-2024-nprm,CIRCIA-CISA-interim-reporting,,partial,satisfies,content/cat-22-regulatory-compliance/UC-22.54.17.json
22.54.18,CIRCIA Sector-SRMA Coordination Trail — evidence each CISA submission was relayed to / from the Sector Risk Management Agency,high,circia,2022-act-with-2024-nprm,CIRCIA-CISA-coordination-with-sector-srma,,full,satisfies,content/cat-22-regulatory-compliance/UC-22.54.18.json
22.54.19,CIRCIA Internal Incident Classification Triage — distinguish CIRCIA-reportable from sectoral-only and notice-only,critical,circia,2022-act-with-2024-nprm,CIRCIA-CISA-incident-classification,,full,satisfies,content/cat-22-regulatory-compliance/UC-22.54.19.json
22.54.2,CIRCIA 72-Hour Covered-Cyber-Incident Reporting SLA Timer — every reasonable-belief determination must land at CISA in 72 hours,critical,circia,2022-act-with-2024-nprm,CIRCIA-s2242b,,full,satisfies,content/cat-22-regulatory-compliance/UC-22.54.2.json
22.54.20,"CIRCIA Third-Party Supply-Chain & MSSP Incident Attribution — detect impact from upstream cloud, SaaS, or MSSP compromise",critical,circia,2022-act-with-2024-nprm,CIRCIA-CISA-third-party-incident,,full,satisfies,content/cat-22-regulatory-compliance/UC-22.54.20.json
22.54.21,CIRCIA OT / ICS / SCADA Incident Detection — industrial-environment substantial-incident triggers wired into the CIRCIA flow,critical,circia,2022-act-with-2024-nprm,CIRCIA-CISA-ot-incident,,full,satisfies,content/cat-22-regulatory-compliance/UC-22.54.21.json
22.54.22,"CIRCIA Board Fiduciary Awareness — evidence pre-incident assignment of responsibility, training, and quarterly briefing",high,circia,2022-act-with-2024-nprm,CIRCIA-CISA-board-fiduciary,,full,satisfies,content/cat-22-regulatory-compliance/UC-22.54.22.json
22.54.23,CIRCIA + SEC Form 8-K Item 1.05 Materiality-Triangulation — every public-issuer incident is dual-tracked for SEC + CIRCIA,critical,circia,2022-act-with-2024-nprm,CIRCIA-CISA-sec-form-8-k,,full,satisfies,content/cat-22-regulatory-compliance/UC-22.54.23.json
22.54.24,CIRCIA Annual Tabletop — evidence end-to-end 72-hour / 24-hour reporting workflow exercised with executive participation,high,circia,2022-act-with-2024-nprm,CIRCIA-CISA-tabletop,,full,satisfies,content/cat-22-regulatory-compliance/UC-22.54.24.json
22.54.25,"CIRCIA Records Retention — enforce 2-year preservation from most-recent-report, with integrity verification quarterly",high,circia,2022-act-with-2024-nprm,CIRCIA-CISA-records-retention,,full,satisfies,content/cat-22-regulatory-compliance/UC-22.54.25.json
22.54.26,CIRCIA Quarterly Compliance Attestation — General Counsel signs end-to-end compliance posture across statutory + NPRM clauses,high,circia,2022-act-with-2024-nprm,CIRCIA-s2242b,,partial,satisfies,content/cat-22-regulatory-compliance/UC-22.54.26.json
22.54.26,CIRCIA Quarterly Compliance Attestation — General Counsel signs end-to-end compliance posture across statutory + NPRM clauses,high,circia,2022-act-with-2024-nprm,CIRCIA-s2242c,,partial,satisfies,content/cat-22-regulatory-compliance/UC-22.54.26.json
22.54.26,CIRCIA Quarterly Compliance Attestation — General Counsel signs end-to-end compliance posture across statutory + NPRM clauses,high,circia,2022-act-with-2024-nprm,CIRCIA-s2242d,,partial,satisfies,content/cat-22-regulatory-compliance/UC-22.54.26.json
22.54.27,CIRCIA Forensic Imaging Pipeline — evidence capture of affected endpoints and OT controllers with cryptographic chain of custody,high,circia,2022-act-with-2024-nprm,CIRCIA-NPRM-data-preservation,,partial,satisfies,content/cat-22-regulatory-compliance/UC-22.54.27.json
22.54.27,CIRCIA Forensic Imaging Pipeline — evidence capture of affected endpoints and OT controllers with cryptographic chain of custody,high,circia,2022-act-with-2024-nprm,CIRCIA-s2242f,,partial,satisfies,content/cat-22-regulatory-compliance/UC-22.54.27.json
22.54.28,"CIRCIA Annual SLA & KPI Review — board-level review of reporting performance, miss rates, and remediation actions",medium,circia,2022-act-with-2024-nprm,CIRCIA-CISA-incident-classification,,partial,satisfies,content/cat-22-regulatory-compliance/UC-22.54.28.json
22.54.28,"CIRCIA Annual SLA & KPI Review — board-level review of reporting performance, miss rates, and remediation actions",medium,circia,2022-act-with-2024-nprm,CIRCIA-CISA-tabletop,,partial,satisfies,content/cat-22-regulatory-compliance/UC-22.54.28.json
22.54.3,"CIRCIA 24-Hour Ransom-Payment Reporting SLA Timer — every ransom payment, however small, lands at CISA in 24 hours",critical,circia,2022-act-with-2024-nprm,CIRCIA-s2242c,,full,satisfies,content/cat-22-regulatory-compliance/UC-22.54.3.json
22.54.4,CIRCIA Supplemental-Report Pipeline — evidence every new material finding lands at CISA promptly until the incident is fully resolved,high,circia,2022-act-with-2024-nprm,CIRCIA-NPRM-supplemental-trigger,,full,satisfies,content/cat-22-regulatory-compliance/UC-22.54.4.json
22.54.4,CIRCIA Supplemental-Report Pipeline — evidence every new material finding lands at CISA promptly until the incident is fully resolved,high,circia,2022-act-with-2024-nprm,CIRCIA-s2242d,,full,satisfies,content/cat-22-regulatory-compliance/UC-22.54.4.json
22.54.5,CIRCIA Records-Preservation Activation — freeze and retain every artefact relevant to a reported incident for at least 2 years,high,circia,2022-act-with-2024-nprm,CIRCIA-NPRM-data-preservation,,full,satisfies,content/cat-22-regulatory-compliance/UC-22.54.5.json
22.54.5,CIRCIA Records-Preservation Activation — freeze and retain every artefact relevant to a reported incident for at least 2 years,high,circia,2022-act-with-2024-nprm,CIRCIA-s2242f,,full,satisfies,content/cat-22-regulatory-compliance/UC-22.54.5.json
22.54.6,"CIRCIA Liability-Protection Coversheet Audit — every submission is marked, transmitted, and stored under the s 2242(g) privileged-communication regime",medium,circia,2022-act-with-2024-nprm,CIRCIA-CISA-protected-information,,partial,satisfies,content/cat-22-regulatory-compliance/UC-22.54.6.json
22.54.6,"CIRCIA Liability-Protection Coversheet Audit — every submission is marked, transmitted, and stored under the s 2242(g) privileged-communication regime",medium,circia,2022-act-with-2024-nprm,CIRCIA-s2242g,,partial,satisfies,content/cat-22-regulatory-compliance/UC-22.54.6.json
22.54.7,CIRCIA Request-for-Information & Subpoena Compliance Tracker — every CISA RFI is answered within the 72-hour statutory response window,critical,circia,2022-act-with-2024-nprm,CIRCIA-s2242h,,full,satisfies,content/cat-22-regulatory-compliance/UC-22.54.7.json
22.54.8,CIRCIA NPRM Covered-Entity Scope Self-Assessment — SBA size + sector criteria + NAICS evidence for every legal entity,high,circia,2022-act-with-2024-nprm,CIRCIA-NPRM-covered-entity,,full,satisfies,content/cat-22-regulatory-compliance/UC-22.54.8.json
22.54.9,CIRCIA Substantial-Cyber-Incident Classification Engine — deterministically flag every IR ticket against the NPRM §226.1 four-prong test,critical,circia,2022-act-with-2024-nprm,CIRCIA-NPRM-covered-incident,,full,satisfies,content/cat-22-regulatory-compliance/UC-22.54.9.json
22.56.1,"TSA-SD-Pipeline 24-Hour Cyber-Incident Reporting to CISA — automated submission pipeline, evidence retention, and clock-burn dashboard",critical,tsa-surface,2024-consolidated-pipeline-rail,TSA-SD-P-2021-01-s2,,full,satisfies,content/cat-22-regulatory-compliance/UC-22.56.1.json
22.56.10,TSA-SD Passenger-Rail 24-Hour Reporting (SD-1582-2022-01) — Amtrak + PTC + transit cyber events,critical,tsa-surface,2024-consolidated-pipeline-rail,TSA-SD-1582-2022-01-s2,,full,satisfies,content/cat-22-regulatory-compliance/UC-22.56.10.json
22.56.11,TSA-SD Aviation (Airport + Airline) 24-Hour Cyber-Incident Reporting (SD-1542/44/82-21-02) — automated submission and FAA parallel-notification,critical,tsa-surface,2024-consolidated-pipeline-rail,TSA-SD-1582-21-01-s1,,full,satisfies,content/cat-22-regulatory-compliance/UC-22.56.11.json
22.56.12,TSA-SD Aviation CIP Control Family 1 — airport / airline IT-OT segmentation surveillance,critical,tsa-surface,2024-consolidated-pipeline-rail,TSA-SD-1582-21-01-s3.1,,partial,satisfies,content/cat-22-regulatory-compliance/UC-22.56.12.json
22.56.13,TSA-SD Aviation CIP Control Family 2 — airport / airline access-control + MFA enforcement on operationally-critical systems,critical,tsa-surface,2024-consolidated-pipeline-rail,TSA-SD-1582-21-01-s3.2,,full,satisfies,content/cat-22-regulatory-compliance/UC-22.56.13.json
22.56.14,TSA-SD Aviation CIP Control Family 3 — DCS / BHS / AOC continuous-monitoring detection-coverage heat-map,high,tsa-surface,2024-consolidated-pipeline-rail,TSA-SD-1582-21-01-s3.3,,partial,satisfies,content/cat-22-regulatory-compliance/UC-22.56.14.json
22.56.15,"TSA-SD Aviation CIP Control Family 4 — patch / vulnerability management for AOC, DCS, BHS, aerobridge",high,tsa-surface,2024-consolidated-pipeline-rail,TSA-SD-1582-21-01-s3.4,,full,satisfies,content/cat-22-regulatory-compliance/UC-22.56.15.json
22.56.16,"TSA-SD third-party / vendor remote-access surveillance — pipeline, rail and aviation",critical,tsa-surface,2024-consolidated-pipeline-rail,TSA-SCAS-vendor-remote,,partial,satisfies,content/cat-22-regulatory-compliance/UC-22.56.16.json
22.56.17,"TSA-SD Public Transit + FTA-grantee Cyber Incident Reporting (NPRM-aligned, pre-Final-Rule operational scaffold)",high,tsa-surface,2024-consolidated-pipeline-rail,TSA-SCAS-transit-nprm-2024-s2,,partial,satisfies,content/cat-22-regulatory-compliance/UC-22.56.17.json
22.56.18,TSA-SD multi-modal Cybersecurity Implementation Plan (CIP) versioning + amendment audit trail,high,tsa-surface,2024-consolidated-pipeline-rail,TSA-SCAS-cip-version,,full,satisfies,content/cat-22-regulatory-compliance/UC-22.56.18.json
22.56.19,TSA-SD multi-modal backup integrity + recovery-time-objective surveillance,high,tsa-surface,2024-consolidated-pipeline-rail,TSA-SCAS-backup-rto,,full,satisfies,content/cat-22-regulatory-compliance/UC-22.56.19.json
22.56.2,"TSA-SD-Pipeline Cybersecurity Coordinator (CC) + Alternate roster — 24×7 cover, SSI eligibility, and 7-day-notice-of-change surveillance",high,tsa-surface,2024-consolidated-pipeline-rail,TSA-SD-P-2021-01-s3,,full,satisfies,content/cat-22-regulatory-compliance/UC-22.56.2.json
22.56.20,"TSA-SD multi-modal log-retention, source-availability and audit_evidence retention surveillance",high,tsa-surface,2024-consolidated-pipeline-rail,TSA-SCAS-log-retention,,full,satisfies,content/cat-22-regulatory-compliance/UC-22.56.20.json
22.56.21,"TSA-SD multi-modal personnel-security + insider-threat detection (clearance, role-change, anomalous-access)",high,tsa-surface,2024-consolidated-pipeline-rail,TSA-SCAS-personnel-security,,partial,satisfies,content/cat-22-regulatory-compliance/UC-22.56.21.json
22.56.22,TSA-SD multi-modal supply-chain SBOM ingest + risk-score continuous monitoring,high,tsa-surface,2024-consolidated-pipeline-rail,TSA-SCAS-supply-chain-sbom,,partial,satisfies,content/cat-22-regulatory-compliance/UC-22.56.22.json
22.56.23,TSA-SD multi-modal threat-intelligence sharing through CISA AIS / E-ISAC / ST-ISAC + DHS bidirectional flow,medium,tsa-surface,2024-consolidated-pipeline-rail,TSA-SCAS-threat-intel,,partial,satisfies,content/cat-22-regulatory-compliance/UC-22.56.23.json
22.56.24,TSA-SD multi-modal phishing + credential-harvesting surveillance with CC + sector-ISAC reporting,high,tsa-surface,2024-consolidated-pipeline-rail,TSA-SCAS-phishing-credential,,partial,satisfies,content/cat-22-regulatory-compliance/UC-22.56.24.json
22.56.25,TSA-SD multi-modal change-control + privileged-change audit trail across SCADA / OT / NOTAM-relevant systems,high,tsa-surface,2024-consolidated-pipeline-rail,TSA-SCAS-change-control,,full,satisfies,content/cat-22-regulatory-compliance/UC-22.56.25.json
22.56.26,TSA-SD Pipeline + PHMSA dual-clock coordination — safety-impacting cyber incidents,critical,tsa-surface,2024-consolidated-pipeline-rail,TSA-SCAS-phmsa-dual,,partial,satisfies,content/cat-22-regulatory-compliance/UC-22.56.26.json
22.56.27,TSA-SD multi-modal Cybersecurity Operations Centre (CSOC / SOC) tier coverage + on-call attestation,high,tsa-surface,2024-consolidated-pipeline-rail,TSA-SCAS-csoc-coverage,,partial,satisfies,content/cat-22-regulatory-compliance/UC-22.56.27.json
22.56.28,TSA-SD multi-modal master compliance dashboard + executive attestation roll-up,critical,tsa-surface,2024-consolidated-pipeline-rail,TSA-SCAS-master-rollup,,full,satisfies,content/cat-22-regulatory-compliance/UC-22.56.28.json
22.56.3,TSA-SD-Pipeline CIP Control Family 1 (Network Segmentation) — IT/OT boundary policy surveillance with continuous drift detection,critical,tsa-surface,2024-consolidated-pipeline-rail,TSA-SD-P-2021-02C-s3.1,,full,satisfies,content/cat-22-regulatory-compliance/UC-22.56.3.json
22.56.4,"TSA-SD-Pipeline CIP Control Family 2 (Access Control + MFA) — privileged-account inventory, MFA enforcement, and quarterly access review surveillance",critical,tsa-surface,2024-consolidated-pipeline-rail,TSA-SD-P-2021-02C-s3.2,,full,satisfies,content/cat-22-regulatory-compliance/UC-22.56.4.json
22.56.5,TSA-SD-Pipeline CIP Control Family 3 (Continuous Monitoring) — OT/IT detection-coverage heat-map and IOC-actionability lag,critical,tsa-surface,2024-consolidated-pipeline-rail,TSA-SD-P-2021-02C-s3.3,,full,satisfies,content/cat-22-regulatory-compliance/UC-22.56.5.json
22.56.6,TSA-SD-Pipeline CIP Control Family 4 (Risk-Based Patching) — KEV-driven SLA tracking with OT-compensating-control audit trail,critical,tsa-surface,2024-consolidated-pipeline-rail,TSA-SD-P-2021-02C-s3.4,,full,satisfies,content/cat-22-regulatory-compliance/UC-22.56.6.json
22.56.7,"TSA-SD-Pipeline CIRP Annual Exercise — exercise scheduling, after-action evidence, and corrective-action ledger",high,tsa-surface,2024-consolidated-pipeline-rail,TSA-SD-P-2021-02C-s4,,full,satisfies,content/cat-22-regulatory-compliance/UC-22.56.7.json
22.56.8,TSA-SD-Pipeline Cybersecurity Assessment Programme (CAP) — annual self-assessment and TSA submission tracker,high,tsa-surface,2024-consolidated-pipeline-rail,TSA-SD-P-2021-02C-s5,,full,satisfies,content/cat-22-regulatory-compliance/UC-22.56.8.json
22.56.9,TSA-SD Freight-Rail 24-Hour Reporting (SD-1580/82-2022-01) — automated submission pipeline mirrored to CISA Form 1,critical,tsa-surface,2024-consolidated-pipeline-rail,TSA-SD-1580-82-2022-01-s2,,full,satisfies,content/cat-22-regulatory-compliance/UC-22.56.9.json
22.57.1,SG Cyber Act Critical Information Infrastructure (CII) designation register + scope-change notification to CSA,critical,sg-cyber-act,2018-amended-2024,SG-CA-s7,,full,satisfies,content/cat-22-regulatory-compliance/UC-22.57.1.json
22.57.10,SG Cyber Act (2024) Entities of Special Cybersecurity Interest (ESCI) — 2-hour reporting + cooperation tracker,high,sg-cyber-act,2018-amended-2024,SG-CSA-COC-esci,,partial,satisfies,content/cat-22-regulatory-compliance/UC-22.57.10.json
22.57.11,SG Cyber Act IDA / SGNIC Domain Name Registrar / Registry obligations + DNSSEC compliance,medium,sg-cyber-act,2018-amended-2024,SG-CSA-COC-monitoring,,full,satisfies,content/cat-22-regulatory-compliance/UC-22.57.11.json
22.57.12,SG Cyber Act CII Threat-Sharing Programme (CTSP) + AISP integration health,medium,sg-cyber-act,2018-amended-2024,SG-CSA-COC-ctsp,,partial,satisfies,content/cat-22-regulatory-compliance/UC-22.57.12.json
22.57.13,SG Cyber Act + Personal Data Protection Act (PDPA) cyber-overlay — data-breach notification ledger to PDPC + CSA correlation,high,sg-cyber-act,2018-amended-2024,SG-CSA-COC-pdpa-overlay,,partial,satisfies,content/cat-22-regulatory-compliance/UC-22.57.13.json
22.57.14,SG Cyber Act cryptographic key management + HSM attestation for CII,high,sg-cyber-act,2018-amended-2024,SG-CSA-COC-cry,,partial,satisfies,content/cat-22-regulatory-compliance/UC-22.57.14.json
22.57.15,SG Cyber Act master CSA compliance dashboard + Commissioner attestation roll-up,critical,sg-cyber-act,2018-amended-2024,SG-CSA-COC-master-rollup,,full,satisfies,content/cat-22-regulatory-compliance/UC-22.57.15.json
22.57.2,SG Cyber Act 2-hour initial + 14-day detailed CII Incident Reporting to CSA NCIRC,critical,sg-cyber-act,2018-amended-2024,SG-CA-s14,,full,satisfies,content/cat-22-regulatory-compliance/UC-22.57.2.json
22.57.3,SG Cyber Act Cybersecurity Code of Practice (CCoP 2.0) compliance roll-up scorecard,high,sg-cyber-act,2018-amended-2024,SG-CA-s11,,partial,satisfies,content/cat-22-regulatory-compliance/UC-22.57.3.json
22.57.4,SG Cyber Act annual cybersecurity risk assessment evidence + Commissioner submission tracker,high,sg-cyber-act,2018-amended-2024,SG-CA-s15(1),,full,satisfies,content/cat-22-regulatory-compliance/UC-22.57.4.json
22.57.5,SG Cyber Act bi-annual independent cybersecurity audit ledger + remediation tracking,high,sg-cyber-act,2018-amended-2024,SG-CA-s15(2),,full,satisfies,content/cat-22-regulatory-compliance/UC-22.57.5.json
22.57.6,SG Cyber Act annual cybersecurity exercise + Exercise Cyber Star participation tracker,high,sg-cyber-act,2018-amended-2024,SG-CA-s16,,full,satisfies,content/cat-22-regulatory-compliance/UC-22.57.6.json
22.57.7,SG Cyber Act mandatory penetration test scheduling + remediation closure tracker,high,sg-cyber-act,2018-amended-2024,SG-CSA-COC-vm-pt,,full,satisfies,content/cat-22-regulatory-compliance/UC-22.57.7.json
22.57.8,SG Cyber Act (2024 amendment) Critical Information Infrastructure Service Provider (CIISP) register + obligations tracker,high,sg-cyber-act,2018-amended-2024,SG-CA-s14(2),,partial,satisfies,content/cat-22-regulatory-compliance/UC-22.57.8.json
22.57.9,SG Cyber Act (2024) Foundational Digital Infrastructure (FDI) provider obligations tracker,high,sg-cyber-act,2018-amended-2024,SG-CSA-COC-fdi,,partial,satisfies,content/cat-22-regulatory-compliance/UC-22.57.9.json
22.58.1,France LPM Opérateur d'Importance Vitale (OIV) designation register + SAIV scope-change notification to ANSSI,critical,fr-lpm,2013-2018-with-anssi-2024-decrees,FR-LPM-Art22,,full,satisfies,content/cat-22-regulatory-compliance/UC-22.58.1.json
22.58.2,France LPM 24h cyber-incident reporting to ANSSI via CERT-FR — automated submission + receipt evidence,critical,fr-lpm,2013-2018-with-anssi-2024-decrees,FR-ANSSI-rule-incident-reporting,,full,satisfies,content/cat-22-regulatory-compliance/UC-22.58.2.json
22.58.3,France LPM Politique de Sécurité des Systèmes d'Information de Maîtrise des Conditions d'Accès et de Sécurité (PSSI-MCAS) compliance scorecard,high,fr-lpm,2013-2018-with-anssi-2024-decrees,FR-ANSSI-rule-governance-cyber-officer,,partial,satisfies,content/cat-22-regulatory-compliance/UC-22.58.3.json
22.58.4,France LPM mandatory PASSI audit ledger + remediation closure tracking,high,fr-lpm,2013-2018-with-anssi-2024-decrees,FR-ANSSI-rule-defense-detection,,full,satisfies,content/cat-22-regulatory-compliance/UC-22.58.4.json
22.58.5,"France LPM ANSSI-qualified product (visa de sécurité, CSPN, CC) procurement evidence + LSP ledger",high,fr-lpm,2013-2018-with-anssi-2024-decrees,FR-ANSSI-rule-protection-access-control,,partial,satisfies,content/cat-22-regulatory-compliance/UC-22.58.5.json
22.58.6,France LPM SAIV segmentation and AIE (Architecture Industrielle d'Échange) zone-boundary surveillance,critical,fr-lpm,2013-2018-with-anssi-2024-decrees,FR-ANSSI-rule-governance-siiv-mapping,,full,satisfies,content/cat-22-regulatory-compliance/UC-22.58.6.json
22.58.7,France LPM/NIS2 transposition tracker — Décret 2024-405 dual-regime reconciliation (OIV + REC/REI),high,fr-lpm,2013-2018-with-anssi-2024-decrees,FR-Decret-2024-405,,partial,satisfies,content/cat-22-regulatory-compliance/UC-22.58.7.json
22.58.8,France LPM master compliance dashboard + Direction Générale + Délégué OIV attestation roll-up,critical,fr-lpm,2013-2018-with-anssi-2024-decrees,FR-ANSSI-rule-detection-pdis-qualification,,full,satisfies,content/cat-22-regulatory-compliance/UC-22.58.8.json
22.59.1,IMO MSC.428(98) Document of Compliance (DoC) cyber-SMS verification register + flag-State annual-verification clock with cyber-major-non-conformity risk score,critical,imo-msc-428-98,2017-msc-428-98-with-2022-circ-3-rev-2-and-2024-iacs-e26-e27,IMO-ISM-Code-s1-4,,partial,satisfies,content/cat-22-regulatory-compliance/UC-22.59.1.json
22.59.1,IMO MSC.428(98) Document of Compliance (DoC) cyber-SMS verification register + flag-State annual-verification clock with cyber-major-non-conformity risk score,critical,imo-msc-428-98,2017-msc-428-98-with-2022-circ-3-rev-2-and-2024-iacs-e26-e27,IMO-MSC-428-98-p2,,full,satisfies,content/cat-22-regulatory-compliance/UC-22.59.1.json
22.59.10,USB / removable-media governance — shipboard engineering and bridge workstations enforced against unauthorised media for ECDIS / GMDSS / engine-control updates,high,imo-msc-428-98,2017-msc-428-98-with-2022-circ-3-rev-2-and-2024-iacs-e26-e27,IACS-UR-E26-r5,,full,satisfies,content/cat-22-regulatory-compliance/UC-22.59.10.json
22.59.10,USB / removable-media governance — shipboard engineering and bridge workstations enforced against unauthorised media for ECDIS / GMDSS / engine-control updates,high,imo-msc-428-98,2017-msc-428-98-with-2022-circ-3-rev-2-and-2024-iacs-e26-e27,IMO-MSC-FAL-Circ-3-s2-2,,full,satisfies,content/cat-22-regulatory-compliance/UC-22.59.10.json
22.59.11,Shore-to-ship satcom remote-access governance — VSAT / Iridium Certus / Inmarsat-FleetBroadband PAM enforcement with WYSIWYS for OT-changes,critical,imo-msc-428-98,2017-msc-428-98-with-2022-circ-3-rev-2-and-2024-iacs-e26-e27,BIMCO-Cyber-satcom,,full,satisfies,content/cat-22-regulatory-compliance/UC-22.59.11.json
22.59.11,Shore-to-ship satcom remote-access governance — VSAT / Iridium Certus / Inmarsat-FleetBroadband PAM enforcement with WYSIWYS for OT-changes,critical,imo-msc-428-98,2017-msc-428-98-with-2022-circ-3-rev-2-and-2024-iacs-e26-e27,IACS-UR-E26-r5,,full,satisfies,content/cat-22-regulatory-compliance/UC-22.59.11.json
22.59.12,Crew BYOD / passenger Wi-Fi segregation — administrative + crew welfare + passenger network isolation from OT and CBS,high,imo-msc-428-98,2017-msc-428-98-with-2022-circ-3-rev-2-and-2024-iacs-e26-e27,IMO-MSC-FAL-Circ-3-s3-1,,full,satisfies,content/cat-22-regulatory-compliance/UC-22.59.12.json
22.59.13,Maritime cyber-incident detection + flag-State + RO + USCG NRC + port-State 24-hour reporting clock — automated multi-authority notification with submission receipts,critical,imo-msc-428-98,2017-msc-428-98-with-2022-circ-3-rev-2-and-2024-iacs-e26-e27,IMO-ISM-Code-s8-2,,full,satisfies,content/cat-22-regulatory-compliance/UC-22.59.13.json
22.59.13,Maritime cyber-incident detection + flag-State + RO + USCG NRC + port-State 24-hour reporting clock — automated multi-authority notification with submission receipts,critical,imo-msc-428-98,2017-msc-428-98-with-2022-circ-3-rev-2-and-2024-iacs-e26-e27,IMO-MSC-FAL-Circ-3-s2-4,,full,satisfies,content/cat-22-regulatory-compliance/UC-22.59.13.json
22.59.14,Annual cyber-drill + tabletop after-action register — recover function MSC-FAL.1/Circ.3 §2.5 and ISM §8.2 evidence chain,high,imo-msc-428-98,2017-msc-428-98-with-2022-circ-3-rev-2-and-2024-iacs-e26-e27,IMO-ISM-Code-s8-2,,full,satisfies,content/cat-22-regulatory-compliance/UC-22.59.14.json
22.59.14,Annual cyber-drill + tabletop after-action register — recover function MSC-FAL.1/Circ.3 §2.5 and ISM §8.2 evidence chain,high,imo-msc-428-98,2017-msc-428-98-with-2022-circ-3-rev-2-and-2024-iacs-e26-e27,IMO-MSC-FAL-Circ-3-s2-5,,full,satisfies,content/cat-22-regulatory-compliance/UC-22.59.14.json
22.59.15,IACS UR E26 ship-level cyber-resilience attestation register — class-society notation evidence chain,high,imo-msc-428-98,2017-msc-428-98-with-2022-circ-3-rev-2-and-2024-iacs-e26-e27,IACS-UR-E26-r4,,full,satisfies,content/cat-22-regulatory-compliance/UC-22.59.15.json
22.59.16,IACS UR E27 OT-equipment cyber-resilience attestation register — equipment-level evidence chain,high,imo-msc-428-98,2017-msc-428-98-with-2022-circ-3-rev-2-and-2024-iacs-e26-e27,IACS-UR-E27-r3,,full,satisfies,content/cat-22-regulatory-compliance/UC-22.59.16.json
22.59.17,IMO MSC.428(98) audit-evidence chain — DoC verification + PSC inspection + flag-State audit retrieval ledger,high,imo-msc-428-98,2017-msc-428-98-with-2022-circ-3-rev-2-and-2024-iacs-e26-e27,IMO-MSC-428-98-p3,,full,satisfies,content/cat-22-regulatory-compliance/UC-22.59.17.json
22.59.2,DPA + Ship Cyber Security Officer (CySO) + Alternate roster — 24x7 cyber-incident escalation cover with ISM-Code-grade availability monitoring,critical,imo-msc-428-98,2017-msc-428-98-with-2022-circ-3-rev-2-and-2024-iacs-e26-e27,IMO-MSC-428-98-p1,,partial,satisfies,content/cat-22-regulatory-compliance/UC-22.59.2.json
22.59.2,DPA + Ship Cyber Security Officer (CySO) + Alternate roster — 24x7 cyber-incident escalation cover with ISM-Code-grade availability monitoring,critical,imo-msc-428-98,2017-msc-428-98-with-2022-circ-3-rev-2-and-2024-iacs-e26-e27,IMO-MSC-FAL-Circ-3-s2-4,,full,satisfies,content/cat-22-regulatory-compliance/UC-22.59.2.json
22.59.3,Shipboard Cyber Risk Asset Register (CRAR) — bridge / propulsion / cargo / communications / passenger / administrative / access-control inventory with §3.1 category compliance,critical,imo-msc-428-98,2017-msc-428-98-with-2022-circ-3-rev-2-and-2024-iacs-e26-e27,IACS-UR-E26-r3,,partial,satisfies,content/cat-22-regulatory-compliance/UC-22.59.3.json
22.59.3,Shipboard Cyber Risk Asset Register (CRAR) — bridge / propulsion / cargo / communications / passenger / administrative / access-control inventory with §3.1 category compliance,critical,imo-msc-428-98,2017-msc-428-98-with-2022-circ-3-rev-2-and-2024-iacs-e26-e27,IMO-MSC-FAL-Circ-3-s2-1,,full,satisfies,content/cat-22-regulatory-compliance/UC-22.59.3.json
22.59.3,Shipboard Cyber Risk Asset Register (CRAR) — bridge / propulsion / cargo / communications / passenger / administrative / access-control inventory with §3.1 category compliance,critical,imo-msc-428-98,2017-msc-428-98-with-2022-circ-3-rev-2-and-2024-iacs-e26-e27,IMO-MSC-FAL-Circ-3-s3-1,,full,satisfies,content/cat-22-regulatory-compliance/UC-22.59.3.json
22.59.4,Fleet IT/OT segregation surveillance — IBS / INS / GMDSS / AIS / ECDIS / propulsion-control isolated from administrative LAN with boundary-policy drift detection,critical,imo-msc-428-98,2017-msc-428-98-with-2022-circ-3-rev-2-and-2024-iacs-e26-e27,IACS-UR-E26-r3,,full,satisfies,content/cat-22-regulatory-compliance/UC-22.59.4.json
22.59.4,Fleet IT/OT segregation surveillance — IBS / INS / GMDSS / AIS / ECDIS / propulsion-control isolated from administrative LAN with boundary-policy drift detection,critical,imo-msc-428-98,2017-msc-428-98-with-2022-circ-3-rev-2-and-2024-iacs-e26-e27,IMO-MSC-FAL-Circ-3-s2-2,,full,satisfies,content/cat-22-regulatory-compliance/UC-22.59.4.json
22.59.5,"ECDIS / ENC chart-update integrity surveillance — corrupted-chart, fake-position, and unauthorised-update detection on bridge ECDIS / IBS workstations",critical,imo-msc-428-98,2017-msc-428-98-with-2022-circ-3-rev-2-and-2024-iacs-e26-e27,BIMCO-Cyber-bridge-systems,,full,satisfies,content/cat-22-regulatory-compliance/UC-22.59.5.json
22.59.5,"ECDIS / ENC chart-update integrity surveillance — corrupted-chart, fake-position, and unauthorised-update detection on bridge ECDIS / IBS workstations",critical,imo-msc-428-98,2017-msc-428-98-with-2022-circ-3-rev-2-and-2024-iacs-e26-e27,IMO-MSC-FAL-Circ-3-s3-1,,full,detects-violation-of,content/cat-22-regulatory-compliance/UC-22.59.5.json
22.59.6,"AIS / GMDSS / VDES / GNSS integrity — jamming, spoofing, and impossible-track detection on shipboard receivers",critical,imo-msc-428-98,2017-msc-428-98-with-2022-circ-3-rev-2-and-2024-iacs-e26-e27,BIMCO-Cyber-bridge-systems,,full,satisfies,content/cat-22-regulatory-compliance/UC-22.59.6.json
22.59.6,"AIS / GMDSS / VDES / GNSS integrity — jamming, spoofing, and impossible-track detection on shipboard receivers",critical,imo-msc-428-98,2017-msc-428-98-with-2022-circ-3-rev-2-and-2024-iacs-e26-e27,IMO-MSC-FAL-Circ-3-s3-1,,full,detects-violation-of,content/cat-22-regulatory-compliance/UC-22.59.6.json
22.59.7,Integrated Bridge System (IBS) configuration-baseline drift detection — Wartsila NACOS / Kongsberg K-Bridge / Furuno IBS / Sperry VMFT baseline-hash surveillance,critical,imo-msc-428-98,2017-msc-428-98-with-2022-circ-3-rev-2-and-2024-iacs-e26-e27,IACS-UR-E26-r3,,full,satisfies,content/cat-22-regulatory-compliance/UC-22.59.7.json
22.59.7,Integrated Bridge System (IBS) configuration-baseline drift detection — Wartsila NACOS / Kongsberg K-Bridge / Furuno IBS / Sperry VMFT baseline-hash surveillance,critical,imo-msc-428-98,2017-msc-428-98-with-2022-circ-3-rev-2-and-2024-iacs-e26-e27,IMO-MSC-FAL-Circ-3-s2-3,,full,satisfies,content/cat-22-regulatory-compliance/UC-22.59.7.json
22.59.8,Propulsion / Power Management System (PMS) / Dynamic Positioning System (DPS) cyber-anomaly detection — engine-control / PMS-load / DPS-station-keeping integrity,critical,imo-msc-428-98,2017-msc-428-98-with-2022-circ-3-rev-2-and-2024-iacs-e26-e27,IACS-UR-E26-r9,,full,satisfies,content/cat-22-regulatory-compliance/UC-22.59.8.json
22.59.8,Propulsion / Power Management System (PMS) / Dynamic Positioning System (DPS) cyber-anomaly detection — engine-control / PMS-load / DPS-station-keeping integrity,critical,imo-msc-428-98,2017-msc-428-98-with-2022-circ-3-rev-2-and-2024-iacs-e26-e27,IMO-MSC-FAL-Circ-3-s3-1,,full,detects-violation-of,content/cat-22-regulatory-compliance/UC-22.59.8.json
22.59.9,"Cargo Management System (CMS) — tank gauging / inert-gas / cargo-handling integrity surveillance for tankers, bulk carriers, container ships, and ro-ro",critical,imo-msc-428-98,2017-msc-428-98-with-2022-circ-3-rev-2-and-2024-iacs-e26-e27,IMO-MSC-FAL-Circ-3-s3-1,,full,detects-violation-of,content/cat-22-regulatory-compliance/UC-22.59.9.json
22.6.1,ISO 27001 Annex A Control Effectiveness Monitoring,critical,iso-27001,2022,A.8.16,,contributing,satisfies,content/cat-22-regulatory-compliance/UC-22.6.1.json
22.6.10,Security Role Changes vs RACI in ServiceNow CMDB Ownership,medium,iso-27001,2022,A.5.2,,contributing,satisfies,content/cat-22-regulatory-compliance/UC-22.6.10.json
22.6.11,Threat Intelligence Feed Freshness and STIX Object Ingest Gaps,high,iso-27001,2022,A.5.7,,contributing,satisfies,content/cat-22-regulatory-compliance/UC-22.6.11.json
22.6.12,Project Security Gate — Production Deploys Without Security CAB Tag,medium,iso-27001,2022,A.5.8,,contributing,satisfies,content/cat-22-regulatory-compliance/UC-22.6.12.json
22.6.13,Cloud Shared Responsibility Control Coverage Map,high,iso-27001,2022,A.5.23,,contributing,satisfies,content/cat-22-regulatory-compliance/UC-22.6.13.json
22.6.14,Business Continuity — RTO Breach Signals from ITSI Service Degradation,medium,iso-27001,2022,A.5.29,,contributing,satisfies,content/cat-22-regulatory-compliance/UC-22.6.14.json
22.6.15,ICT Readiness for BC — Backup Window Overruns vs RPO,high,iso-27001,2022,A.5.30,,contributing,satisfies,content/cat-22-regulatory-compliance/UC-22.6.15.json
22.6.16,Compliance with Policies — Splunk Search Head Knowledge Object Violations,medium,iso-27001,2022,A.5.36,,contributing,satisfies,content/cat-22-regulatory-compliance/UC-22.6.16.json
22.6.17,Personnel Screening — Contractor Badge Activations Before Background Check Complete,high,iso-27001,2022,A.6.1,,contributing,satisfies,content/cat-22-regulatory-compliance/UC-22.6.17.json
22.6.18,Security Awareness Completion Rate by Department,medium,iso-27001,2022,A.6.3,,contributing,satisfies,content/cat-22-regulatory-compliance/UC-22.6.18.json
22.6.19,Disciplinary Process Triggers — HR Case Codes Correlated with Security Incidents,high,iso-27001,2022,A.6.4,,contributing,satisfies,content/cat-22-regulatory-compliance/UC-22.6.19.json
22.6.2,ISO 27001 Information Security Event Log Review Compliance,high,iso-27001,2013,A.12.4.1,https://www.iso.org/standard/54534.html,full,satisfies,content/cat-22-regulatory-compliance/UC-22.6.2.json
22.6.2,ISO 27001 Information Security Event Log Review Compliance,high,iso-27001,2013,A.12.4.1,https://www.iso.org/standard/54534.html,full,satisfies,content/cat-22-regulatory-compliance/UC-22.6.2.json
22.6.2,ISO 27001 Information Security Event Log Review Compliance,high,iso-27001,2022,A.12.4,,contributing,satisfies,content/cat-22-regulatory-compliance/UC-22.6.2.json
22.6.20,Remote Working — VPN Split Tunnel and Sensitive App Access,medium,iso-27001,2022,A.6.7,,contributing,satisfies,content/cat-22-regulatory-compliance/UC-22.6.20.json
22.6.21,Physical Perimeter — After-Hours Badge Swipes Without Matching Shift,high,iso-27001,2022,A.7.1,,contributing,satisfies,content/cat-22-regulatory-compliance/UC-22.6.21.json
22.6.22,Physical Security Monitoring — Camera NVR Offline or Disk Full Events,medium,iso-27001,2022,A.7.4,,contributing,satisfies,content/cat-22-regulatory-compliance/UC-22.6.22.json
22.6.23,Removable Storage — USB Mount Events on Engineering Workstations,high,iso-27001,2022,A.7.10,,contributing,satisfies,content/cat-22-regulatory-compliance/UC-22.6.23.json
22.6.24,Secure Disposal — Asset Decommission Wipe Confirmation Before CMDB Retire,medium,iso-27001,2022,A.7.14,,contributing,satisfies,content/cat-22-regulatory-compliance/UC-22.6.24.json
22.6.25,User Endpoint Patch Latency Beyond SLA,high,iso-27001,2022,A.8.1,,contributing,satisfies,content/cat-22-regulatory-compliance/UC-22.6.25.json
22.6.26,Privileged Access — Sudo and RunAs Usage Outside PAM Session,medium,iso-27001,2013,A.12.4.3,https://www.iso.org/standard/54534.html,full,satisfies,content/cat-22-regulatory-compliance/UC-22.6.26.json
22.6.26,Privileged Access — Sudo and RunAs Usage Outside PAM Session,medium,iso-27001,2013,A.12.4.3,https://www.iso.org/standard/54534.html,full,satisfies,content/cat-22-regulatory-compliance/UC-22.6.26.json
22.6.26,Privileged Access — Sudo and RunAs Usage Outside PAM Session,medium,iso-27001,2022,A.8.2,,contributing,satisfies,content/cat-22-regulatory-compliance/UC-22.6.26.json
22.6.27,Information Access Restriction — SharePoint Anonymous Link Creation Blocked vs Attempted,high,iso-27001,2022,A.8.3,,contributing,satisfies,content/cat-22-regulatory-compliance/UC-22.6.27.json
22.6.28,Secure Authentication — Password Spray Pattern in Entra Sign-Ins,medium,iso-27001,2022,A.8.5,,contributing,satisfies,content/cat-22-regulatory-compliance/UC-22.6.28.json
22.6.29,Capacity Management — Disk Utilization Forecast Breach in 14 Days,high,iso-27001,2022,A.8.6,,contributing,satisfies,content/cat-22-regulatory-compliance/UC-22.6.29.json
22.6.3,ISO 27001 Access Rights Review and Recertification,critical,iso-27001,2013,A.9.2.5,https://www.iso.org/standard/54534.html,full,satisfies,content/cat-22-regulatory-compliance/UC-22.6.3.json
22.6.3,ISO 27001 Access Rights Review and Recertification,critical,iso-27001,2013,A.9.2.5,https://www.iso.org/standard/54534.html,full,satisfies,content/cat-22-regulatory-compliance/UC-22.6.3.json
22.6.3,ISO 27001 Access Rights Review and Recertification,critical,iso-27001,2022,A.9.2.5,,contributing,satisfies,content/cat-22-regulatory-compliance/UC-22.6.3.json
22.6.30,Malware Protection — AV Engine Disabled or Out of Date Events,medium,iso-27001,2022,A.8.7,,contributing,satisfies,content/cat-22-regulatory-compliance/UC-22.6.30.json
22.6.31,Technical Vulnerability Management — Exploitable CVEs with Public PoC on In-Scope Hosts,high,iso-27001,2022,A.8.8,,contributing,satisfies,content/cat-22-regulatory-compliance/UC-22.6.31.json
22.6.32,Configuration Management — Drift on CIS Hardening Parameters for Web Tier,medium,iso-27001,2022,A.8.9,,contributing,satisfies,content/cat-22-regulatory-compliance/UC-22.6.32.json
22.6.33,Information Deletion — S3 Object Delete Storm Outside Retention Workflow,high,iso-27001,2022,A.8.10,,contributing,satisfies,content/cat-22-regulatory-compliance/UC-22.6.33.json
22.6.34,Data Masking — Sampled PII Pattern Hits in Non-Production Test Indexes,medium,iso-27001,2022,A.8.11,,contributing,satisfies,content/cat-22-regulatory-compliance/UC-22.6.34.json
22.6.35,Data Leakage Prevention — High Volume Print to PDF on HR Workstations,high,iso-27001,2022,A.8.12,,contributing,satisfies,content/cat-22-regulatory-compliance/UC-22.6.35.json
22.6.36,Information Backup — Immutable Backup Bucket Policy Change Attempts,medium,iso-27001,2022,A.8.13,,contributing,satisfies,content/cat-22-regulatory-compliance/UC-22.6.36.json
22.6.37,Redundancy of IT — Cluster Node Loss Events for Critical Databases,high,iso-27001,2022,A.8.14,,contributing,satisfies,content/cat-22-regulatory-compliance/UC-22.6.37.json
22.6.38,Logging — Forwarder Stopped or CrashLoop on Security-Relevant Hosts,medium,iso-27001,2013,A.12.4.2,https://www.iso.org/standard/54534.html,partial,detects-violation-of,content/cat-22-regulatory-compliance/UC-22.6.38.json
22.6.38,Logging — Forwarder Stopped or CrashLoop on Security-Relevant Hosts,medium,iso-27001,2013,A.12.4.2,https://www.iso.org/standard/54534.html,partial,detects-violation-of,content/cat-22-regulatory-compliance/UC-22.6.38.json
22.6.38,Logging — Forwarder Stopped or CrashLoop on Security-Relevant Hosts,medium,iso-27001,2022,A.8.15,,contributing,satisfies,content/cat-22-regulatory-compliance/UC-22.6.38.json
22.6.39,Monitoring Activities — SOC Queue Depth vs On-Shift Analyst Headcount,high,iso-27001,2013,A.16.1.2,https://www.iso.org/standard/54534.html,partial,satisfies,content/cat-22-regulatory-compliance/UC-22.6.39.json
22.6.39,Monitoring Activities — SOC Queue Depth vs On-Shift Analyst Headcount,high,iso-27001,2013,A.16.1.2,https://www.iso.org/standard/54534.html,partial,satisfies,content/cat-22-regulatory-compliance/UC-22.6.39.json
22.6.39,Monitoring Activities — SOC Queue Depth vs On-Shift Analyst Headcount,high,iso-27001,2022,A.8.16,,contributing,satisfies,content/cat-22-regulatory-compliance/UC-22.6.39.json
22.6.4,ISO 27001 Information Labelling and Media Handling via DLP,high,iso-27001,2022,A.8.2.3,,contributing,satisfies,content/cat-22-regulatory-compliance/UC-22.6.4.json
22.6.40,Clock Synchronization — Kerberos Clock Skew Related Authentication Failures,medium,iso-27001,2022,A.8.17,,contributing,satisfies,content/cat-22-regulatory-compliance/UC-22.6.40.json
22.6.41,Network Security — East-West Firewall Deny Spike on Server VLAN,high,iso-27001,2022,A.8.20,,contributing,satisfies,content/cat-22-regulatory-compliance/UC-22.6.41.json
22.6.42,Web and Email Filtering — Denied High-Risk Categories Toward Young Domains,medium,iso-27001,2022,A.8.21,,contributing,satisfies,content/cat-22-regulatory-compliance/UC-22.6.42.json
22.6.42,Web and Email Filtering — Denied High-Risk Categories Toward Young Domains,medium,iso-27001,2022,A.8.23,,contributing,satisfies,content/cat-22-regulatory-compliance/UC-22.6.42.json
22.6.43,Network Segmentation — Cross-VLAN RDP Allowed by Mis-Tuned ACL,high,iso-27001,2022,A.8.22,,contributing,satisfies,content/cat-22-regulatory-compliance/UC-22.6.43.json
22.6.44,Use of Cryptography — Weak Cipher Suites Negotiated on Public Load Balancer,medium,iso-27001,2022,A.8.24,,contributing,satisfies,content/cat-22-regulatory-compliance/UC-22.6.44.json
22.6.45,"Secure SDLC, App Security Requirements, and Secure Coding Pipeline Gates",high,iso-27001,2022,A.8.25,,contributing,satisfies,content/cat-22-regulatory-compliance/UC-22.6.45.json
22.6.45,"Secure SDLC, App Security Requirements, and Secure Coding Pipeline Gates",high,iso-27001,2022,A.8.26,,contributing,satisfies,content/cat-22-regulatory-compliance/UC-22.6.45.json
22.6.45,"Secure SDLC, App Security Requirements, and Secure Coding Pipeline Gates",high,iso-27001,2022,A.8.28,,contributing,satisfies,content/cat-22-regulatory-compliance/UC-22.6.45.json
22.6.46,ISO/IEC 27001:2022 Clause 6.1 — Risk-assessment evidence: live risk register decay,high,dora,Regulation (EU) 2022/2554,Art.6,https://eur-lex.europa.eu/eli/reg/2022/2554/oj,full,satisfies,content/cat-22-regulatory-compliance/UC-22.6.46.json
22.6.46,ISO/IEC 27001:2022 Clause 6.1 — Risk-assessment evidence: live risk register decay,high,iso-27001,2022,6.1,https://www.iso.org/standard/27001,full,satisfies,content/cat-22-regulatory-compliance/UC-22.6.46.json
22.6.46,ISO/IEC 27001:2022 Clause 6.1 — Risk-assessment evidence: live risk register decay,high,nist-800-53,Rev. 5,PM-9,https://doi.org/10.6028/NIST.SP.800-53r5,contributing,satisfies,content/cat-22-regulatory-compliance/UC-22.6.46.json
22.6.47,ISO/IEC 27001:2022 Clause 6.2 — Information-security objectives: measurable-target attainment,medium,iso-27001,2022,6.2,https://www.iso.org/standard/27001,full,satisfies,content/cat-22-regulatory-compliance/UC-22.6.47.json
22.6.47,ISO/IEC 27001:2022 Clause 6.2 — Information-security objectives: measurable-target attainment,medium,iso-27001,2022,9.1,https://www.iso.org/standard/27001,partial,satisfies,content/cat-22-regulatory-compliance/UC-22.6.47.json
22.6.47,ISO/IEC 27001:2022 Clause 6.2 — Information-security objectives: measurable-target attainment,medium,nist-800-53,Rev. 5,PM-6,https://doi.org/10.6028/NIST.SP.800-53r5,contributing,satisfies,content/cat-22-regulatory-compliance/UC-22.6.47.json
22.6.48,ISO/IEC 27001:2022 Clause 8.2 — Operational risk-assessment: per-change risk-score recalculation,high,iso-27001,2022,6.1,https://www.iso.org/standard/27001,partial,satisfies,content/cat-22-regulatory-compliance/UC-22.6.48.json
22.6.48,ISO/IEC 27001:2022 Clause 8.2 — Operational risk-assessment: per-change risk-score recalculation,high,iso-27001,2022,8.2,https://www.iso.org/standard/27001,full,satisfies,content/cat-22-regulatory-compliance/UC-22.6.48.json
22.6.48,ISO/IEC 27001:2022 Clause 8.2 — Operational risk-assessment: per-change risk-score recalculation,high,nist-800-53,Rev. 5,RA-3,https://doi.org/10.6028/NIST.SP.800-53r5,partial,satisfies,content/cat-22-regulatory-compliance/UC-22.6.48.json
22.6.49,ISO/IEC 27001:2022 Clause 9.1 — Monitoring programme coverage: KPI telemetry uptime,high,iso-27001,2022,9.1,https://www.iso.org/standard/27001,full,satisfies,content/cat-22-regulatory-compliance/UC-22.6.49.json
22.6.49,ISO/IEC 27001:2022 Clause 9.1 — Monitoring programme coverage: KPI telemetry uptime,high,nist-800-53,Rev. 5,CA-7,https://doi.org/10.6028/NIST.SP.800-53r5,partial,satisfies,content/cat-22-regulatory-compliance/UC-22.6.49.json
22.6.49,ISO/IEC 27001:2022 Clause 9.1 — Monitoring programme coverage: KPI telemetry uptime,high,soc-2,2017 TSC,CC7.1,https://www.aicpa-cima.com/resources/landing/system-and-organization-controls-soc-suite-of-services,partial,satisfies,content/cat-22-regulatory-compliance/UC-22.6.49.json
22.6.5,ISO 27001 Cryptographic Key and Certificate Lifecycle Monitoring,critical,iso-27001,2022,A.10.1.2,,contributing,satisfies,content/cat-22-regulatory-compliance/UC-22.6.5.json
22.6.50,ISO/IEC 27001:2022 Clause 9.2 — Internal audit coverage: control sample rotation,medium,iso-27001,2022,9.2,https://www.iso.org/standard/27001,full,satisfies,content/cat-22-regulatory-compliance/UC-22.6.50.json
22.6.50,ISO/IEC 27001:2022 Clause 9.2 — Internal audit coverage: control sample rotation,medium,nist-800-53,Rev. 5,CA-2,https://doi.org/10.6028/NIST.SP.800-53r5,contributing,satisfies,content/cat-22-regulatory-compliance/UC-22.6.50.json
22.6.50,ISO/IEC 27001:2022 Clause 9.2 — Internal audit coverage: control sample rotation,medium,soc-2,2017 TSC,CC4.1,https://www.aicpa-cima.com/resources/landing/system-and-organization-controls-soc-suite-of-services,contributing,satisfies,content/cat-22-regulatory-compliance/UC-22.6.50.json
22.6.51,ISO/IEC 27001:2022 Annex A.5.24 — Incident-management planning: runbook currency attestation,medium,dora,Regulation (EU) 2022/2554,Art.17,https://eur-lex.europa.eu/eli/reg/2022/2554/oj,partial,satisfies,content/cat-22-regulatory-compliance/UC-22.6.51.json
22.6.51,ISO/IEC 27001:2022 Annex A.5.24 — Incident-management planning: runbook currency attestation,medium,iso-27001,2022,A.5.24,https://www.iso.org/standard/27001,full,satisfies,content/cat-22-regulatory-compliance/UC-22.6.51.json
22.6.51,ISO/IEC 27001:2022 Annex A.5.24 — Incident-management planning: runbook currency attestation,medium,nist-800-53,Rev. 5,IR-4,https://doi.org/10.6028/NIST.SP.800-53r5,contributing,satisfies,content/cat-22-regulatory-compliance/UC-22.6.51.json
22.6.52,ISO/IEC 27001:2022 Annex A.5.25 — Event classification decisions: SIEM-to-incident triage traceability,high,dora,Regulation (EU) 2022/2554,Art.17,https://eur-lex.europa.eu/eli/reg/2022/2554/oj,partial,satisfies,content/cat-22-regulatory-compliance/UC-22.6.52.json
22.6.52,ISO/IEC 27001:2022 Annex A.5.25 — Event classification decisions: SIEM-to-incident triage traceability,high,iso-27001,2022,A.5.25,https://www.iso.org/standard/27001,full,satisfies,content/cat-22-regulatory-compliance/UC-22.6.52.json
22.6.52,ISO/IEC 27001:2022 Annex A.5.25 — Event classification decisions: SIEM-to-incident triage traceability,high,nist-800-53,Rev. 5,IR-4,https://doi.org/10.6028/NIST.SP.800-53r5,contributing,satisfies,content/cat-22-regulatory-compliance/UC-22.6.52.json
22.6.52,ISO/IEC 27001:2022 Annex A.5.25 — Event classification decisions: SIEM-to-incident triage traceability,high,soc-2,2017 TSC,CC7.3,https://www.aicpa-cima.com/resources/landing/system-and-organization-controls-soc-suite-of-services,full,satisfies,content/cat-22-regulatory-compliance/UC-22.6.52.json
22.6.53,ISO/IEC 27001:2022 Clause 7.2 — Competence evidence: role-based training completion,medium,hipaa-security,2013-final,§164.308(a)(5),https://www.ecfr.gov/current/title-45/subtitle-A/subchapter-C/part-164,full,satisfies,content/cat-22-regulatory-compliance/UC-22.6.53.json
22.6.53,ISO/IEC 27001:2022 Clause 7.2 — Competence evidence: role-based training completion,medium,iso-27001,2022,7.2,https://www.iso.org/standard/27001,full,satisfies,content/cat-22-regulatory-compliance/UC-22.6.53.json
22.6.53,ISO/IEC 27001:2022 Clause 7.2 — Competence evidence: role-based training completion,medium,pci-dss,v4.0,12.6,https://listings.pcisecuritystandards.org/documents/PCI-DSS-v4_0.pdf,partial,satisfies,content/cat-22-regulatory-compliance/UC-22.6.53.json
22.6.54,ISO/IEC 27001:2022 Clause 7.5 — Documented information control: policy register approval trail,medium,iso-27001,2022,7.5,https://www.iso.org/standard/27001,full,satisfies,content/cat-22-regulatory-compliance/UC-22.6.54.json
22.6.54,ISO/IEC 27001:2022 Clause 7.5 — Documented information control: policy register approval trail,medium,nist-800-53,Rev. 5,PL-2,https://doi.org/10.6028/NIST.SP.800-53r5,contributing,satisfies,content/cat-22-regulatory-compliance/UC-22.6.54.json
22.6.54,ISO/IEC 27001:2022 Clause 7.5 — Documented information control: policy register approval trail,medium,soc-2,2017 TSC,CC1.4,https://www.aicpa-cima.com/resources/landing/system-and-organization-controls-soc-suite-of-services,partial,satisfies,content/cat-22-regulatory-compliance/UC-22.6.54.json
22.6.55,ISO/IEC 27001:2022 Clause 8.1 — Operational planning: change advisory board (CAB) approval evidence,medium,iso-27001,2022,8.1,https://www.iso.org/standard/27001,full,satisfies,content/cat-22-regulatory-compliance/UC-22.6.55.json
22.6.55,ISO/IEC 27001:2022 Clause 8.1 — Operational planning: change advisory board (CAB) approval evidence,medium,soc-2,2017 TSC,CC8.1,https://www.aicpa-cima.com/resources/landing/system-and-organization-controls-soc-suite-of-services,partial,satisfies,content/cat-22-regulatory-compliance/UC-22.6.55.json
22.6.55,ISO/IEC 27001:2022 Clause 8.1 — Operational planning: change advisory board (CAB) approval evidence,medium,sox-itgc,PCAOB AS 2201,ITGC.ChangeMgmt.Approval,https://pcaobus.org/oversight/standards/auditing-standards/details/AS2201,full,satisfies,content/cat-22-regulatory-compliance/UC-22.6.55.json
22.6.56,ISO/IEC 27001 A.8.24 — Cisco ISE Certificate Hygiene Evidence (NAC PKI Lifecycle),high,iso-27001,2022,A.8.24,,partial,satisfies,content/cat-22-regulatory-compliance/UC-22.6.56.json
22.6.57,ISO/IEC 27001 A.8.2 — Cisco ISE Privileged Admin Role-Change Evidence,high,iso-27001,2022,A.8.2,,partial,satisfies,content/cat-22-regulatory-compliance/UC-22.6.57.json
22.6.58,ISO/IEC 27001 A.8.20 — Cisco ISE Network Segregation Matrix Drift Evidence,high,iso-27001,2022,A.8.20,,partial,satisfies,content/cat-22-regulatory-compliance/UC-22.6.58.json
22.6.6,ISO 27001 Network Security — Segmentation and Firewall Deny Baseline,high,iso-27001,2022,A.13.1.1,,contributing,satisfies,content/cat-22-regulatory-compliance/UC-22.6.6.json
22.6.7,ISO 27001 Supplier IAM and SaaS Integration Change Surveillance,high,iso-27001,2022,A.15.1.2,,contributing,satisfies,content/cat-22-regulatory-compliance/UC-22.6.7.json
22.6.8,ISO 27001 Segregation of Duties — Privileged Splunk Knowledge Object Changes,critical,iso-27001,2022,A.5.3,,contributing,satisfies,content/cat-22-regulatory-compliance/UC-22.6.8.json
22.6.9,ISMS Policy Acknowledgment and Version Drift in Confluence or SharePoint,high,iso-27001,2022,A.5.1,,contributing,satisfies,content/cat-22-regulatory-compliance/UC-22.6.9.json
22.60.1,"DO-326A Plan for Security Aspects of Certification (PSecAA) register and milestone tracker for type certifications and major modifications, with FAA / EASA finding-of-non-compliance early-warning",critical,do-326a,2014-do-326a-with-2020-do-355a-and-2026-easa-part-is,DO-326A-s2-2,,full,satisfies,content/cat-22-regulatory-compliance/UC-22.60.1.json
22.60.1,"DO-326A Plan for Security Aspects of Certification (PSecAA) register and milestone tracker for type certifications and major modifications, with FAA / EASA finding-of-non-compliance early-warning",critical,do-326a,2014-do-326a-with-2020-do-355a-and-2026-easa-part-is,EASA-AMC-20-42-s4,,partial,satisfies,content/cat-22-regulatory-compliance/UC-22.60.1.json
22.60.1,"DO-326A Plan for Security Aspects of Certification (PSecAA) register and milestone tracker for type certifications and major modifications, with FAA / EASA finding-of-non-compliance early-warning",critical,do-326a,2014-do-326a-with-2020-do-355a-and-2026-easa-part-is,FAA-AC-20-186-s5,,partial,satisfies,content/cat-22-regulatory-compliance/UC-22.60.1.json
22.60.10,"ADS-B / Mode S Squitter integrity + injection detection - duplicate ICAO addresses, impossible geometry, ghost-target floods at terminal manoeuvring areas",critical,do-326a,2014-do-326a-with-2020-do-355a-and-2026-easa-part-is,DO-326A-s3-2,,full,detects-violation-of,content/cat-22-regulatory-compliance/UC-22.60.10.json
22.60.10,"ADS-B / Mode S Squitter integrity + injection detection - duplicate ICAO addresses, impossible geometry, ghost-target floods at terminal manoeuvring areas",critical,do-326a,2014-do-326a-with-2020-do-355a-and-2026-easa-part-is,DO-355A-s3-1,,partial,satisfies,content/cat-22-regulatory-compliance/UC-22.60.10.json
22.60.11,"Engine OEM remote-monitoring channel governance - PAM session recording, WYSIWYS confirmation, time-bounded access for Rolls-Royce CareData / GE Digital / P&W EngineWise / Honeywell GoDirect",critical,do-326a,2014-do-326a-with-2020-do-355a-and-2026-easa-part-is,DO-326A-s4-1,,full,satisfies,content/cat-22-regulatory-compliance/UC-22.60.11.json
22.60.11,"Engine OEM remote-monitoring channel governance - PAM session recording, WYSIWYS confirmation, time-bounded access for Rolls-Royce CareData / GE Digital / P&W EngineWise / Honeywell GoDirect",critical,do-326a,2014-do-326a-with-2020-do-355a-and-2026-easa-part-is,DO-355A-s2-1,,partial,satisfies,content/cat-22-regulatory-compliance/UC-22.60.11.json
22.60.11,"Engine OEM remote-monitoring channel governance - PAM session recording, WYSIWYS confirmation, time-bounded access for Rolls-Royce CareData / GE Digital / P&W EngineWise / Honeywell GoDirect",critical,do-326a,2014-do-326a-with-2020-do-355a-and-2026-easa-part-is,EASA-Part-IS-IS-OR-235,,full,satisfies,content/cat-22-regulatory-compliance/UC-22.60.11.json
22.60.12,In-Flight Entertainment (IFE) to avionics traversal detection - PIESD network attempting to traverse into AISD or ACD with airframe-from-service grounding decision support,critical,do-326a,2014-do-326a-with-2020-do-355a-and-2026-easa-part-is,ARINC-811-s4-2,,full,detects-violation-of,content/cat-22-regulatory-compliance/UC-22.60.12.json
22.60.12,In-Flight Entertainment (IFE) to avionics traversal detection - PIESD network attempting to traverse into AISD or ACD with airframe-from-service grounding decision support,critical,do-326a,2014-do-326a-with-2020-do-355a-and-2026-easa-part-is,DO-326A-s2-1,,full,detects-violation-of,content/cat-22-regulatory-compliance/UC-22.60.12.json
22.60.12,In-Flight Entertainment (IFE) to avionics traversal detection - PIESD network attempting to traverse into AISD or ACD with airframe-from-service grounding decision support,critical,do-326a,2014-do-326a-with-2020-do-355a-and-2026-easa-part-is,DO-326A-s4-1,,full,detects-violation-of,content/cat-22-regulatory-compliance/UC-22.60.12.json
22.60.12,In-Flight Entertainment (IFE) to avionics traversal detection - PIESD network attempting to traverse into AISD or ACD with airframe-from-service grounding decision support,critical,do-326a,2014-do-326a-with-2020-do-355a-and-2026-easa-part-is,EASA-Part-IS-IS-OR-220,,partial,satisfies,content/cat-22-regulatory-compliance/UC-22.60.12.json
22.60.13,EASA Part-IS IS.OR.230 + FAA cyber-incident reporting clock - 24-hour initial / 72-hour preliminary / 1-month final notification with NCA + EASA + FAA + TC-holder routing,critical,do-326a,2014-do-326a-with-2020-do-355a-and-2026-easa-part-is,DO-355A-s3-1,,full,satisfies,content/cat-22-regulatory-compliance/UC-22.60.13.json
22.60.13,EASA Part-IS IS.OR.230 + FAA cyber-incident reporting clock - 24-hour initial / 72-hour preliminary / 1-month final notification with NCA + EASA + FAA + TC-holder routing,critical,do-326a,2014-do-326a-with-2020-do-355a-and-2026-easa-part-is,EASA-Part-IS-IS-OR-220,,partial,satisfies,content/cat-22-regulatory-compliance/UC-22.60.13.json
22.60.13,EASA Part-IS IS.OR.230 + FAA cyber-incident reporting clock - 24-hour initial / 72-hour preliminary / 1-month final notification with NCA + EASA + FAA + TC-holder routing,critical,do-326a,2014-do-326a-with-2020-do-355a-and-2026-easa-part-is,EASA-Part-IS-IS-OR-230,,full,satisfies,content/cat-22-regulatory-compliance/UC-22.60.13.json
22.60.14,EASA Part-IS Information Security Management System (ISMS) audit-evidence register and scope coverage - IS.OR.200 + IS.OR.245 cross-organisation roll-up,critical,do-326a,2014-do-326a-with-2020-do-355a-and-2026-easa-part-is,DO-326A-s4-2,,partial,satisfies,content/cat-22-regulatory-compliance/UC-22.60.14.json
22.60.14,EASA Part-IS Information Security Management System (ISMS) audit-evidence register and scope coverage - IS.OR.200 + IS.OR.245 cross-organisation roll-up,critical,do-326a,2014-do-326a-with-2020-do-355a-and-2026-easa-part-is,EASA-Part-IS-IS-OR-200,,full,satisfies,content/cat-22-regulatory-compliance/UC-22.60.14.json
22.60.14,EASA Part-IS Information Security Management System (ISMS) audit-evidence register and scope coverage - IS.OR.200 + IS.OR.245 cross-organisation roll-up,critical,do-326a,2014-do-326a-with-2020-do-355a-and-2026-easa-part-is,EASA-Part-IS-IS-OR-205,,partial,satisfies,content/cat-22-regulatory-compliance/UC-22.60.14.json
22.60.14,EASA Part-IS Information Security Management System (ISMS) audit-evidence register and scope coverage - IS.OR.200 + IS.OR.245 cross-organisation roll-up,critical,do-326a,2014-do-326a-with-2020-do-355a-and-2026-easa-part-is,EASA-Part-IS-IS-OR-245,,full,satisfies,content/cat-22-regulatory-compliance/UC-22.60.14.json
22.60.15,Airborne software cyber-SBOM vulnerability monitoring - fleet-exposure to new CVEs via SBOM-based CVE-feed correlation (DO-355A in-service vulnerability tracking),high,do-326a,2014-do-326a-with-2020-do-355a-and-2026-easa-part-is,DO-326A-s3-1,,full,satisfies,content/cat-22-regulatory-compliance/UC-22.60.15.json
22.60.15,Airborne software cyber-SBOM vulnerability monitoring - fleet-exposure to new CVEs via SBOM-based CVE-feed correlation (DO-355A in-service vulnerability tracking),high,do-326a,2014-do-326a-with-2020-do-355a-and-2026-easa-part-is,DO-355A-s2-1,,full,satisfies,content/cat-22-regulatory-compliance/UC-22.60.15.json
22.60.15,Airborne software cyber-SBOM vulnerability monitoring - fleet-exposure to new CVEs via SBOM-based CVE-feed correlation (DO-355A in-service vulnerability tracking),high,do-326a,2014-do-326a-with-2020-do-355a-and-2026-easa-part-is,EASA-Part-IS-IS-OR-205,,partial,satisfies,content/cat-22-regulatory-compliance/UC-22.60.15.json
22.60.16,Pilot and maintenance cyber-incident training cadence + tabletop drill register - DO-355A + EASA Part-IS IS.OR.240 personnel-qualification compliance,high,do-326a,2014-do-326a-with-2020-do-355a-and-2026-easa-part-is,DO-326A-s4-2,,partial,satisfies,content/cat-22-regulatory-compliance/UC-22.60.16.json
22.60.16,Pilot and maintenance cyber-incident training cadence + tabletop drill register - DO-355A + EASA Part-IS IS.OR.240 personnel-qualification compliance,high,do-326a,2014-do-326a-with-2020-do-355a-and-2026-easa-part-is,DO-355A-s2-1,,full,satisfies,content/cat-22-regulatory-compliance/UC-22.60.16.json
22.60.16,Pilot and maintenance cyber-incident training cadence + tabletop drill register - DO-355A + EASA Part-IS IS.OR.240 personnel-qualification compliance,high,do-326a,2014-do-326a-with-2020-do-355a-and-2026-easa-part-is,EASA-Part-IS-IS-OR-200,,partial,satisfies,content/cat-22-regulatory-compliance/UC-22.60.16.json
22.60.17,Aeronautical database integrity attestation - navigation / FMS / terrain / performance database tampering detection (DO-200B / DO-201A / DO-202A digital signature + LRU upload audit),critical,do-326a,2014-do-326a-with-2020-do-355a-and-2026-easa-part-is,DO-326A-s3-3,,full,detects-violation-of,content/cat-22-regulatory-compliance/UC-22.60.17.json
22.60.17,Aeronautical database integrity attestation - navigation / FMS / terrain / performance database tampering detection (DO-200B / DO-201A / DO-202A digital signature + LRU upload audit),critical,do-326a,2014-do-326a-with-2020-do-355a-and-2026-easa-part-is,DO-355A-s3-1,,full,detects-violation-of,content/cat-22-regulatory-compliance/UC-22.60.17.json
22.60.17,Aeronautical database integrity attestation - navigation / FMS / terrain / performance database tampering detection (DO-200B / DO-201A / DO-202A digital signature + LRU upload audit),critical,do-326a,2014-do-326a-with-2020-do-355a-and-2026-easa-part-is,EASA-Part-IS-IS-OR-220,,partial,detects-violation-of,content/cat-22-regulatory-compliance/UC-22.60.17.json
22.60.2,Aircraft Security Risk Assessment (SRA) coverage register - DO-326A Threat Conditions vs Cyber Security Items vs residual-risk acceptance with EASA / FAA finding-of-non-compliance early-warning,critical,do-326a,2014-do-326a-with-2020-do-355a-and-2026-easa-part-is,DO-326A-s3-2,,partial,satisfies,content/cat-22-regulatory-compliance/UC-22.60.2.json
22.60.2,Aircraft Security Risk Assessment (SRA) coverage register - DO-326A Threat Conditions vs Cyber Security Items vs residual-risk acceptance with EASA / FAA finding-of-non-compliance early-warning,critical,do-326a,2014-do-326a-with-2020-do-355a-and-2026-easa-part-is,DO-326A-s3-3,,full,satisfies,content/cat-22-regulatory-compliance/UC-22.60.2.json
22.60.2,Aircraft Security Risk Assessment (SRA) coverage register - DO-326A Threat Conditions vs Cyber Security Items vs residual-risk acceptance with EASA / FAA finding-of-non-compliance early-warning,critical,do-326a,2014-do-326a-with-2020-do-355a-and-2026-easa-part-is,DO-356A-s3-1,,partial,satisfies,content/cat-22-regulatory-compliance/UC-22.60.2.json
22.60.2,Aircraft Security Risk Assessment (SRA) coverage register - DO-326A Threat Conditions vs Cyber Security Items vs residual-risk acceptance with EASA / FAA finding-of-non-compliance early-warning,critical,do-326a,2014-do-326a-with-2020-do-355a-and-2026-easa-part-is,EASA-Part-IS-IS-OR-205,,partial,satisfies,content/cat-22-regulatory-compliance/UC-22.60.2.json
22.60.3,ARINC 811 / DO-326A network-domain segregation drift detection - any unmediated information flow from PIESD/POD to AISD/ACD on the in-service fleet,critical,do-326a,2014-do-326a-with-2020-do-355a-and-2026-easa-part-is,ARINC-811-s4-2,,full,detects-violation-of,content/cat-22-regulatory-compliance/UC-22.60.3.json
22.60.3,ARINC 811 / DO-326A network-domain segregation drift detection - any unmediated information flow from PIESD/POD to AISD/ACD on the in-service fleet,critical,do-326a,2014-do-326a-with-2020-do-355a-and-2026-easa-part-is,DO-326A-s2-1,,full,detects-violation-of,content/cat-22-regulatory-compliance/UC-22.60.3.json
22.60.3,ARINC 811 / DO-326A network-domain segregation drift detection - any unmediated information flow from PIESD/POD to AISD/ACD on the in-service fleet,critical,do-326a,2014-do-326a-with-2020-do-355a-and-2026-easa-part-is,DO-326A-s4-1,,full,detects-violation-of,content/cat-22-regulatory-compliance/UC-22.60.3.json
22.60.3,ARINC 811 / DO-326A network-domain segregation drift detection - any unmediated information flow from PIESD/POD to AISD/ACD on the in-service fleet,critical,do-326a,2014-do-326a-with-2020-do-355a-and-2026-easa-part-is,EASA-Part-IS-IS-OR-220,,partial,satisfies,content/cat-22-regulatory-compliance/UC-22.60.3.json
22.60.4,"DO-355A Loadable Software Aircraft Part (LSAP) digital-signature integrity audit at load-time - block failed verifications, ensure 100% load coverage",critical,do-326a,2014-do-326a-with-2020-do-355a-and-2026-easa-part-is,DO-326A-s3-1,,partial,satisfies,content/cat-22-regulatory-compliance/UC-22.60.4.json
22.60.4,"DO-355A Loadable Software Aircraft Part (LSAP) digital-signature integrity audit at load-time - block failed verifications, ensure 100% load coverage",critical,do-326a,2014-do-326a-with-2020-do-355a-and-2026-easa-part-is,DO-326A-s5-1,,partial,satisfies,content/cat-22-regulatory-compliance/UC-22.60.4.json
22.60.4,"DO-355A Loadable Software Aircraft Part (LSAP) digital-signature integrity audit at load-time - block failed verifications, ensure 100% load coverage",critical,do-326a,2014-do-326a-with-2020-do-355a-and-2026-easa-part-is,DO-355A-s2-3,,full,satisfies,content/cat-22-regulatory-compliance/UC-22.60.4.json
22.60.4,"DO-355A Loadable Software Aircraft Part (LSAP) digital-signature integrity audit at load-time - block failed verifications, ensure 100% load coverage",critical,do-326a,2014-do-326a-with-2020-do-355a-and-2026-easa-part-is,EASA-Part-IS-IS-OR-220,,partial,satisfies,content/cat-22-regulatory-compliance/UC-22.60.4.json
22.60.5,Airworthiness Directive (AD) and Service Bulletin (SB) security-related operator compliance tracker - DO-355A + EASA Part-IS overdue-AD risk score with grounding-risk modeling,critical,do-326a,2014-do-326a-with-2020-do-355a-and-2026-easa-part-is,DO-355A-s2-1,,full,satisfies,content/cat-22-regulatory-compliance/UC-22.60.5.json
22.60.5,Airworthiness Directive (AD) and Service Bulletin (SB) security-related operator compliance tracker - DO-355A + EASA Part-IS overdue-AD risk score with grounding-risk modeling,critical,do-326a,2014-do-326a-with-2020-do-355a-and-2026-easa-part-is,EASA-Part-IS-IS-OR-205,,partial,satisfies,content/cat-22-regulatory-compliance/UC-22.60.5.json
22.60.6,Portable Maintenance Access Terminal (PMAT) / maintenance-laptop governance - DO-355A baseline + USB / removable-media control + malware-detection events with aircraft-uplink risk score,critical,do-326a,2014-do-326a-with-2020-do-355a-and-2026-easa-part-is,DO-355A-s2-1,,full,satisfies,content/cat-22-regulatory-compliance/UC-22.60.6.json
22.60.6,Portable Maintenance Access Terminal (PMAT) / maintenance-laptop governance - DO-355A baseline + USB / removable-media control + malware-detection events with aircraft-uplink risk score,critical,do-326a,2014-do-326a-with-2020-do-355a-and-2026-easa-part-is,EASA-Part-IS-IS-OR-205,,partial,satisfies,content/cat-22-regulatory-compliance/UC-22.60.6.json
22.60.6,Portable Maintenance Access Terminal (PMAT) / maintenance-laptop governance - DO-355A baseline + USB / removable-media control + malware-detection events with aircraft-uplink risk score,critical,do-326a,2014-do-326a-with-2020-do-355a-and-2026-easa-part-is,EASA-Part-IS-IS-OR-220,,partial,satisfies,content/cat-22-regulatory-compliance/UC-22.60.6.json
22.60.7,"Electronic Flight Bag (EFB) Class 2/3 security posture monitoring - host integrity, performance-data integrity, application allowlist, and MEL-class compliance",critical,do-326a,2014-do-326a-with-2020-do-355a-and-2026-easa-part-is,DO-355A-s2-1,,full,satisfies,content/cat-22-regulatory-compliance/UC-22.60.7.json
22.60.7,"Electronic Flight Bag (EFB) Class 2/3 security posture monitoring - host integrity, performance-data integrity, application allowlist, and MEL-class compliance",critical,do-326a,2014-do-326a-with-2020-do-355a-and-2026-easa-part-is,EASA-Part-IS-IS-OR-205,,partial,satisfies,content/cat-22-regulatory-compliance/UC-22.60.7.json
22.60.8,ACARS / CPDLC / VDL Mode 2 datalink message integrity + anomaly detection - DO-326A threat condition for ATC datalink message spoofing,critical,do-326a,2014-do-326a-with-2020-do-355a-and-2026-easa-part-is,DO-326A-s3-2,,full,detects-violation-of,content/cat-22-regulatory-compliance/UC-22.60.8.json
22.60.8,ACARS / CPDLC / VDL Mode 2 datalink message integrity + anomaly detection - DO-326A threat condition for ATC datalink message spoofing,critical,do-326a,2014-do-326a-with-2020-do-355a-and-2026-easa-part-is,DO-355A-s3-1,,partial,satisfies,content/cat-22-regulatory-compliance/UC-22.60.8.json
22.60.8,ACARS / CPDLC / VDL Mode 2 datalink message integrity + anomaly detection - DO-326A threat condition for ATC datalink message spoofing,critical,do-326a,2014-do-326a-with-2020-do-355a-and-2026-easa-part-is,EASA-Part-IS-IS-OR-220,,partial,satisfies,content/cat-22-regulatory-compliance/UC-22.60.8.json
22.60.9,GNSS / GPS spoofing and jamming detection for civil aviation - elevated RAIM warnings + position-jump + correlated fleet GNSS-loss with NCA / FAA notification trigger,critical,do-326a,2014-do-326a-with-2020-do-355a-and-2026-easa-part-is,DO-326A-s3-2,,full,detects-violation-of,content/cat-22-regulatory-compliance/UC-22.60.9.json
22.60.9,GNSS / GPS spoofing and jamming detection for civil aviation - elevated RAIM warnings + position-jump + correlated fleet GNSS-loss with NCA / FAA notification trigger,critical,do-326a,2014-do-326a-with-2020-do-355a-and-2026-easa-part-is,DO-355A-s3-1,,partial,satisfies,content/cat-22-regulatory-compliance/UC-22.60.9.json
22.60.9,GNSS / GPS spoofing and jamming detection for civil aviation - elevated RAIM warnings + position-jump + correlated fleet GNSS-loss with NCA / FAA notification trigger,critical,do-326a,2014-do-326a-with-2020-do-355a-and-2026-easa-part-is,EASA-Part-IS-IS-OR-220,,partial,satisfies,content/cat-22-regulatory-compliance/UC-22.60.9.json
22.61.1,MLPS 2.0 (GB/T 22239-2019) Multi-Level Protection Scheme grading register with Level 2+ MPS filing and Level 3+ annual independent-assessment compliance tracker,critical,cn-csl,2017-csl-with-2021-dsl-pipl-and-2022-ciio-cross-border,CSL-Art-21,,full,satisfies,content/cat-22-regulatory-compliance/UC-22.61.1.json
22.61.1,MLPS 2.0 (GB/T 22239-2019) Multi-Level Protection Scheme grading register with Level 2+ MPS filing and Level 3+ annual independent-assessment compliance tracker,critical,cn-csl,2017-csl-with-2021-dsl-pipl-and-2022-ciio-cross-border,MLPS-2-0-L3,,full,satisfies,content/cat-22-regulatory-compliance/UC-22.61.1.json
22.61.1,MLPS 2.0 (GB/T 22239-2019) Multi-Level Protection Scheme grading register with Level 2+ MPS filing and Level 3+ annual independent-assessment compliance tracker,critical,cn-csl,2017-csl-with-2021-dsl-pipl-and-2022-ciio-cross-border,MLPS-2-0-annual,,full,satisfies,content/cat-22-regulatory-compliance/UC-22.61.1.json
22.61.10,CIIO Reg. Art. 14 + Cybersecurity Review Measures 2022 — pre-procurement Cybersecurity Review filing tracker for CIIO network products and services,critical,cn-csl,2017-csl-with-2021-dsl-pipl-and-2022-ciio-cross-border,CIIO-Reg-Art-14,,full,satisfies,content/cat-22-regulatory-compliance/UC-22.61.10.json
22.61.11,"MLPS 2.0 GB/T 22239-2019 Level 3+ annual independent-assessment scheduling, MPS-accredited assessor freshness, and finding-remediation closure tracker",high,cn-csl,2017-csl-with-2021-dsl-pipl-and-2022-ciio-cross-border,MLPS-2-0-L3,,full,satisfies,content/cat-22-regulatory-compliance/UC-22.61.11.json
22.61.11,"MLPS 2.0 GB/T 22239-2019 Level 3+ annual independent-assessment scheduling, MPS-accredited assessor freshness, and finding-remediation closure tracker",high,cn-csl,2017-csl-with-2021-dsl-pipl-and-2022-ciio-cross-border,MLPS-2-0-annual,,full,satisfies,content/cat-22-regulatory-compliance/UC-22.61.11.json
22.61.12,CSL Art. 21 + DSL Art. 27 + GB/T 22239-2019 6-month security-log retention + integrity-protected archival + tamper-detection,high,cn-csl,2017-csl-with-2021-dsl-pipl-and-2022-ciio-cross-border,CSL-Art-21,,full,satisfies,content/cat-22-regulatory-compliance/UC-22.61.12.json
22.61.12,CSL Art. 21 + DSL Art. 27 + GB/T 22239-2019 6-month security-log retention + integrity-protected archival + tamper-detection,high,cn-csl,2017-csl-with-2021-dsl-pipl-and-2022-ciio-cross-border,DSL-Art-29,,partial,satisfies,content/cat-22-regulatory-compliance/UC-22.61.12.json
22.61.12,CSL Art. 21 + DSL Art. 27 + GB/T 22239-2019 6-month security-log retention + integrity-protected archival + tamper-detection,high,cn-csl,2017-csl-with-2021-dsl-pipl-and-2022-ciio-cross-border,MLPS-2-0-L3,,partial,satisfies,content/cat-22-regulatory-compliance/UC-22.61.12.json
22.61.2,Critical Information Infrastructure Operator (CIIO) designation register and CSL Art. 38 annual cybersecurity inspection + risk-assessment compliance tracker,critical,cn-csl,2017-csl-with-2021-dsl-pipl-and-2022-ciio-cross-border,CIIO-Reg-Art-8,,full,satisfies,content/cat-22-regulatory-compliance/UC-22.61.2.json
22.61.2,Critical Information Infrastructure Operator (CIIO) designation register and CSL Art. 38 annual cybersecurity inspection + risk-assessment compliance tracker,critical,cn-csl,2017-csl-with-2021-dsl-pipl-and-2022-ciio-cross-border,CSL-Art-38,,full,satisfies,content/cat-22-regulatory-compliance/UC-22.61.2.json
22.61.3,"CSL Art. 25 cybersecurity incident reporting clock — tiered Level 1-4 notification (1h / 8h / 24h) to CAC, MPS, and sectoral protection department",critical,cn-csl,2017-csl-with-2021-dsl-pipl-and-2022-ciio-cross-border,CSL-Art-25,,full,satisfies,content/cat-22-regulatory-compliance/UC-22.61.3.json
22.61.3,"CSL Art. 25 cybersecurity incident reporting clock — tiered Level 1-4 notification (1h / 8h / 24h) to CAC, MPS, and sectoral protection department",critical,cn-csl,2017-csl-with-2021-dsl-pipl-and-2022-ciio-cross-border,DSL-Art-29,,partial,satisfies,content/cat-22-regulatory-compliance/UC-22.61.3.json
22.61.4,CSL Art. 37 + CIIO data-localisation egress detector — outbound personal information and important data egress from PRC by CIIO without CAC Cross-Border Security Assessment approval,critical,cn-csl,2017-csl-with-2021-dsl-pipl-and-2022-ciio-cross-border,CSL-Art-37,,full,detects-violation-of,content/cat-22-regulatory-compliance/UC-22.61.4.json
22.61.4,CSL Art. 37 + CIIO data-localisation egress detector — outbound personal information and important data egress from PRC by CIIO without CAC Cross-Border Security Assessment approval,critical,cn-csl,2017-csl-with-2021-dsl-pipl-and-2022-ciio-cross-border,DSL-Art-21,,partial,satisfies,content/cat-22-regulatory-compliance/UC-22.61.4.json
22.61.4,CSL Art. 37 + CIIO data-localisation egress detector — outbound personal information and important data egress from PRC by CIIO without CAC Cross-Border Security Assessment approval,critical,cn-csl,2017-csl-with-2021-dsl-pipl-and-2022-ciio-cross-border,PIPL-Art-38,,full,detects-violation-of,content/cat-22-regulatory-compliance/UC-22.61.4.json
22.61.5,"DSL Art. 21 Important Data Catalogue freshness, classification coverage, and sectoral Important Data List alignment tracker",high,cn-csl,2017-csl-with-2021-dsl-pipl-and-2022-ciio-cross-border,DSL-Art-21,,full,satisfies,content/cat-22-regulatory-compliance/UC-22.61.5.json
22.61.6,DSL Art. 36 + PIPL Art. 41 blocking statute — foreign judicial / law-enforcement data-request register with PRC government approval status and unauthorised-disclosure detector,critical,cn-csl,2017-csl-with-2021-dsl-pipl-and-2022-ciio-cross-border,DSL-Art-36,,full,satisfies,content/cat-22-regulatory-compliance/UC-22.61.6.json
22.61.6,DSL Art. 36 + PIPL Art. 41 blocking statute — foreign judicial / law-enforcement data-request register with PRC government approval status and unauthorised-disclosure detector,critical,cn-csl,2017-csl-with-2021-dsl-pipl-and-2022-ciio-cross-border,PIPL-Art-38,,partial,detects-violation-of,content/cat-22-regulatory-compliance/UC-22.61.6.json
22.61.7,"PIPL Art. 38 cross-border personal-information transfer register — CAC Security Assessment, CAC Standard Contract, and CAC-accredited Certification active-basis tracker",critical,cn-csl,2017-csl-with-2021-dsl-pipl-and-2022-ciio-cross-border,PIPL-Art-38,,full,satisfies,content/cat-22-regulatory-compliance/UC-22.61.7.json
22.61.8,"PIPL Art. 51 / 52 / 55 / 56 — internal management, Personal Information Protection Officer (DPO) appointment, and Personal Information Impact Assessment (PIPIA) register freshness",high,cn-csl,2017-csl-with-2021-dsl-pipl-and-2022-ciio-cross-border,PIPL-Art-51,,full,satisfies,content/cat-22-regulatory-compliance/UC-22.61.8.json
22.61.8,"PIPL Art. 51 / 52 / 55 / 56 — internal management, Personal Information Protection Officer (DPO) appointment, and Personal Information Impact Assessment (PIPIA) register freshness",high,cn-csl,2017-csl-with-2021-dsl-pipl-and-2022-ciio-cross-border,PIPL-Art-55,,full,satisfies,content/cat-22-regulatory-compliance/UC-22.61.8.json
22.61.9,"PIPL Art. 24 automated decision-making (ADM) transparency, opt-out audit, and anti-price-discrimination + anti-bias detection",high,cn-csl,2017-csl-with-2021-dsl-pipl-and-2022-ciio-cross-border,PIPL-Art-55,,partial,satisfies,content/cat-22-regulatory-compliance/UC-22.61.9.json
22.62.1,CERT-In Direction (ii) 6-hour cybersecurity-incident reporting clock across 20 statutory categories with auto-submission to incident@cert-in.org.in,critical,cert-in,2022-04-28-cert-in-directions-with-2023-dpdp,CERT-In-Dir-2,,full,satisfies,content/cat-22-regulatory-compliance/UC-22.62.1.json
22.62.1,CERT-In Direction (ii) 6-hour cybersecurity-incident reporting clock across 20 statutory categories with auto-submission to incident@cert-in.org.in,critical,cert-in,2022-04-28-cert-in-directions-with-2023-dpdp,IT-Act-Sec-70B,,partial,satisfies,content/cat-22-regulatory-compliance/UC-22.62.1.json
22.62.2,"CERT-In Direction (iii) NTP synchronisation to NIC samay1.nic.in / NPL time.nplindia.org with cross-fleet drift, stratum, and traceability monitor",high,cert-in,2022-04-28-cert-in-directions-with-2023-dpdp,CERT-In-Dir-3,,full,satisfies,content/cat-22-regulatory-compliance/UC-22.62.2.json
22.62.3,"CERT-In Direction (vi) designated Point-of-Contact (POC) register freshness, 7-day change-notification clock, and 24x7 contactability proof",high,cert-in,2022-04-28-cert-in-directions-with-2023-dpdp,CERT-In-Dir-4,,full,satisfies,content/cat-22-regulatory-compliance/UC-22.62.3.json
22.62.4,CERT-In Direction (iv) 180-day rolling ICT log retention within Indian jurisdiction with cross-border-storage detector,high,cert-in,2022-04-28-cert-in-directions-with-2023-dpdp,CERT-In-Dir-5,,full,satisfies,content/cat-22-regulatory-compliance/UC-22.62.4.json
22.62.5,CERT-In Direction (v) VPN/VPS/cloud-provider subscriber-KYC + 5-year retention with Aadhaar/PAN validation + IP-allocation chain-of-custody,high,cert-in,2022-04-28-cert-in-directions-with-2023-dpdp,CERT-In-Dir-5-1,,full,satisfies,content/cat-22-regulatory-compliance/UC-22.62.5.json
22.62.6,CERT-In Direction (vii) Virtual Asset Service Provider / crypto-exchange KYC + 5-year transaction-record retention with PMLA wallet-hop trace alignment,critical,cert-in,2022-04-28-cert-in-directions-with-2023-dpdp,CERT-In-Dir-6,,full,satisfies,content/cat-22-regulatory-compliance/UC-22.62.6.json
22.62.6,CERT-In Direction (vii) Virtual Asset Service Provider / crypto-exchange KYC + 5-year transaction-record retention with PMLA wallet-hop trace alignment,critical,cert-in,2022-04-28-cert-in-directions-with-2023-dpdp,IT-Act-Sec-43A,,partial,satisfies,content/cat-22-regulatory-compliance/UC-22.62.6.json
22.62.7,"DPDP 2023 §10 Significant Data Fiduciary register with India-based DPO appointment, periodic DPIA freshness, and annual independent data-audit cadence",high,cert-in,2022-04-28-cert-in-directions-with-2023-dpdp,DPDP-Sec-8,,full,satisfies,content/cat-22-regulatory-compliance/UC-22.62.7.json
22.62.7,"DPDP 2023 §10 Significant Data Fiduciary register with India-based DPO appointment, periodic DPIA freshness, and annual independent data-audit cadence",high,cert-in,2022-04-28-cert-in-directions-with-2023-dpdp,IT-Act-Sec-43A,,partial,satisfies,content/cat-22-regulatory-compliance/UC-22.62.7.json
22.62.8,IT Act §43A + IT Rules 2011 + DPDP 2023 Sensitive-Personal-Data-or-Information (SPDI) reasonable-security-practices baseline + 72-hour breach notification to the Data Protection Board of India,high,cert-in,2022-04-28-cert-in-directions-with-2023-dpdp,DPDP-Sec-8,,partial,satisfies,content/cat-22-regulatory-compliance/UC-22.62.8.json
22.62.8,IT Act §43A + IT Rules 2011 + DPDP 2023 Sensitive-Personal-Data-or-Information (SPDI) reasonable-security-practices baseline + 72-hour breach notification to the Data Protection Board of India,high,cert-in,2022-04-28-cert-in-directions-with-2023-dpdp,IT-Act-Sec-43A,,full,satisfies,content/cat-22-regulatory-compliance/UC-22.62.8.json
22.63.1,IEC 61511 Clause 5 Safety Instrumented System (SIS) safety-lifecycle phase-completion register with deliverable-and-verification-evidence chain across all 16 lifecycle phases,critical,iec-61511,2016-iec-61511-ed-2-with-isa-tr84-00-09,IEC-61508-Pt-1-Cl-7-4,,partial,satisfies,content/cat-22-regulatory-compliance/UC-22.63.1.json
22.63.1,IEC 61511 Clause 5 Safety Instrumented System (SIS) safety-lifecycle phase-completion register with deliverable-and-verification-evidence chain across all 16 lifecycle phases,critical,iec-61511,2016-iec-61511-ed-2-with-isa-tr84-00-09,IEC-61511-Cl-5,,full,satisfies,content/cat-22-regulatory-compliance/UC-22.63.1.json
22.63.2,IEC 61511 Clause 8.2.4 SIS cybersecurity risk assessment freshness + ISA-TR84.00.09 / IEC 62443-3-2 zone-and-conduit risk-register evidence chain,critical,iec-61511,2016-iec-61511-ed-2-with-isa-tr84-00-09,IEC-61511-Cl-8-2-4,,full,satisfies,content/cat-22-regulatory-compliance/UC-22.63.2.json
22.63.2,IEC 61511 Clause 8.2.4 SIS cybersecurity risk assessment freshness + ISA-TR84.00.09 / IEC 62443-3-2 zone-and-conduit risk-register evidence chain,critical,iec-61511,2016-iec-61511-ed-2-with-isa-tr84-00-09,IEC-62443-3-2,,partial,satisfies,content/cat-22-regulatory-compliance/UC-22.63.2.json
22.63.2,IEC 61511 Clause 8.2.4 SIS cybersecurity risk assessment freshness + ISA-TR84.00.09 / IEC 62443-3-2 zone-and-conduit risk-register evidence chain,critical,iec-61511,2016-iec-61511-ed-2-with-isa-tr84-00-09,ISA-TR84-00-09-s4,,full,satisfies,content/cat-22-regulatory-compliance/UC-22.63.2.json
22.63.3,IEC 61511 Clause 11.7.6 SIS-BPCS separation + SIS override and bypass logging with audit-trail tamper-detection,critical,iec-61511,2016-iec-61511-ed-2-with-isa-tr84-00-09,IEC-61511-Cl-11,,full,satisfies,content/cat-22-regulatory-compliance/UC-22.63.3.json
22.63.3,IEC 61511 Clause 11.7.6 SIS-BPCS separation + SIS override and bypass logging with audit-trail tamper-detection,critical,iec-61511,2016-iec-61511-ed-2-with-isa-tr84-00-09,IEC-61511-Cl-11-7-6,,full,satisfies,content/cat-22-regulatory-compliance/UC-22.63.3.json
22.63.4,IEC 61511 Clause 16.3 SIS proof-test interval compliance + demand rate verification + spurious-trip-rate trending against PFD/PFH design budget,critical,iec-61511,2016-iec-61511-ed-2-with-isa-tr84-00-09,IEC-61508-Pt-1-Cl-7-4,,partial,satisfies,content/cat-22-regulatory-compliance/UC-22.63.4.json
22.63.4,IEC 61511 Clause 16.3 SIS proof-test interval compliance + demand rate verification + spurious-trip-rate trending against PFD/PFH design budget,critical,iec-61511,2016-iec-61511-ed-2-with-isa-tr84-00-09,IEC-61511-Cl-16-3,,full,satisfies,content/cat-22-regulatory-compliance/UC-22.63.4.json
22.63.5,"IEC 61511 Clause 17.2 SIS Management-of-Change (MoC) register: classification, MoC-impact-on-SIL, re-assessment trigger, and Pre-Startup Safety Review (PSSR) closure",high,iec-61511,2016-iec-61511-ed-2-with-isa-tr84-00-09,IEC-61511-Cl-17-2,,full,satisfies,content/cat-22-regulatory-compliance/UC-22.63.5.json
22.63.5,"IEC 61511 Clause 17.2 SIS Management-of-Change (MoC) register: classification, MoC-impact-on-SIL, re-assessment trigger, and Pre-Startup Safety Review (PSSR) closure",high,iec-61511,2016-iec-61511-ed-2-with-isa-tr84-00-09,IEC-61511-Cl-8-2-4,,partial,satisfies,content/cat-22-regulatory-compliance/UC-22.63.5.json
22.63.6,ISA-TR84.00.09 §4 integrated cybersecurity programme: SIS-relevant security-incident detection feed-back into Cybersecurity Risk Assessment register and Process Hazard Analysis (PHA) refresh trigger,critical,iec-61511,2016-iec-61511-ed-2-with-isa-tr84-00-09,ISA-TR84-00-09-s4,,full,satisfies,content/cat-22-regulatory-compliance/UC-22.63.6.json
22.63.6,ISA-TR84.00.09 §4 integrated cybersecurity programme: SIS-relevant security-incident detection feed-back into Cybersecurity Risk Assessment register and Process Hazard Analysis (PHA) refresh trigger,critical,iec-61511,2016-iec-61511-ed-2-with-isa-tr84-00-09,ISA-TR84-00-09-s5,,partial,satisfies,content/cat-22-regulatory-compliance/UC-22.63.6.json
22.63.7,"IEC 62443-3-2 SIS zone-and-conduit security-level evidence: SL-T target vs SL-C capability vs SL-A achieved, with sub-clause exception register",high,iec-61511,2016-iec-61511-ed-2-with-isa-tr84-00-09,IEC-61511-Cl-8-2-4,,partial,satisfies,content/cat-22-regulatory-compliance/UC-22.63.7.json
22.63.7,"IEC 62443-3-2 SIS zone-and-conduit security-level evidence: SL-T target vs SL-C capability vs SL-A achieved, with sub-clause exception register",high,iec-61511,2016-iec-61511-ed-2-with-isa-tr84-00-09,IEC-62443-3-2,,full,satisfies,content/cat-22-regulatory-compliance/UC-22.63.7.json
22.7.1,NIST CSF Maturity Posture Dashboard,high,nist-csf,2.0,ID.AM-01,,contributing,satisfies,content/cat-22-regulatory-compliance/UC-22.7.1.json
22.7.10,Enterprise Risk Appetite vs Open Critical Vulnerabilities,medium,nist-csf,2.0,GV.RM-01,,partial,satisfies,content/cat-22-regulatory-compliance/UC-22.7.10.json
22.7.11,Security Role Attestation — RBAC Changes vs HR Start Dates,high,nist-csf,2.0,GV.RR-01,,partial,satisfies,content/cat-22-regulatory-compliance/UC-22.7.11.json
22.7.12,Policy Exception Tracking — Conditional Access Exclusion Groups,high,nist-csf,2.0,GV.PO-01,,contributing,satisfies,content/cat-22-regulatory-compliance/UC-22.7.12.json
22.7.13,Documented Baseline Drift — Firewall Rule Adds Outside CAB Window,medium,nist-csf,2.0,GV.PO-02,,contributing,satisfies,content/cat-22-regulatory-compliance/UC-22.7.13.json
22.7.14,Executive Oversight Dashboard — Mean Time to Acknowledge Critical Alerts,high,nist-csf,2.0,GV.OV-01,,contributing,satisfies,content/cat-22-regulatory-compliance/UC-22.7.14.json
22.7.15,Supply Chain — New Package Installs in CI Against Approved Registry,medium,nist-csf,2.0,GV.SC-01,,contributing,satisfies,content/cat-22-regulatory-compliance/UC-22.7.15.json
22.7.16,Hardware Asset Coverage — Agents Missing on In-Scope Servers,high,nist-csf,2.0,ID.AM-01,,partial,satisfies,content/cat-22-regulatory-compliance/UC-22.7.16.json
22.7.17,Software Bill of Materials Signals — Container Image Digests,medium,nist-csf,2.0,ID.AM-02,,contributing,satisfies,content/cat-22-regulatory-compliance/UC-22.7.17.json
22.7.18,Data Asset Classification — Sensitive Columns in Query Logs,high,nist-csf,2.0,ID.AM-03,,contributing,satisfies,content/cat-22-regulatory-compliance/UC-22.7.18.json
22.7.19,Business Process Impact — Incidents by Critical Application,high,nist-csf,2.0,ID.RA-01,,partial,satisfies,content/cat-22-regulatory-compliance/UC-22.7.19.json
22.7.2,NIST CSF Detect Function Coverage Gap Analysis,high,nist-csf,1.1,DE.AE-3,https://www.nist.gov/cyberframework/framework,full,satisfies,content/cat-22-regulatory-compliance/UC-22.7.2.json
22.7.2,NIST CSF Detect Function Coverage Gap Analysis,high,nist-csf,1.1,DE.AE-3,https://www.nist.gov/cyberframework/framework,full,satisfies,content/cat-22-regulatory-compliance/UC-22.7.2.json
22.7.20,Control Weakness Heatmap — Failed CIS Benchmark Checks,medium,nist-csf,2.0,ID.RA-02,,contributing,satisfies,content/cat-22-regulatory-compliance/UC-22.7.20.json
22.7.21,Lessons Learned — Post-Incident Analyst Search Activity,high,nist-csf,2.0,ID.IM-01,,contributing,satisfies,content/cat-22-regulatory-compliance/UC-22.7.21.json
22.7.22,Process KPI — Median Days to Remediate High and Critical CVEs,medium,nist-csf,2.0,ID.IM-02,,contributing,satisfies,content/cat-22-regulatory-compliance/UC-22.7.22.json
22.7.23,Privileged Path — PAM JIT Elevation vs Standing Admin Logons,high,nist-csf,2.0,PR.AA-01,,partial,satisfies,content/cat-22-regulatory-compliance/UC-22.7.23.json
22.7.24,Non-Human Identity — Service Principal Secret and Certificate Adds,medium,nist-csf,2.0,PR.AA-02,,contributing,satisfies,content/cat-22-regulatory-compliance/UC-22.7.24.json
22.7.25,Phishing Simulation Clicks vs Security Awareness Completion,high,nist-csf,2.0,PR.AT-01,,contributing,satisfies,content/cat-22-regulatory-compliance/UC-22.7.25.json
22.7.26,Encryption in Transit — Deprecated TLS on Internal APIs,medium,nist-csf,2.0,PR.DS-01,,partial,satisfies,content/cat-22-regulatory-compliance/UC-22.7.26.json
22.7.27,DLP — Blocked Exfil to Personal Email Domains,high,nist-csf,2.0,PR.DS-02,,partial,satisfies,content/cat-22-regulatory-compliance/UC-22.7.27.json
22.7.28,Platform Integrity — sudoers or nsswitch Changes on Linux,medium,nist-csf,2.0,PR.PS-01,,contributing,satisfies,content/cat-22-regulatory-compliance/UC-22.7.28.json
22.7.29,DNS Resolver Error Rate SLO for Internal Resolvers,high,nist-csf,2.0,PR.IR-01,,contributing,satisfies,content/cat-22-regulatory-compliance/UC-22.7.29.json
22.7.3,NIST CSF Identify — Asset Inventory Coverage and Shadow SaaS Signals,high,nist-csf,1.1,ID.AM-1,https://www.nist.gov/cyberframework/framework,full,satisfies,content/cat-22-regulatory-compliance/UC-22.7.3.json
22.7.3,NIST CSF Identify — Asset Inventory Coverage and Shadow SaaS Signals,high,nist-csf,1.1,ID.AM-1,https://www.nist.gov/cyberframework/framework,full,satisfies,content/cat-22-regulatory-compliance/UC-22.7.3.json
22.7.3,NIST CSF Identify — Asset Inventory Coverage and Shadow SaaS Signals,high,nist-csf,2.0,ID.AM-2,,contributing,satisfies,content/cat-22-regulatory-compliance/UC-22.7.3.json
22.7.30,Storage Path — Cluster Failover or Multipath Events,medium,nist-csf,2.0,PR.IR-02,,contributing,satisfies,content/cat-22-regulatory-compliance/UC-22.7.30.json
22.7.31,EDR Heartbeat Gap Beyond Policy SLA,high,nist-csf,2.0,DE.CM-01,,partial,satisfies,content/cat-22-regulatory-compliance/UC-22.7.31.json
22.7.32,Administrative API Logging Volume Drop vs Baseline,medium,nist-csf,2.0,DE.CM-02,,contributing,satisfies,content/cat-22-regulatory-compliance/UC-22.7.32.json
22.7.32,Administrative API Logging Volume Drop vs Baseline,medium,nist-csf,2.0,PR.PS-04,https://www.nist.gov/cyberframework,full,detects-violation-of,content/cat-22-regulatory-compliance/UC-22.7.32.json
22.7.32,Administrative API Logging Volume Drop vs Baseline,medium,nist-csf,2.0,PR.PS-04,https://www.nist.gov/cyberframework,partial,detects-violation-of,content/cat-22-regulatory-compliance/UC-22.7.32.json
22.7.33,Proxy Denies Toward Young Threat-Intel Domains,high,nist-csf,2.0,DE.CM-03,,partial,satisfies,content/cat-22-regulatory-compliance/UC-22.7.33.json
22.7.34,Database Connection Storm from Application Service Account,medium,nist-csf,2.0,DE.CM-04,,contributing,satisfies,content/cat-22-regulatory-compliance/UC-22.7.34.json
22.7.35,Certificate Transparency — New Public Cert for Corporate Brand,high,nist-csf,2.0,DE.CM-05,,contributing,satisfies,content/cat-22-regulatory-compliance/UC-22.7.35.json
22.7.36,"Lateral Movement Chain — Auth, RDP, and Process Create Same Src",medium,nist-csf,2.0,DE.AE-01,,contributing,satisfies,content/cat-22-regulatory-compliance/UC-22.7.36.json
22.7.37,Anomaly on Outbound Bytes from Database Subnet,high,nist-csf,2.0,DE.AE-02,,partial,satisfies,content/cat-22-regulatory-compliance/UC-22.7.37.json
22.7.38,Risk Index Spike for Privileged Accounts,medium,nist-csf,2.0,DE.AE-03,,contributing,satisfies,content/cat-22-regulatory-compliance/UC-22.7.38.json
22.7.39,IR Ticket Stuck in Containment Beyond SLA,high,nist-csf,2.0,RS.MA-01,,partial,satisfies,content/cat-22-regulatory-compliance/UC-22.7.39.json
22.7.4,NIST CSF Protect — Identity Authentication Hardening and MFA Gaps,critical,nist-csf,1.1,PR.AC-1,https://www.nist.gov/cyberframework/framework,full,satisfies,content/cat-22-regulatory-compliance/UC-22.7.4.json
22.7.4,NIST CSF Protect — Identity Authentication Hardening and MFA Gaps,critical,nist-csf,1.1,PR.AC-1,https://www.nist.gov/cyberframework/framework,full,satisfies,content/cat-22-regulatory-compliance/UC-22.7.4.json
22.7.4,NIST CSF Protect — Identity Authentication Hardening and MFA Gaps,critical,nist-csf,2.0,PR.AA-05,https://www.nist.gov/cyberframework,full,satisfies,content/cat-22-regulatory-compliance/UC-22.7.4.json
22.7.4,NIST CSF Protect — Identity Authentication Hardening and MFA Gaps,critical,nist-csf,2.0,PR.AA-05,https://www.nist.gov/cyberframework,full,satisfies,content/cat-22-regulatory-compliance/UC-22.7.4.json
22.7.4,NIST CSF Protect — Identity Authentication Hardening and MFA Gaps,critical,nist-csf,2.0,PR.AC-1,,contributing,satisfies,content/cat-22-regulatory-compliance/UC-22.7.4.json
22.7.40,SOAR Case Backlog Aging by Severity,medium,nist-csf,2.0,RS.MA-02,,contributing,satisfies,content/cat-22-regulatory-compliance/UC-22.7.40.json
22.7.41,Root Cause Field Completeness on Closed Incidents,high,nist-csf,2.0,RS.AN-01,,contributing,satisfies,content/cat-22-regulatory-compliance/UC-22.7.41.json
22.7.42,"Composite Timeline — Notable, AV, and Proxy Same Host One Hour",medium,nist-csf,2.0,RS.AN-02,,contributing,satisfies,content/cat-22-regulatory-compliance/UC-22.7.42.json
22.7.43,Executive Paging Lag After Sev-1 Playbook Start,medium,nist-csf,2.0,RS.CO-01,,contributing,satisfies,content/cat-22-regulatory-compliance/UC-22.7.43.json
22.7.44,Legal Hold Population — Elevated File Export Activity,high,nist-csf,2.0,RS.CO-02,,contributing,satisfies,content/cat-22-regulatory-compliance/UC-22.7.44.json
22.7.45,EDR Host Isolation Action Success Rate,high,nist-csf,2.0,RS.MI-01,,contributing,satisfies,content/cat-22-regulatory-compliance/UC-22.7.45.json
22.7.46,Scheduled Restore Test Outcomes vs Policy Frequency,high,nist-csf,2.0,RC.RP-01,,partial,satisfies,content/cat-22-regulatory-compliance/UC-22.7.46.json
22.7.47,AD Forest Recovery Drill — Directory Service Restore Events,medium,nist-csf,2.0,RC.RP-02,,contributing,satisfies,content/cat-22-regulatory-compliance/UC-22.7.47.json
22.7.48,Multi-Region Failover — Health-Check Driven DNS Answer Changes,high,nist-csf,2.0,RC.RP-03,,contributing,satisfies,content/cat-22-regulatory-compliance/UC-22.7.48.json
22.7.49,Crisis Email Blast Size to All Employees,medium,nist-csf,2.0,RC.CO-01,,contributing,satisfies,content/cat-22-regulatory-compliance/UC-22.7.49.json
22.7.5,NIST CSF Detect — Continuous Vulnerability Exposure Drift on Critical Servers,high,nist-csf,2.0,DE.CM-09,https://www.nist.gov/cyberframework,full,satisfies,content/cat-22-regulatory-compliance/UC-22.7.5.json
22.7.5,NIST CSF Detect — Continuous Vulnerability Exposure Drift on Critical Servers,high,nist-csf,2.0,DE.CM-09,https://www.nist.gov/cyberframework,partial,satisfies,content/cat-22-regulatory-compliance/UC-22.7.5.json
22.7.5,NIST CSF Detect — Continuous Vulnerability Exposure Drift on Critical Servers,high,nist-csf,2.0,DE.CM-7,,contributing,satisfies,content/cat-22-regulatory-compliance/UC-22.7.5.json
22.7.50,Status Page Update Cadence During Major Incident,high,nist-csf,2.0,RC.CO-02,,contributing,satisfies,content/cat-22-regulatory-compliance/UC-22.7.50.json
22.7.51,Continuous Network & Security-Event Monitoring with Anomaly Analysis,critical,nist-csf,2.0,DE.AE-02,,full,satisfies,content/cat-22-regulatory-compliance/UC-22.7.51.json
22.7.51,Continuous Network & Security-Event Monitoring with Anomaly Analysis,critical,nist-csf,2.0,DE.CM-01,,full,satisfies,content/cat-22-regulatory-compliance/UC-22.7.51.json
22.7.6,NIST CSF Respond — Incident Response Playbook Execution and Stage Timestamps,critical,nist-csf,2.0,RS.AN-03,https://www.nist.gov/cyberframework,full,satisfies,content/cat-22-regulatory-compliance/UC-22.7.6.json
22.7.6,NIST CSF Respond — Incident Response Playbook Execution and Stage Timestamps,critical,nist-csf,2.0,RS.AN-03,https://www.nist.gov/cyberframework,full,satisfies,content/cat-22-regulatory-compliance/UC-22.7.6.json
22.7.6,NIST CSF Respond — Incident Response Playbook Execution and Stage Timestamps,critical,nist-csf,2.0,RS.RP-1,,contributing,satisfies,content/cat-22-regulatory-compliance/UC-22.7.6.json
22.7.7,NIST CSF Recover — Backup Job Success and RTO Readiness for Critical Databases,critical,nist-csf,2.0,RC.RP-1,,contributing,satisfies,content/cat-22-regulatory-compliance/UC-22.7.7.json
22.7.8,Governance Context — Business Critical Services Mapped to IT Assets,high,nist-csf,2.0,GV.OC-01,,partial,satisfies,content/cat-22-regulatory-compliance/UC-22.7.8.json
22.7.9,External Stakeholder Dependencies — Third-Party SaaS in Auth Flows,high,nist-csf,2.0,GV.OC-02,,contributing,satisfies,content/cat-22-regulatory-compliance/UC-22.7.9.json
22.8.1,SOC 2 Trust Services Criteria Continuous Control Monitoring,critical,soc-2,2017 TSC,CC6.1,,contributing,satisfies,content/cat-22-regulatory-compliance/UC-22.8.1.json
22.8.1,SOC 2 Trust Services Criteria Continuous Control Monitoring,critical,soc-2,2017 TSC,CC7.1,,contributing,satisfies,content/cat-22-regulatory-compliance/UC-22.8.1.json
22.8.1,SOC 2 Trust Services Criteria Continuous Control Monitoring,critical,soc-2,2017 TSC,CC8.1,,contributing,satisfies,content/cat-22-regulatory-compliance/UC-22.8.1.json
22.8.10,SOC 2 CC2 — Ethical Conduct and Acceptable-Use Violation Monitoring,medium,soc-2,2017 TSC,CC2.1,,contributing,satisfies,content/cat-22-regulatory-compliance/UC-22.8.10.json
22.8.11,SOC 2 CC2 — Organizational Structure and Segregation-of-Duties Validation,high,soc-2,2017 TSC,CC2.1,,contributing,satisfies,content/cat-22-regulatory-compliance/UC-22.8.11.json
22.8.12,SOC 2 CC3 — Management Accountability for Control Deficiency Remediation SLAs,high,soc-2,2017 TSC,CC3.1,,contributing,satisfies,content/cat-22-regulatory-compliance/UC-22.8.12.json
22.8.13,SOC 2 CC4 — Enterprise Risk Register Ingestion and Coverage Gaps,high,soc-2,2017 TSC,CC7.2,,contributing,satisfies,content/cat-22-regulatory-compliance/UC-22.8.13.json
22.8.14,SOC 2 CC4 — Fraud Risk Scenario Testing Evidence from Anomaly Correlation,critical,soc-2,2017 TSC,CC7.2,,contributing,satisfies,content/cat-22-regulatory-compliance/UC-22.8.14.json
22.8.15,SOC 2 CC5 — Change Impact Analysis Completeness for Production Releases,high,soc-2,2017 TSC,CC5.1,,contributing,satisfies,content/cat-22-regulatory-compliance/UC-22.8.15.json
22.8.16,SOC 2 CC6 — Credential Lifecycle — Orphan and Contractor Account Detection,high,soc-2,2017 TSC,CC6.1,,contributing,satisfies,content/cat-22-regulatory-compliance/UC-22.8.16.json
22.8.17,SOC 2 CC6 — Physical Access Review Exception Tracking for Sensitive Facilities,high,soc-2,2017 TSC,CC7.2,,contributing,satisfies,content/cat-22-regulatory-compliance/UC-22.8.17.json
22.8.18,SOC 2 CC6 — Encryption in Transit Policy Enforcement for Admin and API Paths,critical,soc-2,2017 TSC,CC6.6,,contributing,satisfies,content/cat-22-regulatory-compliance/UC-22.8.18.json
22.8.19,SOC 2 CC6 — Timeliness of Access Removal After HR Termination Events,critical,soc-2,2017 TSC,CC3.1,,contributing,satisfies,content/cat-22-regulatory-compliance/UC-22.8.19.json
22.8.2,SOC 2 System Availability and Incident Response Evidence Collection,critical,soc-2,2017 TSC,A1,,contributing,satisfies,content/cat-22-regulatory-compliance/UC-22.8.2.json
22.8.20,SOC 2 CC7 — Unauthorized Production Configuration Change Detection,critical,soc-2,2017 TSC,CC7.2,,contributing,satisfies,content/cat-22-regulatory-compliance/UC-22.8.20.json
22.8.21,SOC 2 CC7 — Incident Classification Consistency and Severity Drift Audit,high,soc-2,2017 TSC,CC8.1,,contributing,satisfies,content/cat-22-regulatory-compliance/UC-22.8.21.json
22.8.22,SOC 2 CC7 — Operational Anomaly Detection on Critical Batch and API SLOs,high,soc-2,2017 TSC,A1.2,,contributing,satisfies,content/cat-22-regulatory-compliance/UC-22.8.22.json
22.8.23,SOC 2 CC7 — Vulnerability Management SLA and Exception Expiry Tracking,high,soc-2,2017 TSC,CC3.1,,contributing,satisfies,content/cat-22-regulatory-compliance/UC-22.8.23.json
22.8.24,SOC 2 CC8 — Infrastructure-as-Code Drift vs Approved Terraform Modules,high,soc-2,2017 TSC,CC7.2,,contributing,satisfies,content/cat-22-regulatory-compliance/UC-22.8.24.json
22.8.25,SOC 2 CC8 — Software Development Lifecycle Control Gates from CI/CD Telemetry,high,soc-2,2017 TSC,CC7.2,,contributing,satisfies,content/cat-22-regulatory-compliance/UC-22.8.25.json
22.8.26,SOC 2 CC9 — Change Authorization Dual-Control on Privileged Cloud Roles,critical,soc-2,2017 TSC,CC8.1,,contributing,satisfies,content/cat-22-regulatory-compliance/UC-22.8.26.json
22.8.27,SOC 2 A1 — Capacity Planning Signals for In-Scope Production Services,medium,soc-2,2017 TSC,A1.2,,contributing,satisfies,content/cat-22-regulatory-compliance/UC-22.8.27.json
22.8.28,SOC 2 A1 — Disaster Recovery Test Execution and Evidence Timestamps,high,soc-2,2017 TSC,A1.2,,contributing,satisfies,content/cat-22-regulatory-compliance/UC-22.8.28.json
22.8.29,SOC 2 C1 — Confidential Information Disposal and Secure Destruction Evidence,high,soc-2,2017 TSC,C1.1,,contributing,satisfies,content/cat-22-regulatory-compliance/UC-22.8.29.json
22.8.3,SOC 2 Confidentiality Classification and DLP Event Audit,high,soc-2,2017 TSC,C1,,contributing,satisfies,content/cat-22-regulatory-compliance/UC-22.8.3.json
22.8.30,SOC 2 PI1 — Processing Completeness Validation Across Multi-Stage Pipelines,high,soc-2,2017 TSC,CC7.2,,contributing,satisfies,content/cat-22-regulatory-compliance/UC-22.8.30.json
22.8.31,SOC 2 CC6.6 — Encryption-in-transit validation: cleartext protocols crossing the trust boundary,high,hipaa-security,2013-final,§164.312(e)(1),https://www.ecfr.gov/current/title-45/subtitle-A/subchapter-C/part-164,full,satisfies,content/cat-22-regulatory-compliance/UC-22.8.31.json
22.8.31,SOC 2 CC6.6 — Encryption-in-transit validation: cleartext protocols crossing the trust boundary,high,iso-27001,2022,A.8.24,https://www.iso.org/standard/27001,full,satisfies,content/cat-22-regulatory-compliance/UC-22.8.31.json
22.8.31,SOC 2 CC6.6 — Encryption-in-transit validation: cleartext protocols crossing the trust boundary,high,pci-dss,v4.0,4.2.1,https://listings.pcisecuritystandards.org/documents/PCI-DSS-v4_0.pdf,full,satisfies,content/cat-22-regulatory-compliance/UC-22.8.31.json
22.8.31,SOC 2 CC6.6 — Encryption-in-transit validation: cleartext protocols crossing the trust boundary,high,soc-2,2017 TSC,CC6.6,https://www.aicpa-cima.com/resources/landing/system-and-organization-controls-soc-suite-of-services,full,satisfies,content/cat-22-regulatory-compliance/UC-22.8.31.json
22.8.32,SOC 2 CC6.7 — System boundary & data-transmission control: unapproved egress destinations,high,dora,Regulation (EU) 2022/2554,Art.7,https://eur-lex.europa.eu/eli/reg/2022/2554/oj,full,satisfies,content/cat-22-regulatory-compliance/UC-22.8.32.json
22.8.32,SOC 2 CC6.7 — System boundary & data-transmission control: unapproved egress destinations,high,iso-27001,2022,A.8.23,https://www.iso.org/standard/27001,partial,satisfies,content/cat-22-regulatory-compliance/UC-22.8.32.json
22.8.32,SOC 2 CC6.7 — System boundary & data-transmission control: unapproved egress destinations,high,pci-dss,v4.0,1.3.1,https://listings.pcisecuritystandards.org/documents/PCI-DSS-v4_0.pdf,partial,satisfies,content/cat-22-regulatory-compliance/UC-22.8.32.json
22.8.32,SOC 2 CC6.7 — System boundary & data-transmission control: unapproved egress destinations,high,soc-2,2017 TSC,CC6.7,https://www.aicpa-cima.com/resources/landing/system-and-organization-controls-soc-suite-of-services,full,satisfies,content/cat-22-regulatory-compliance/UC-22.8.32.json
22.8.33,SOC 2 CC7.1 — System-operations monitoring: uptime attestation and alert-noise governance,high,dora,Regulation (EU) 2022/2554,Art.10,https://eur-lex.europa.eu/eli/reg/2022/2554/oj,full,satisfies,content/cat-22-regulatory-compliance/UC-22.8.33.json
22.8.33,SOC 2 CC7.1 — System-operations monitoring: uptime attestation and alert-noise governance,high,iso-27001,2022,8.1,https://www.iso.org/standard/27001,partial,satisfies,content/cat-22-regulatory-compliance/UC-22.8.33.json
22.8.33,SOC 2 CC7.1 — System-operations monitoring: uptime attestation and alert-noise governance,high,nist-800-53,Rev. 5,SI-4,https://doi.org/10.6028/NIST.SP.800-53r5,full,satisfies,content/cat-22-regulatory-compliance/UC-22.8.33.json
22.8.33,SOC 2 CC7.1 — System-operations monitoring: uptime attestation and alert-noise governance,high,soc-2,2017 TSC,CC7.1,https://www.aicpa-cima.com/resources/landing/system-and-organization-controls-soc-suite-of-services,full,satisfies,content/cat-22-regulatory-compliance/UC-22.8.33.json
22.8.34,SOC 2 CC7.3 — Evaluated events: threshold breaches without documented rationale,medium,dora,Regulation (EU) 2022/2554,Art.17,https://eur-lex.europa.eu/eli/reg/2022/2554/oj,partial,satisfies,content/cat-22-regulatory-compliance/UC-22.8.34.json
22.8.34,SOC 2 CC7.3 — Evaluated events: threshold breaches without documented rationale,medium,iso-27001,2022,A.5.25,https://www.iso.org/standard/27001,partial,satisfies,content/cat-22-regulatory-compliance/UC-22.8.34.json
22.8.34,SOC 2 CC7.3 — Evaluated events: threshold breaches without documented rationale,medium,soc-2,2017 TSC,CC7.3,https://www.aicpa-cima.com/resources/landing/system-and-organization-controls-soc-suite-of-services,full,satisfies,content/cat-22-regulatory-compliance/UC-22.8.34.json
22.8.35,SOC 2 CC7.4 — Incident response: post-incident review completion SLA,high,dora,Regulation (EU) 2022/2554,Art.17,https://eur-lex.europa.eu/eli/reg/2022/2554/oj,partial,satisfies,content/cat-22-regulatory-compliance/UC-22.8.35.json
22.8.35,SOC 2 CC7.4 — Incident response: post-incident review completion SLA,high,iso-27001,2022,A.5.26,https://www.iso.org/standard/27001,full,satisfies,content/cat-22-regulatory-compliance/UC-22.8.35.json
22.8.35,SOC 2 CC7.4 — Incident response: post-incident review completion SLA,high,soc-2,2017 TSC,CC7.4,https://www.aicpa-cima.com/resources/landing/system-and-organization-controls-soc-suite-of-services,full,satisfies,content/cat-22-regulatory-compliance/UC-22.8.35.json
22.8.36,SOC 2 CC1.1 — Integrity and ethical values: code-of-conduct acknowledgement trail,medium,iso-27001,2022,6.3,https://www.iso.org/standard/27001,partial,satisfies,content/cat-22-regulatory-compliance/UC-22.8.36.json
22.8.36,SOC 2 CC1.1 — Integrity and ethical values: code-of-conduct acknowledgement trail,medium,soc-2,2017 TSC,CC1.1,https://www.aicpa-cima.com/resources/landing/system-and-organization-controls-soc-suite-of-services,full,satisfies,content/cat-22-regulatory-compliance/UC-22.8.36.json
22.8.37,SOC 2 CC9.1 — Risk-mitigation activity: vendor-risk action closure SLA,medium,dora,Regulation (EU) 2022/2554,Art.28,https://eur-lex.europa.eu/eli/reg/2022/2554/oj,partial,satisfies,content/cat-22-regulatory-compliance/UC-22.8.37.json
22.8.37,SOC 2 CC9.1 — Risk-mitigation activity: vendor-risk action closure SLA,medium,iso-27001,2022,A.5.19,https://www.iso.org/standard/27001,partial,satisfies,content/cat-22-regulatory-compliance/UC-22.8.37.json
22.8.37,SOC 2 CC9.1 — Risk-mitigation activity: vendor-risk action closure SLA,medium,soc-2,2017 TSC,CC9.1,https://www.aicpa-cima.com/resources/landing/system-and-organization-controls-soc-suite-of-services,full,satisfies,content/cat-22-regulatory-compliance/UC-22.8.37.json
22.8.38,SOC 2 C1.1 — Confidentiality: sensitive-data exposure at the egress boundary,high,hipaa-security,2013-final,§164.312(e)(1),https://www.ecfr.gov/current/title-45/subtitle-A/subchapter-C/part-164,full,satisfies,content/cat-22-regulatory-compliance/UC-22.8.38.json
22.8.38,SOC 2 C1.1 — Confidentiality: sensitive-data exposure at the egress boundary,high,iso-27001,2022,A.8.12,https://www.iso.org/standard/27001,full,satisfies,content/cat-22-regulatory-compliance/UC-22.8.38.json
22.8.38,SOC 2 C1.1 — Confidentiality: sensitive-data exposure at the egress boundary,high,pci-dss,v4.0,10.6.2,https://listings.pcisecuritystandards.org/documents/PCI-DSS-v4_0.pdf,partial,satisfies,content/cat-22-regulatory-compliance/UC-22.8.38.json
22.8.38,SOC 2 C1.1 — Confidentiality: sensitive-data exposure at the egress boundary,high,soc-2,2017 TSC,C1.1,https://www.aicpa-cima.com/resources/landing/system-and-organization-controls-soc-suite-of-services,full,satisfies,content/cat-22-regulatory-compliance/UC-22.8.38.json
22.8.39,SOC 2 P1.1 — Privacy notice: consent-record freshness for privacy-notice version changes,medium,gdpr,2016/679,Art.7,https://eur-lex.europa.eu/eli/reg/2016/679/oj,partial,satisfies,content/cat-22-regulatory-compliance/UC-22.8.39.json
22.8.39,SOC 2 P1.1 — Privacy notice: consent-record freshness for privacy-notice version changes,medium,soc-2,2017 TSC,P1.1,https://www.aicpa-cima.com/resources/landing/system-and-organization-controls-soc-suite-of-services,full,satisfies,content/cat-22-regulatory-compliance/UC-22.8.39.json
22.8.4,SOC 2 Control Environment and Board-Level Attestation Workflow,medium,soc-2,2017 TSC,CC1.2,,contributing,satisfies,content/cat-22-regulatory-compliance/UC-22.8.4.json
22.8.4,SOC 2 Control Environment and Board-Level Attestation Workflow,medium,soc-2,2017 TSC,CC2.1,,contributing,satisfies,content/cat-22-regulatory-compliance/UC-22.8.4.json
22.8.40,SOC 2 CC7.4 — Cisco ISE Adaptive Network Control Containment Audit,high,soc-2,2017 TSC,CC7.4,,partial,satisfies,content/cat-22-regulatory-compliance/UC-22.8.40.json
22.8.41,System Monitoring for Authentication Anomalies (SOC 2 CC7.2),critical,soc-2,2017 TSC,CC7.2,https://www.aicpa-cima.com/resources/landing/system-and-organization-controls-soc-suite-of-services,full,satisfies,content/cat-22-regulatory-compliance/UC-22.8.41.json
22.8.5,SOC 2 Risk Assessment — Change-Induced Emergency Pattern Monitoring,high,soc-2,2017 TSC,CC3.2,,contributing,satisfies,content/cat-22-regulatory-compliance/UC-22.8.5.json
22.8.5,SOC 2 Risk Assessment — Change-Induced Emergency Pattern Monitoring,high,soc-2,2017 TSC,CC3.3,,contributing,satisfies,content/cat-22-regulatory-compliance/UC-22.8.5.json
22.8.6,SOC 2 Processing Integrity — Financial Batch Job Reconciliation Exceptions,critical,soc-2,2017 TSC,PI1.3,,contributing,satisfies,content/cat-22-regulatory-compliance/UC-22.8.6.json
22.8.7,SOC 2 Privacy — Consent Log Integrity and Downstream Propagation Checks,high,soc-2,2017 TSC,P4.2,,contributing,satisfies,content/cat-22-regulatory-compliance/UC-22.8.7.json
22.8.7,SOC 2 Privacy — Consent Log Integrity and Downstream Propagation Checks,high,soc-2,2017 TSC,P4.3,,contributing,satisfies,content/cat-22-regulatory-compliance/UC-22.8.7.json
22.8.8,SOC 2 Fraud Risk and Anomalous Privileged Activity Correlation,critical,soc-2,2017 TSC,CC9.2,,contributing,satisfies,content/cat-22-regulatory-compliance/UC-22.8.8.json
22.8.9,SOC 2 CC1 — Board and Committee ICT Oversight Evidence Trail,high,soc-2,2017 TSC,CC1.1,,contributing,satisfies,content/cat-22-regulatory-compliance/UC-22.8.9.json
22.9.1,Compliance Posture Score Trending,high,iso-27001,2022,A.5.36,,contributing,satisfies,content/cat-22-regulatory-compliance/UC-22.9.1.json
22.9.1,Compliance Posture Score Trending,high,nist-csf,2.0,GV.OV-03,,contributing,satisfies,content/cat-22-regulatory-compliance/UC-22.9.1.json
22.9.10,Compliance Trending — Weighted Compliance Posture Composite and Driver Attribution,high,iso-27001,2022,9.1,,contributing,satisfies,content/cat-22-regulatory-compliance/UC-22.9.10.json
22.9.10,Compliance Trending — Weighted Compliance Posture Composite and Driver Attribution,high,soc-2,2017 TSC,CC2.1,,contributing,satisfies,content/cat-22-regulatory-compliance/UC-22.9.10.json
22.9.2,Audit Finding Closure Rate Trending,high,iso-27001,2022,A.5.36,,contributing,satisfies,content/cat-22-regulatory-compliance/UC-22.9.2.json
22.9.2,Audit Finding Closure Rate Trending,high,nist-csf,2.0,GV.OV-02,,contributing,satisfies,content/cat-22-regulatory-compliance/UC-22.9.2.json
22.9.3,Control Effectiveness Trending,high,iso-27001,2022,A.5.36,,contributing,satisfies,content/cat-22-regulatory-compliance/UC-22.9.3.json
22.9.3,Control Effectiveness Trending,high,nist-csf,2.0,ID.IM-02,,contributing,satisfies,content/cat-22-regulatory-compliance/UC-22.9.3.json
22.9.4,Regulatory Incident Response Time Trending,medium,gdpr,2016/679,Art.33,,contributing,satisfies,content/cat-22-regulatory-compliance/UC-22.9.4.json
22.9.4,Regulatory Incident Response Time Trending,medium,nis2,Directive (EU) 2022/2555,Art.23,https://eur-lex.europa.eu/eli/dir/2022/2555/oj,contributing,satisfies,content/cat-22-regulatory-compliance/UC-22.9.4.json
22.9.5,Policy Violation Volume Trending,medium,iso-27001,2022,A.5.36,,contributing,satisfies,content/cat-22-regulatory-compliance/UC-22.9.5.json
22.9.5,Policy Violation Volume Trending,medium,nist-csf,2.0,GV.PO-02,,contributing,satisfies,content/cat-22-regulatory-compliance/UC-22.9.5.json
22.9.6,Compliance Trending — SOC 2 Control Test Pass Rate vs Prior Quarter Baseline,medium,iso-27001,2022,9.1,,contributing,satisfies,content/cat-22-regulatory-compliance/UC-22.9.6.json
22.9.6,Compliance Trending — SOC 2 Control Test Pass Rate vs Prior Quarter Baseline,medium,soc-2,2017 TSC,CC7.2,,contributing,satisfies,content/cat-22-regulatory-compliance/UC-22.9.6.json
22.9.7,Compliance Trending — ISO 27001 Statement of Applicability Control Exception Burn-Down,high,iso-27001,2022,8.2,,contributing,satisfies,content/cat-22-regulatory-compliance/UC-22.9.7.json
22.9.7,Compliance Trending — ISO 27001 Statement of Applicability Control Exception Burn-Down,high,iso-27001,2022,9.1,,contributing,satisfies,content/cat-22-regulatory-compliance/UC-22.9.7.json
22.9.8,Compliance Trending — Auditor Evidence Pack Generation Volume and Deficiency Rate,medium,soc-2,2017 TSC,CC5.1,,contributing,satisfies,content/cat-22-regulatory-compliance/UC-22.9.8.json
22.9.8,Compliance Trending — Auditor Evidence Pack Generation Volume and Deficiency Rate,medium,sox-itgc,PCAOB AS 2201,ITGC.Logging.Continuity,,contributing,satisfies,content/cat-22-regulatory-compliance/UC-22.9.8.json
22.9.9,Compliance Trending — Regulatory Change Feed Impact Score on In-Scope Controls,high,iso-27001,2022,9.1,,contributing,satisfies,content/cat-22-regulatory-compliance/UC-22.9.9.json
22.9.9,Compliance Trending — Regulatory Change Feed Impact Score on In-Scope Controls,high,soc-2,2017 TSC,CC3.1,,contributing,satisfies,content/cat-22-regulatory-compliance/UC-22.9.9.json
4.1.100,AWS EC2 Volume Modification,high,nist-800-53,Rev.5,AU-2,,contributing,satisfies,content/cat-04-cloud-infrastructure/UC-4.1.100.json
4.1.101,AWS EC2 Elastic IP Association,high,nist-800-53,Rev.5,AU-2,,contributing,satisfies,content/cat-04-cloud-infrastructure/UC-4.1.101.json
4.1.102,AWS EC2 VPC Flow Log Changes,high,nist-800-53,Rev.5,AU-2,,contributing,satisfies,content/cat-04-cloud-infrastructure/UC-4.1.102.json
4.1.103,AWS EC2 Route Table Changes,high,nist-800-53,Rev.5,AU-2,,contributing,satisfies,content/cat-04-cloud-infrastructure/UC-4.1.103.json
4.1.104,AWS EC2 Internet Gateway Attachment,high,nist-800-53,Rev.5,AU-2,,contributing,satisfies,content/cat-04-cloud-infrastructure/UC-4.1.104.json
4.1.105,AWS EC2 NAT Gateway Changes,high,nist-800-53,Rev.5,AU-2,,contributing,satisfies,content/cat-04-cloud-infrastructure/UC-4.1.105.json
4.1.106,AWS S3 Bucket Creation,high,nist-800-53,Rev.5,AU-2,,contributing,satisfies,content/cat-04-cloud-infrastructure/UC-4.1.106.json
4.1.107,AWS S3 Bucket Deletion,high,nist-800-53,Rev.5,AU-2,,contributing,satisfies,content/cat-04-cloud-infrastructure/UC-4.1.107.json
4.1.108,AWS S3 Bucket Encryption Changes,high,nist-800-53,Rev.5,AU-2,,contributing,satisfies,content/cat-04-cloud-infrastructure/UC-4.1.108.json
4.1.109,AWS S3 Bucket Logging Disabled,high,nist-800-53,Rev.5,AU-2,,contributing,satisfies,content/cat-04-cloud-infrastructure/UC-4.1.109.json
4.1.110,AWS S3 Object ACL Changes,high,nist-800-53,Rev.5,AU-2,,contributing,satisfies,content/cat-04-cloud-infrastructure/UC-4.1.110.json
4.1.111,AWS S3 Replication Rule Changes,high,nist-800-53,Rev.5,AU-2,,contributing,satisfies,content/cat-04-cloud-infrastructure/UC-4.1.111.json
4.1.112,AWS RDS Instance Creation,high,nist-800-53,Rev.5,AU-2,,contributing,satisfies,content/cat-04-cloud-infrastructure/UC-4.1.112.json
4.1.113,AWS RDS Instance Deletion,high,nist-800-53,Rev.5,AU-2,,contributing,satisfies,content/cat-04-cloud-infrastructure/UC-4.1.113.json
4.1.114,AWS RDS Instance Modification,high,nist-800-53,Rev.5,AU-2,,contributing,satisfies,content/cat-04-cloud-infrastructure/UC-4.1.114.json
4.1.115,AWS RDS Snapshot Sharing,high,nist-800-53,Rev.5,AU-2,,contributing,satisfies,content/cat-04-cloud-infrastructure/UC-4.1.115.json
4.1.116,AWS RDS Cluster Changes,high,nist-800-53,Rev.5,AU-2,,contributing,satisfies,content/cat-04-cloud-infrastructure/UC-4.1.116.json
4.1.117,AWS Lambda Function Creation,high,nist-800-53,Rev.5,AU-2,,contributing,satisfies,content/cat-04-cloud-infrastructure/UC-4.1.117.json
4.1.118,AWS Lambda Function Configuration Update,high,nist-800-53,Rev.5,AU-2,,contributing,satisfies,content/cat-04-cloud-infrastructure/UC-4.1.118.json
4.1.119,AWS Lambda Resource Policy Changes,high,nist-800-53,Rev.5,AU-2,,contributing,satisfies,content/cat-04-cloud-infrastructure/UC-4.1.119.json
4.1.120,AWS KMS Key Disablement,high,nist-800-53,Rev.5,AU-2,,contributing,satisfies,content/cat-04-cloud-infrastructure/UC-4.1.120.json
4.1.121,AWS KMS Key Policy Changes,high,nist-800-53,Rev.5,AU-2,,contributing,satisfies,content/cat-04-cloud-infrastructure/UC-4.1.121.json
4.1.122,AWS KMS Grant Creation,high,nist-800-53,Rev.5,AU-2,,contributing,satisfies,content/cat-04-cloud-infrastructure/UC-4.1.122.json
4.1.123,AWS AWS Organizations Account Creation,high,nist-800-53,Rev.5,AU-2,,contributing,satisfies,content/cat-04-cloud-infrastructure/UC-4.1.123.json
4.1.124,AWS AWS Organizations Policy Changes,high,nist-800-53,Rev.5,AU-2,,contributing,satisfies,content/cat-04-cloud-infrastructure/UC-4.1.124.json
4.1.125,AWS AWS Organizations Leave,high,nist-800-53,Rev.5,AU-2,,contributing,satisfies,content/cat-04-cloud-infrastructure/UC-4.1.125.json
4.1.126,AWS Secrets Manager Secret Deletion,high,nist-800-53,Rev.5,AU-2,,contributing,satisfies,content/cat-04-cloud-infrastructure/UC-4.1.126.json
4.1.127,AWS Secrets Manager Secret Value Update,high,nist-800-53,Rev.5,AU-2,,contributing,satisfies,content/cat-04-cloud-infrastructure/UC-4.1.127.json
4.1.128,AWS CloudFormation Stack Deletion,high,nist-800-53,Rev.5,AU-2,,contributing,satisfies,content/cat-04-cloud-infrastructure/UC-4.1.128.json
4.1.129,AWS CloudFormation Stack Update,high,nist-800-53,Rev.5,AU-2,,contributing,satisfies,content/cat-04-cloud-infrastructure/UC-4.1.129.json
4.1.130,AWS API Gateway REST API Changes,high,nist-800-53,Rev.5,AU-2,,contributing,satisfies,content/cat-04-cloud-infrastructure/UC-4.1.130.json
4.1.131,AWS Route53 DNS Record Changes,high,nist-800-53,Rev.5,AU-2,,contributing,satisfies,content/cat-04-cloud-infrastructure/UC-4.1.131.json
4.1.132,AWS CloudFront Distribution Changes,high,nist-800-53,Rev.5,AU-2,,contributing,satisfies,content/cat-04-cloud-infrastructure/UC-4.1.132.json
4.1.133,AWS WAF Web ACL Changes,high,nist-800-53,Rev.5,AU-2,,contributing,satisfies,content/cat-04-cloud-infrastructure/UC-4.1.133.json
4.1.134,AWS Config Recorder Stop,high,nist-800-53,Rev.5,AU-2,,contributing,satisfies,content/cat-04-cloud-infrastructure/UC-4.1.134.json
4.1.135,AWS Config Rule Changes,high,nist-800-53,Rev.5,AU-2,,contributing,satisfies,content/cat-04-cloud-infrastructure/UC-4.1.135.json
4.1.136,AWS CloudWatch Alarm Deletion,high,nist-800-53,Rev.5,AU-2,,contributing,satisfies,content/cat-04-cloud-infrastructure/UC-4.1.136.json
4.1.137,AWS EKS Cluster Creation,high,nist-800-53,Rev.5,AU-2,,contributing,satisfies,content/cat-04-cloud-infrastructure/UC-4.1.137.json
4.1.138,AWS ECS Task Definition Registration,high,nist-800-53,Rev.5,AU-2,,contributing,satisfies,content/cat-04-cloud-infrastructure/UC-4.1.138.json
4.1.139,AWS DynamoDB Table Deletion,high,nist-800-53,Rev.5,AU-2,,contributing,satisfies,content/cat-04-cloud-infrastructure/UC-4.1.139.json
4.1.140,AWS SageMaker Notebook Instance Creation,high,nist-800-53,Rev.5,AU-2,,contributing,satisfies,content/cat-04-cloud-infrastructure/UC-4.1.140.json
4.1.141,AWS Redshift Cluster Changes,high,nist-800-53,Rev.5,AU-2,,contributing,satisfies,content/cat-04-cloud-infrastructure/UC-4.1.141.json
4.1.142,AWS SQS Queue Policy Changes,high,nist-800-53,Rev.5,AU-2,,contributing,satisfies,content/cat-04-cloud-infrastructure/UC-4.1.142.json
4.1.143,AWS SNS Topic Policy Changes,high,nist-800-53,Rev.5,AU-2,,contributing,satisfies,content/cat-04-cloud-infrastructure/UC-4.1.143.json
4.1.144,AWS STS AssumeRole Anomalies,high,nist-800-53,Rev.5,AU-2,,contributing,satisfies,content/cat-04-cloud-infrastructure/UC-4.1.144.json
4.1.145,AWS Cognito User Pool Changes,high,nist-800-53,Rev.5,AU-2,,contributing,satisfies,content/cat-04-cloud-infrastructure/UC-4.1.145.json
4.1.146,AWS Backup Vault Changes,high,nist-800-53,Rev.5,AU-2,,contributing,satisfies,content/cat-04-cloud-infrastructure/UC-4.1.146.json
4.1.147,AWS Control Tower Enrollment,high,nist-800-53,Rev.5,AU-2,,contributing,satisfies,content/cat-04-cloud-infrastructure/UC-4.1.147.json
4.1.148,GuardDuty High-Severity Findings,high,nist-800-53,Rev.5,SI-4,,contributing,satisfies,content/cat-04-cloud-infrastructure/UC-4.1.148.json
4.1.149,Security Hub Failed Controls,high,nist-800-53,Rev.5,SI-4,,contributing,satisfies,content/cat-04-cloud-infrastructure/UC-4.1.149.json
4.1.150,AWS Config Non-Compliant Resources,high,nist-800-53,Rev.5,SI-4,,contributing,satisfies,content/cat-04-cloud-infrastructure/UC-4.1.150.json
4.1.151,Macie Sensitive Data Findings,high,nist-800-53,Rev.5,SI-4,,contributing,satisfies,content/cat-04-cloud-infrastructure/UC-4.1.151.json
4.1.152,Inspector Vulnerability Findings,high,nist-800-53,Rev.5,SI-4,,contributing,satisfies,content/cat-04-cloud-infrastructure/UC-4.1.152.json
4.1.153,VPC Flow Log Rejected Connections Spike,high,nist-800-53,Rev.5,SI-4,,contributing,satisfies,content/cat-04-cloud-infrastructure/UC-4.1.153.json
4.1.154,S3 Access Log Anonymous Requests,high,nist-800-53,Rev.5,SI-4,,contributing,satisfies,content/cat-04-cloud-infrastructure/UC-4.1.154.json
4.1.155,CloudFront 4xx/5xx Error Rate Spike,medium,nist-800-53,Rev.5,SI-4,,contributing,satisfies,content/cat-04-cloud-infrastructure/UC-4.1.155.json
4.1.156,AWS CUR Daily Cost Anomaly,medium,nist-800-53,Rev.5,SI-4,,contributing,satisfies,content/cat-04-cloud-infrastructure/UC-4.1.156.json
4.1.157,Lambda Error Rate by Function,medium,nist-800-53,Rev.5,SI-4,,contributing,satisfies,content/cat-04-cloud-infrastructure/UC-4.1.157.json
4.1.158,AWS ElastiCache Cluster Create,high,nist-800-53,Rev.5,AU-2,,contributing,satisfies,content/cat-04-cloud-infrastructure/UC-4.1.158.json
4.1.159,AWS ElastiCache Cluster Delete,high,nist-800-53,Rev.5,AU-2,,contributing,satisfies,content/cat-04-cloud-infrastructure/UC-4.1.159.json
4.1.160,AWS ElastiCache Security Group Change,high,nist-800-53,Rev.5,AU-2,,contributing,satisfies,content/cat-04-cloud-infrastructure/UC-4.1.160.json
4.1.161,AWS EMR Cluster Termination,high,nist-800-53,Rev.5,AU-2,,contributing,satisfies,content/cat-04-cloud-infrastructure/UC-4.1.161.json
4.1.162,AWS EMR Cluster Creation,high,nist-800-53,Rev.5,AU-2,,contributing,satisfies,content/cat-04-cloud-infrastructure/UC-4.1.162.json
4.1.163,AWS Glue Job Delete,high,nist-800-53,Rev.5,AU-2,,contributing,satisfies,content/cat-04-cloud-infrastructure/UC-4.1.163.json
4.1.164,AWS Glue Crawler Change,high,nist-800-53,Rev.5,AU-2,,contributing,satisfies,content/cat-04-cloud-infrastructure/UC-4.1.164.json
4.1.165,AWS Athena Workgroup Change,high,nist-800-53,Rev.5,AU-2,,contributing,satisfies,content/cat-04-cloud-infrastructure/UC-4.1.165.json
4.1.166,AWS Kinesis Stream Delete,high,nist-800-53,Rev.5,AU-2,,contributing,satisfies,content/cat-04-cloud-infrastructure/UC-4.1.166.json
4.1.167,AWS Kinesis Firehose Change,high,nist-800-53,Rev.5,AU-2,,contributing,satisfies,content/cat-04-cloud-infrastructure/UC-4.1.167.json
4.1.168,AWS Step Functions State Machine Delete,high,nist-800-53,Rev.5,AU-2,,contributing,satisfies,content/cat-04-cloud-infrastructure/UC-4.1.168.json
4.1.169,AWS SSM Document Publish,high,nist-800-53,Rev.5,AU-2,,contributing,satisfies,content/cat-04-cloud-infrastructure/UC-4.1.169.json
4.1.170,AWS SSM Parameter Store Delete,high,nist-800-53,Rev.5,AU-2,,contributing,satisfies,content/cat-04-cloud-infrastructure/UC-4.1.170.json
4.1.171,AWS CloudWatch Log Group Delete,high,nist-800-53,Rev.5,AU-2,,contributing,satisfies,content/cat-04-cloud-infrastructure/UC-4.1.171.json
4.1.172,AWS CloudWatch Logs Filter Delete,high,nist-800-53,Rev.5,AU-2,,contributing,satisfies,content/cat-04-cloud-infrastructure/UC-4.1.172.json
4.1.173,AWS ACM Certificate Delete,high,nist-800-53,Rev.5,AU-2,,contributing,satisfies,content/cat-04-cloud-infrastructure/UC-4.1.173.json
4.1.174,AWS ELB Listener Change,high,nist-800-53,Rev.5,AU-2,,contributing,satisfies,content/cat-04-cloud-infrastructure/UC-4.1.174.json
4.1.175,AWS Target Group Deregistration,high,nist-800-53,Rev.5,AU-2,,contributing,satisfies,content/cat-04-cloud-infrastructure/UC-4.1.175.json
4.1.176,AWS EFS File System Delete,high,nist-800-53,Rev.5,AU-2,,contributing,satisfies,content/cat-04-cloud-infrastructure/UC-4.1.176.json
4.1.177,AWS FSx File System Delete,high,nist-800-53,Rev.5,AU-2,,contributing,satisfies,content/cat-04-cloud-infrastructure/UC-4.1.177.json
4.1.178,AWS Transfer Family Server Change,high,nist-800-53,Rev.5,AU-2,,contributing,satisfies,content/cat-04-cloud-infrastructure/UC-4.1.178.json
4.1.179,AWS CodePipeline Delete,high,nist-800-53,Rev.5,AU-2,,contributing,satisfies,content/cat-04-cloud-infrastructure/UC-4.1.179.json
4.1.180,AWS CodeBuild Project Delete,high,nist-800-53,Rev.5,AU-2,,contributing,satisfies,content/cat-04-cloud-infrastructure/UC-4.1.180.json
4.1.181,AWS ECR Repository Policy Change,high,nist-800-53,Rev.5,AU-2,,contributing,satisfies,content/cat-04-cloud-infrastructure/UC-4.1.181.json
4.1.182,AWS ECR Image Delete,high,nist-800-53,Rev.5,AU-2,,contributing,satisfies,content/cat-04-cloud-infrastructure/UC-4.1.182.json
4.1.183,AWS Batch Compute Environment Delete,high,nist-800-53,Rev.5,AU-2,,contributing,satisfies,content/cat-04-cloud-infrastructure/UC-4.1.183.json
4.1.184,AWS Amazon MQ Broker Delete,high,nist-800-53,Rev.5,AU-2,,contributing,satisfies,content/cat-04-cloud-infrastructure/UC-4.1.184.json
4.1.185,AWS Neptune Cluster Delete,high,nist-800-53,Rev.5,AU-2,,contributing,satisfies,content/cat-04-cloud-infrastructure/UC-4.1.185.json
4.1.186,AWS DocumentDB Cluster Delete,high,nist-800-53,Rev.5,AU-2,,contributing,satisfies,content/cat-04-cloud-infrastructure/UC-4.1.186.json
4.1.187,AWS MemoryDB Cluster Delete,high,nist-800-53,Rev.5,AU-2,,contributing,satisfies,content/cat-04-cloud-infrastructure/UC-4.1.187.json
4.1.188,AWS OpenSearch Domain Delete,high,nist-800-53,Rev.5,AU-2,,contributing,satisfies,content/cat-04-cloud-infrastructure/UC-4.1.188.json
4.1.189,AWS WorkSpaces Termination,high,nist-800-53,Rev.5,AU-2,,contributing,satisfies,content/cat-04-cloud-infrastructure/UC-4.1.189.json
4.1.190,AWS Direct Connect Delete,high,nist-800-53,Rev.5,AU-2,,contributing,satisfies,content/cat-04-cloud-infrastructure/UC-4.1.190.json
4.1.191,AWS Global Accelerator Delete,high,nist-800-53,Rev.5,AU-2,,contributing,satisfies,content/cat-04-cloud-infrastructure/UC-4.1.191.json
4.1.192,AWS CloudTrail Console sign-in attempts,critical,nist-800-53,Rev.5,AU-2,,contributing,satisfies,content/cat-04-cloud-infrastructure/UC-4.1.192.json
4.1.193,AWS CloudTrail STS GetCallerIdentity calls,medium,nist-800-53,Rev.5,AU-2,,contributing,satisfies,content/cat-04-cloud-infrastructure/UC-4.1.193.json
4.1.194,AWS CloudTrail S3 public access block changes,critical,nist-800-53,Rev.5,AU-2,,contributing,satisfies,content/cat-04-cloud-infrastructure/UC-4.1.194.json
4.1.195,AWS CloudTrail Account S3 public access block,critical,nist-800-53,Rev.5,AU-2,,contributing,satisfies,content/cat-04-cloud-infrastructure/UC-4.1.195.json
4.1.196,AWS CloudTrail CloudTrail trail creation,high,nist-800-53,Rev.5,AU-2,,contributing,satisfies,content/cat-04-cloud-infrastructure/UC-4.1.196.json
4.1.197,AWS CloudTrail CloudTrail logging stop,critical,nist-800-53,Rev.5,AU-2,,contributing,satisfies,content/cat-04-cloud-infrastructure/UC-4.1.197.json
4.1.198,AWS CloudTrail CloudTrail trail deletion,critical,nist-800-53,Rev.5,AU-2,,contributing,satisfies,content/cat-04-cloud-infrastructure/UC-4.1.198.json
4.1.199,AWS CloudTrail CloudTrail trail update,high,nist-800-53,Rev.5,AU-2,,contributing,satisfies,content/cat-04-cloud-infrastructure/UC-4.1.199.json
4.1.200,AWS CloudTrail CloudTrail event selector change,high,nist-800-53,Rev.5,AU-2,,contributing,satisfies,content/cat-04-cloud-infrastructure/UC-4.1.200.json
4.1.201,AWS CloudTrail VPC peering creation,high,nist-800-53,Rev.5,AU-2,,contributing,satisfies,content/cat-04-cloud-infrastructure/UC-4.1.201.json
4.1.202,AWS CloudTrail VPC peering deletion,medium,nist-800-53,Rev.5,AU-2,,contributing,satisfies,content/cat-04-cloud-infrastructure/UC-4.1.202.json
4.1.203,AWS CloudTrail VPC endpoint modification,high,nist-800-53,Rev.5,AU-2,,contributing,satisfies,content/cat-04-cloud-infrastructure/UC-4.1.203.json
4.1.204,AWS CloudTrail VPC endpoint creation,high,nist-800-53,Rev.5,AU-2,,contributing,satisfies,content/cat-04-cloud-infrastructure/UC-4.1.204.json
4.1.205,AWS CloudTrail EBS encryption by default enabled,medium,nist-800-53,Rev.5,AU-2,,contributing,satisfies,content/cat-04-cloud-infrastructure/UC-4.1.205.json
4.1.206,AWS CloudTrail EBS encryption by default disabled,critical,nist-800-53,Rev.5,AU-2,,contributing,satisfies,content/cat-04-cloud-infrastructure/UC-4.1.206.json
4.1.207,AWS CloudTrail S3 encryption configuration,high,nist-800-53,Rev.5,AU-2,,contributing,satisfies,content/cat-04-cloud-infrastructure/UC-4.1.207.json
4.1.208,AWS CloudTrail S3 bucket policy put,critical,nist-800-53,Rev.5,AU-2,,contributing,satisfies,content/cat-04-cloud-infrastructure/UC-4.1.208.json
4.1.209,AWS CloudTrail S3 bucket ACL put,critical,nist-800-53,Rev.5,AU-2,,contributing,satisfies,content/cat-04-cloud-infrastructure/UC-4.1.209.json
4.1.210,AWS CloudTrail S3 object lock retention,high,nist-800-53,Rev.5,AU-2,,contributing,satisfies,content/cat-04-cloud-infrastructure/UC-4.1.210.json
4.1.211,AWS CloudTrail S3 governance retention bypass,critical,nist-800-53,Rev.5,AU-2,,contributing,satisfies,content/cat-04-cloud-infrastructure/UC-4.1.211.json
4.1.212,AWS CloudTrail AMI registration,high,nist-800-53,Rev.5,AU-2,,contributing,satisfies,content/cat-04-cloud-infrastructure/UC-4.1.212.json
4.1.213,AWS CloudTrail AMI launch permission change,high,nist-800-53,Rev.5,AU-2,,contributing,satisfies,content/cat-04-cloud-infrastructure/UC-4.1.213.json
4.1.214,AWS CloudTrail Network ACL creation,medium,nist-800-53,Rev.5,AU-2,,contributing,satisfies,content/cat-04-cloud-infrastructure/UC-4.1.214.json
4.1.215,AWS CloudTrail Network ACL entry replace,high,nist-800-53,Rev.5,AU-2,,contributing,satisfies,content/cat-04-cloud-infrastructure/UC-4.1.215.json
4.1.216,AWS CloudTrail VPN customer gateway create,high,nist-800-53,Rev.5,AU-2,,contributing,satisfies,content/cat-04-cloud-infrastructure/UC-4.1.216.json
4.1.217,AWS CloudTrail Site-to-site VPN create,high,nist-800-53,Rev.5,AU-2,,contributing,satisfies,content/cat-04-cloud-infrastructure/UC-4.1.217.json
4.1.218,AWS CloudTrail Site-to-site VPN delete,high,nist-800-53,Rev.5,AU-2,,contributing,satisfies,content/cat-04-cloud-infrastructure/UC-4.1.218.json
4.1.219,AWS CloudTrail RDS subnet group create,medium,nist-800-53,Rev.5,AU-2,,contributing,satisfies,content/cat-04-cloud-infrastructure/UC-4.1.219.json
4.1.220,AWS CloudTrail RDS subnet group modify,high,nist-800-53,Rev.5,AU-2,,contributing,satisfies,content/cat-04-cloud-infrastructure/UC-4.1.220.json
4.1.221,AWS CloudTrail RDS read replica promote,medium,nist-800-53,Rev.5,AU-2,,contributing,satisfies,content/cat-04-cloud-infrastructure/UC-4.1.221.json
4.1.222,AWS CloudTrail RDS restore from snapshot,high,nist-800-53,Rev.5,AU-2,,contributing,satisfies,content/cat-04-cloud-infrastructure/UC-4.1.222.json
4.1.223,AWS CloudTrail IAM instance profile role add,high,nist-800-53,Rev.5,AU-2,,contributing,satisfies,content/cat-04-cloud-infrastructure/UC-4.1.223.json
4.1.224,AWS CloudTrail IAM instance profile role remove,medium,nist-800-53,Rev.5,AU-2,,contributing,satisfies,content/cat-04-cloud-infrastructure/UC-4.1.224.json
4.1.225,AWS CloudTrail IAM trust policy update,critical,nist-800-53,Rev.5,AU-2,,contributing,satisfies,content/cat-04-cloud-infrastructure/UC-4.1.225.json
4.1.226,AWS CloudTrail IAM group inline policy,high,nist-800-53,Rev.5,AU-2,,contributing,satisfies,content/cat-04-cloud-infrastructure/UC-4.1.226.json
4.1.227,AWS CloudTrail IAM managed policy create,high,nist-800-53,Rev.5,AU-2,,contributing,satisfies,content/cat-04-cloud-infrastructure/UC-4.1.227.json
4.1.228,AWS CloudTrail IAM managed policy delete,medium,nist-800-53,Rev.5,AU-2,,contributing,satisfies,content/cat-04-cloud-infrastructure/UC-4.1.228.json
4.1.229,AWS CloudTrail Organizations service enable,high,nist-800-53,Rev.5,AU-2,,contributing,satisfies,content/cat-04-cloud-infrastructure/UC-4.1.229.json
4.1.230,AWS CloudTrail Organizations account invite,high,nist-800-53,Rev.5,AU-2,,contributing,satisfies,content/cat-04-cloud-infrastructure/UC-4.1.230.json
4.1.231,AWS CloudTrail Organizations OU create,medium,nist-800-53,Rev.5,AU-2,,contributing,satisfies,content/cat-04-cloud-infrastructure/UC-4.1.231.json
4.1.232,AWS CloudTrail Organizations SCP attach,critical,nist-800-53,Rev.5,AU-2,,contributing,satisfies,content/cat-04-cloud-infrastructure/UC-4.1.232.json
4.1.233,AWS CloudTrail Organizations SCP detach,critical,nist-800-53,Rev.5,AU-2,,contributing,satisfies,content/cat-04-cloud-infrastructure/UC-4.1.233.json
4.1.234,AWS CloudTrail AWS Config rule put,high,nist-800-53,Rev.5,AU-2,,contributing,satisfies,content/cat-04-cloud-infrastructure/UC-4.1.234.json
4.1.235,AWS CloudTrail Config evaluation results delete,critical,nist-800-53,Rev.5,AU-2,,contributing,satisfies,content/cat-04-cloud-infrastructure/UC-4.1.235.json
4.1.236,AWS CloudTrail Config recorder stop,critical,nist-800-53,Rev.5,AU-2,,contributing,satisfies,content/cat-04-cloud-infrastructure/UC-4.1.236.json
4.1.237,AWS CloudTrail Config snapshot delivery,low,nist-800-53,Rev.5,AU-2,,contributing,satisfies,content/cat-04-cloud-infrastructure/UC-4.1.237.json
4.1.238,AWS CloudTrail Config delivery channel put,high,nist-800-53,Rev.5,AU-2,,contributing,satisfies,content/cat-04-cloud-infrastructure/UC-4.1.238.json
4.1.239,AWS CloudTrail Config delivery channel delete,critical,nist-800-53,Rev.5,AU-2,,contributing,satisfies,content/cat-04-cloud-infrastructure/UC-4.1.239.json
4.1.240,AWS CloudTrail Config retention put,high,nist-800-53,Rev.5,AU-2,,contributing,satisfies,content/cat-04-cloud-infrastructure/UC-4.1.240.json
4.1.241,AWS CloudTrail CloudWatch Logs group create,medium,nist-800-53,Rev.5,AU-2,,contributing,satisfies,content/cat-04-cloud-infrastructure/UC-4.1.241.json
4.1.242,AWS CloudTrail CloudWatch Logs retention change,high,nist-800-53,Rev.5,AU-2,,contributing,satisfies,content/cat-04-cloud-infrastructure/UC-4.1.242.json
4.1.243,AWS CloudTrail CloudWatch alarm delete,high,nist-800-53,Rev.5,AU-2,,contributing,satisfies,content/cat-04-cloud-infrastructure/UC-4.1.243.json
4.1.244,AWS CloudTrail IAM policy default version set,critical,nist-800-53,Rev.5,AU-2,,contributing,satisfies,content/cat-04-cloud-infrastructure/UC-4.1.244.json
4.1.245,AWS CloudTrail Resource tagging,low,nist-800-53,Rev.5,AU-2,,contributing,satisfies,content/cat-04-cloud-infrastructure/UC-4.1.245.json
4.1.246,AWS CloudTrail Resource untagging,medium,nist-800-53,Rev.5,AU-2,,contributing,satisfies,content/cat-04-cloud-infrastructure/UC-4.1.246.json
4.1.247,AWS CloudTrail RI purchase,medium,nist-800-53,Rev.5,AU-2,,contributing,satisfies,content/cat-04-cloud-infrastructure/UC-4.1.247.json
4.1.248,AWS CloudTrail RI modification,medium,nist-800-53,Rev.5,AU-2,,contributing,satisfies,content/cat-04-cloud-infrastructure/UC-4.1.248.json
4.1.249,AWS CloudTrail CloudFormation stack set,high,nist-800-53,Rev.5,AU-2,,contributing,satisfies,content/cat-04-cloud-infrastructure/UC-4.1.249.json
4.1.250,AWS CloudTrail CloudFormation stack set delete,high,nist-800-53,Rev.5,AU-2,,contributing,satisfies,content/cat-04-cloud-infrastructure/UC-4.1.250.json
4.1.251,AWS CloudTrail CloudFormation stack set update,critical,nist-800-53,Rev.5,AU-2,,contributing,satisfies,content/cat-04-cloud-infrastructure/UC-4.1.251.json
4.1.252,AWS CloudTrail ECS task definition register,high,nist-800-53,Rev.5,AU-2,,contributing,satisfies,content/cat-04-cloud-infrastructure/UC-4.1.252.json
4.1.253,AWS CloudTrail ECS service update,medium,nist-800-53,Rev.5,AU-2,,contributing,satisfies,content/cat-04-cloud-infrastructure/UC-4.1.253.json
4.1.254,AWS CloudTrail ECS/EKS cluster create,high,nist-800-53,Rev.5,AU-2,,contributing,satisfies,content/cat-04-cloud-infrastructure/UC-4.1.254.json
4.1.255,AWS CloudTrail ECS/EKS cluster delete,high,nist-800-53,Rev.5,AU-2,,contributing,satisfies,content/cat-04-cloud-infrastructure/UC-4.1.255.json
4.1.256,AWS CloudTrail WAF WebACL associate,high,nist-800-53,Rev.5,AU-2,,contributing,satisfies,content/cat-04-cloud-infrastructure/UC-4.1.256.json
4.1.257,AWS CloudTrail WAF WebACL disassociate,critical,nist-800-53,Rev.5,AU-2,,contributing,satisfies,content/cat-04-cloud-infrastructure/UC-4.1.257.json
4.1.258,AWS CloudTrail WAF WebACL create,medium,nist-800-53,Rev.5,AU-2,,contributing,satisfies,content/cat-04-cloud-infrastructure/UC-4.1.258.json
4.1.259,AWS CloudTrail WAF WebACL update,high,nist-800-53,Rev.5,AU-2,,contributing,satisfies,content/cat-04-cloud-infrastructure/UC-4.1.259.json
4.1.260,AWS CloudTrail WAF WebACL delete,critical,nist-800-53,Rev.5,AU-2,,contributing,satisfies,content/cat-04-cloud-infrastructure/UC-4.1.260.json
4.1.261,AWS CloudTrail CloudFront distribution create,medium,nist-800-53,Rev.5,AU-2,,contributing,satisfies,content/cat-04-cloud-infrastructure/UC-4.1.261.json
4.1.262,AWS CloudTrail CloudFront distribution update,high,nist-800-53,Rev.5,AU-2,,contributing,satisfies,content/cat-04-cloud-infrastructure/UC-4.1.262.json
4.1.263,AWS CloudTrail CloudFront invalidation,low,nist-800-53,Rev.5,AU-2,,contributing,satisfies,content/cat-04-cloud-infrastructure/UC-4.1.263.json
4.1.264,AWS CloudTrail Route53 record change,critical,nist-800-53,Rev.5,AU-2,,contributing,satisfies,content/cat-04-cloud-infrastructure/UC-4.1.264.json
4.1.265,AWS CloudTrail Route53 zone create,high,nist-800-53,Rev.5,AU-2,,contributing,satisfies,content/cat-04-cloud-infrastructure/UC-4.1.265.json
4.1.266,AWS CloudTrail Route53 zone delete,critical,nist-800-53,Rev.5,AU-2,,contributing,satisfies,content/cat-04-cloud-infrastructure/UC-4.1.266.json
4.1.267,AWS CloudTrail KMS key create,medium,nist-800-53,Rev.5,AU-2,,contributing,satisfies,content/cat-04-cloud-infrastructure/UC-4.1.267.json
4.1.268,AWS CloudTrail KMS key disable,critical,nist-800-53,Rev.5,AU-2,,contributing,satisfies,content/cat-04-cloud-infrastructure/UC-4.1.268.json
4.1.269,AWS CloudTrail KMS key deletion schedule,critical,nist-800-53,Rev.5,AU-2,,contributing,satisfies,content/cat-04-cloud-infrastructure/UC-4.1.269.json
4.1.270,AWS CloudTrail KMS key deletion cancel,medium,nist-800-53,Rev.5,AU-2,,contributing,satisfies,content/cat-04-cloud-infrastructure/UC-4.1.270.json
4.1.271,AWS CloudTrail KMS grant create,high,nist-800-53,Rev.5,AU-2,,contributing,satisfies,content/cat-04-cloud-infrastructure/UC-4.1.271.json
4.1.272,AWS CloudTrail KMS grant retire,low,nist-800-53,Rev.5,AU-2,,contributing,satisfies,content/cat-04-cloud-infrastructure/UC-4.1.272.json
4.1.273,AWS CloudTrail KMS key policy put,critical,nist-800-53,Rev.5,AU-2,,contributing,satisfies,content/cat-04-cloud-infrastructure/UC-4.1.273.json
4.1.274,AWS CloudTrail Secrets Manager secret create,medium,nist-800-53,Rev.5,AU-2,,contributing,satisfies,content/cat-04-cloud-infrastructure/UC-4.1.274.json
4.1.275,AWS CloudTrail Secrets Manager secret delete,high,nist-800-53,Rev.5,AU-2,,contributing,satisfies,content/cat-04-cloud-infrastructure/UC-4.1.275.json
4.1.276,AWS CloudTrail Secrets Manager secret value update,high,nist-800-53,Rev.5,AU-2,,contributing,satisfies,content/cat-04-cloud-infrastructure/UC-4.1.276.json
4.1.277,AWS CloudTrail Secrets Manager rotation,medium,nist-800-53,Rev.5,AU-2,,contributing,satisfies,content/cat-04-cloud-infrastructure/UC-4.1.277.json
4.1.278,AWS CloudTrail Secrets Manager rotation cancel,high,nist-800-53,Rev.5,AU-2,,contributing,satisfies,content/cat-04-cloud-infrastructure/UC-4.1.278.json
4.1.279,AWS CloudTrail Lambda function create,high,nist-800-53,Rev.5,AU-2,,contributing,satisfies,content/cat-04-cloud-infrastructure/UC-4.1.279.json
4.1.280,AWS CloudTrail Lambda function delete,medium,nist-800-53,Rev.5,AU-2,,contributing,satisfies,content/cat-04-cloud-infrastructure/UC-4.1.280.json
4.1.281,AWS CloudTrail Lambda config update,high,nist-800-53,Rev.5,AU-2,,contributing,satisfies,content/cat-04-cloud-infrastructure/UC-4.1.281.json
4.1.282,AWS CloudTrail Lambda permission add,critical,nist-800-53,Rev.5,AU-2,,contributing,satisfies,content/cat-04-cloud-infrastructure/UC-4.1.282.json
4.1.283,AWS CloudTrail Lambda event source mapping,high,nist-800-53,Rev.5,AU-2,,contributing,satisfies,content/cat-04-cloud-infrastructure/UC-4.1.283.json
4.1.284,AWS CloudTrail API Gateway REST API create,high,nist-800-53,Rev.5,AU-2,,contributing,satisfies,content/cat-04-cloud-infrastructure/UC-4.1.284.json
4.1.285,AWS CloudTrail API Gateway deployment,high,nist-800-53,Rev.5,AU-2,,contributing,satisfies,content/cat-04-cloud-infrastructure/UC-4.1.285.json
4.1.286,AWS CloudTrail API Gateway stage update,medium,nist-800-53,Rev.5,AU-2,,contributing,satisfies,content/cat-04-cloud-infrastructure/UC-4.1.286.json
4.1.287,AWS CloudTrail Cognito user pool create,high,nist-800-53,Rev.5,AU-2,,contributing,satisfies,content/cat-04-cloud-infrastructure/UC-4.1.287.json
4.1.288,AWS CloudTrail Cognito user pool update,high,nist-800-53,Rev.5,AU-2,,contributing,satisfies,content/cat-04-cloud-infrastructure/UC-4.1.288.json
4.1.289,AWS CloudTrail Cognito admin user create,high,nist-800-53,Rev.5,AU-2,,contributing,satisfies,content/cat-04-cloud-infrastructure/UC-4.1.289.json
4.1.290,AWS CloudTrail Cognito admin password set,critical,nist-800-53,Rev.5,AU-2,,contributing,satisfies,content/cat-04-cloud-infrastructure/UC-4.1.290.json
4.1.291,AWS CloudTrail IAM user create,critical,nist-800-53,Rev.5,AU-2,,contributing,satisfies,content/cat-04-cloud-infrastructure/UC-4.1.291.json
4.1.292,AWS CloudTrail IAM user delete,high,nist-800-53,Rev.5,AU-2,,contributing,satisfies,content/cat-04-cloud-infrastructure/UC-4.1.292.json
4.1.293,AWS CloudTrail IAM access key create,critical,nist-800-53,Rev.5,AU-2,,contributing,satisfies,content/cat-04-cloud-infrastructure/UC-4.1.293.json
4.1.294,AWS CloudTrail IAM access key delete,high,nist-800-53,Rev.5,AU-2,,contributing,satisfies,content/cat-04-cloud-infrastructure/UC-4.1.294.json
4.1.295,AWS CloudTrail IAM role create,high,nist-800-53,Rev.5,AU-2,,contributing,satisfies,content/cat-04-cloud-infrastructure/UC-4.1.295.json
4.1.296,AWS CloudTrail IAM role delete,medium,nist-800-53,Rev.5,AU-2,,contributing,satisfies,content/cat-04-cloud-infrastructure/UC-4.1.296.json
4.1.297,AWS CloudTrail IAM managed policy attach to role,critical,nist-800-53,Rev.5,AU-2,,contributing,satisfies,content/cat-04-cloud-infrastructure/UC-4.1.297.json
4.1.298,AWS CloudTrail IAM inline role policy,high,nist-800-53,Rev.5,AU-2,,contributing,satisfies,content/cat-04-cloud-infrastructure/UC-4.1.298.json
4.1.299,AWS CloudTrail IAM policy version create,high,nist-800-53,Rev.5,AU-2,,contributing,satisfies,content/cat-04-cloud-infrastructure/UC-4.1.299.json
4.1.300,AWS CloudTrail IAM policy version delete,medium,nist-800-53,Rev.5,AU-2,,contributing,satisfies,content/cat-04-cloud-infrastructure/UC-4.1.300.json
4.1.301,AWS CloudTrail IAM MFA deactivate,critical,nist-800-53,Rev.5,AU-2,,contributing,satisfies,content/cat-04-cloud-infrastructure/UC-4.1.301.json
4.1.302,AWS CloudTrail IAM MFA enable,low,nist-800-53,Rev.5,AU-2,,contributing,satisfies,content/cat-04-cloud-infrastructure/UC-4.1.302.json
4.1.303,AWS CloudTrail IAM virtual MFA device create,medium,nist-800-53,Rev.5,AU-2,,contributing,satisfies,content/cat-04-cloud-infrastructure/UC-4.1.303.json
4.1.304,AWS CloudTrail IAM SAML provider create,high,nist-800-53,Rev.5,AU-2,,contributing,satisfies,content/cat-04-cloud-infrastructure/UC-4.1.304.json
4.1.305,AWS CloudTrail IAM SAML provider update,critical,nist-800-53,Rev.5,AU-2,,contributing,satisfies,content/cat-04-cloud-infrastructure/UC-4.1.305.json
4.1.306,AWS CloudTrail IAM service-linked role create,medium,nist-800-53,Rev.5,AU-2,,contributing,satisfies,content/cat-04-cloud-infrastructure/UC-4.1.306.json
4.1.307,AWS CloudTrail IAM service-linked role delete,high,nist-800-53,Rev.5,AU-2,,contributing,satisfies,content/cat-04-cloud-infrastructure/UC-4.1.307.json
4.1.308,AWS CloudTrail IAM login profile update,high,nist-800-53,Rev.5,AU-2,,contributing,satisfies,content/cat-04-cloud-infrastructure/UC-4.1.308.json
4.1.309,AWS CloudTrail IAM login profile create,critical,nist-800-53,Rev.5,AU-2,,contributing,satisfies,content/cat-04-cloud-infrastructure/UC-4.1.309.json
4.1.310,AWS CloudTrail IAM login profile delete,medium,nist-800-53,Rev.5,AU-2,,contributing,satisfies,content/cat-04-cloud-infrastructure/UC-4.1.310.json
4.1.311,AWS CloudTrail IAM add user to group,high,nist-800-53,Rev.5,AU-2,,contributing,satisfies,content/cat-04-cloud-infrastructure/UC-4.1.311.json
4.1.312,AWS CloudTrail IAM remove user from group,medium,nist-800-53,Rev.5,AU-2,,contributing,satisfies,content/cat-04-cloud-infrastructure/UC-4.1.312.json
4.1.313,AWS CloudTrail IAM account alias create,low,nist-800-53,Rev.5,AU-2,,contributing,satisfies,content/cat-04-cloud-infrastructure/UC-4.1.313.json
4.1.314,AWS CloudTrail Organizations create,critical,nist-800-53,Rev.5,AU-2,,contributing,satisfies,content/cat-04-cloud-infrastructure/UC-4.1.314.json
4.1.315,AWS CloudTrail Organizations leave,critical,nist-800-53,Rev.5,AU-2,,contributing,satisfies,content/cat-04-cloud-infrastructure/UC-4.1.315.json
4.1.316,AWS CloudTrail Organizations close account,critical,nist-800-53,Rev.5,AU-2,,contributing,satisfies,content/cat-04-cloud-infrastructure/UC-4.1.316.json
4.1.317,AWS CloudTrail S3 bucket head enumeration,medium,nist-800-53,Rev.5,AU-2,,contributing,satisfies,content/cat-04-cloud-infrastructure/UC-4.1.317.json
4.1.318,AWS CloudTrail S3 bucket listing,medium,nist-800-53,Rev.5,AU-2,,contributing,satisfies,content/cat-04-cloud-infrastructure/UC-4.1.318.json
4.1.319,AWS CloudTrail IAM role listing,medium,nist-800-53,Rev.5,AU-2,,contributing,satisfies,content/cat-04-cloud-infrastructure/UC-4.1.319.json
4.1.320,AWS CloudTrail IAM user listing,medium,nist-800-53,Rev.5,AU-2,,contributing,satisfies,content/cat-04-cloud-infrastructure/UC-4.1.320.json
4.1.321,AWS CloudTrail IAM access key listing,medium,nist-800-53,Rev.5,AU-2,,contributing,satisfies,content/cat-04-cloud-infrastructure/UC-4.1.321.json
4.1.322,AWS CloudTrail IAM account summary,medium,nist-800-53,Rev.5,AU-2,,contributing,satisfies,content/cat-04-cloud-infrastructure/UC-4.1.322.json
4.1.323,AWS CloudTrail IAM password policy read,medium,nist-800-53,Rev.5,AU-2,,contributing,satisfies,content/cat-04-cloud-infrastructure/UC-4.1.323.json
4.1.324,AWS CloudTrail KMS data key generation,medium,nist-800-53,Rev.5,AU-2,,contributing,satisfies,content/cat-04-cloud-infrastructure/UC-4.1.324.json
4.1.325,AWS CloudTrail KMS decrypt API,medium,nist-800-53,Rev.5,AU-2,,contributing,satisfies,content/cat-04-cloud-infrastructure/UC-4.1.325.json
4.1.326,AWS CloudTrail KMS encrypt API,medium,nist-800-53,Rev.5,AU-2,,contributing,satisfies,content/cat-04-cloud-infrastructure/UC-4.1.326.json
4.1.327,AWS CloudTrail KMS re-encrypt API,medium,nist-800-53,Rev.5,AU-2,,contributing,satisfies,content/cat-04-cloud-infrastructure/UC-4.1.327.json
4.1.328,AWS CloudTrail CloudTrail describe,medium,nist-800-53,Rev.5,AU-2,,contributing,satisfies,content/cat-04-cloud-infrastructure/UC-4.1.328.json
4.1.329,AWS CloudTrail CloudTrail lookup,medium,nist-800-53,Rev.5,AU-2,,contributing,satisfies,content/cat-04-cloud-infrastructure/UC-4.1.329.json
4.1.330,AWS CloudTrail CloudWatch Logs filter,medium,nist-800-53,Rev.5,AU-2,,contributing,satisfies,content/cat-04-cloud-infrastructure/UC-4.1.330.json
4.1.331,AWS CloudTrail EventBridge rule create,medium,nist-800-53,Rev.5,AU-2,,contributing,satisfies,content/cat-04-cloud-infrastructure/UC-4.1.331.json
4.1.332,AWS CloudTrail EventBridge rule delete,medium,nist-800-53,Rev.5,AU-2,,contributing,satisfies,content/cat-04-cloud-infrastructure/UC-4.1.332.json
4.1.333,AWS CloudTrail EventBridge rule enable,medium,nist-800-53,Rev.5,AU-2,,contributing,satisfies,content/cat-04-cloud-infrastructure/UC-4.1.333.json
4.1.334,AWS CloudTrail EventBridge rule disable,medium,nist-800-53,Rev.5,AU-2,,contributing,satisfies,content/cat-04-cloud-infrastructure/UC-4.1.334.json
4.1.335,AWS CloudTrail EventBridge target add,medium,nist-800-53,Rev.5,AU-2,,contributing,satisfies,content/cat-04-cloud-infrastructure/UC-4.1.335.json
4.1.336,AWS CloudTrail EventBridge target remove,medium,nist-800-53,Rev.5,AU-2,,contributing,satisfies,content/cat-04-cloud-infrastructure/UC-4.1.336.json
4.1.337,AWS CloudTrail SQS queue create,medium,nist-800-53,Rev.5,AU-2,,contributing,satisfies,content/cat-04-cloud-infrastructure/UC-4.1.337.json
4.1.338,AWS CloudTrail SQS queue delete,medium,nist-800-53,Rev.5,AU-2,,contributing,satisfies,content/cat-04-cloud-infrastructure/UC-4.1.338.json
4.1.339,AWS CloudTrail SQS queue attribute set,medium,nist-800-53,Rev.5,AU-2,,contributing,satisfies,content/cat-04-cloud-infrastructure/UC-4.1.339.json
4.1.340,AWS CloudTrail SNS topic create,medium,nist-800-53,Rev.5,AU-2,,contributing,satisfies,content/cat-04-cloud-infrastructure/UC-4.1.340.json
4.1.341,AWS CloudTrail SNS topic delete,medium,nist-800-53,Rev.5,AU-2,,contributing,satisfies,content/cat-04-cloud-infrastructure/UC-4.1.341.json
4.1.342,AWS CloudTrail SNS subscribe,medium,nist-800-53,Rev.5,AU-2,,contributing,satisfies,content/cat-04-cloud-infrastructure/UC-4.1.342.json
4.1.343,AWS CloudTrail SNS publish,medium,nist-800-53,Rev.5,AU-2,,contributing,satisfies,content/cat-04-cloud-infrastructure/UC-4.1.343.json
4.1.344,AWS CloudTrail DynamoDB table create,medium,nist-800-53,Rev.5,AU-2,,contributing,satisfies,content/cat-04-cloud-infrastructure/UC-4.1.344.json
4.1.345,AWS CloudTrail DynamoDB table update,medium,nist-800-53,Rev.5,AU-2,,contributing,satisfies,content/cat-04-cloud-infrastructure/UC-4.1.345.json
4.1.346,AWS CloudTrail DynamoDB table delete,medium,nist-800-53,Rev.5,AU-2,,contributing,satisfies,content/cat-04-cloud-infrastructure/UC-4.1.346.json
4.1.347,AWS CloudTrail DynamoDB PITR update,medium,nist-800-53,Rev.5,AU-2,,contributing,satisfies,content/cat-04-cloud-infrastructure/UC-4.1.347.json
4.1.348,AWS CloudTrail DynamoDB backup create,medium,nist-800-53,Rev.5,AU-2,,contributing,satisfies,content/cat-04-cloud-infrastructure/UC-4.1.348.json
4.1.349,AWS CloudTrail DynamoDB backup delete,medium,nist-800-53,Rev.5,AU-2,,contributing,satisfies,content/cat-04-cloud-infrastructure/UC-4.1.349.json
4.1.350,AWS CloudTrail EFS filesystem create,medium,nist-800-53,Rev.5,AU-2,,contributing,satisfies,content/cat-04-cloud-infrastructure/UC-4.1.350.json
4.1.351,AWS CloudTrail EFS mount target create,medium,nist-800-53,Rev.5,AU-2,,contributing,satisfies,content/cat-04-cloud-infrastructure/UC-4.1.351.json
4.1.352,AWS CloudTrail ElastiCache replication group,medium,nist-800-53,Rev.5,AU-2,,contributing,satisfies,content/cat-04-cloud-infrastructure/UC-4.1.352.json
4.1.353,AWS CloudTrail ElastiCache modify,medium,nist-800-53,Rev.5,AU-2,,contributing,satisfies,content/cat-04-cloud-infrastructure/UC-4.1.353.json
4.1.354,AWS CloudTrail RDS parameter group create,medium,nist-800-53,Rev.5,AU-2,,contributing,satisfies,content/cat-04-cloud-infrastructure/UC-4.1.354.json
4.1.355,AWS CloudTrail RDS parameter group modify,medium,nist-800-53,Rev.5,AU-2,,contributing,satisfies,content/cat-04-cloud-infrastructure/UC-4.1.355.json
4.1.356,AWS CloudTrail RDS snapshot copy,medium,nist-800-53,Rev.5,AU-2,,contributing,satisfies,content/cat-04-cloud-infrastructure/UC-4.1.356.json
4.1.357,AWS CloudTrail RDS snapshot share,medium,nist-800-53,Rev.5,AU-2,,contributing,satisfies,content/cat-04-cloud-infrastructure/UC-4.1.357.json
4.1.358,AWS CloudTrail ElastiCache cluster create,medium,nist-800-53,Rev.5,AU-2,,contributing,satisfies,content/cat-04-cloud-infrastructure/UC-4.1.358.json
4.1.359,AWS CloudTrail DMS replication instance,medium,nist-800-53,Rev.5,AU-2,,contributing,satisfies,content/cat-04-cloud-infrastructure/UC-4.1.359.json
4.1.360,AWS CloudTrail DMS replication task,medium,nist-800-53,Rev.5,AU-2,,contributing,satisfies,content/cat-04-cloud-infrastructure/UC-4.1.360.json
4.1.361,AWS CloudTrail DMS task start,medium,nist-800-53,Rev.5,AU-2,,contributing,satisfies,content/cat-04-cloud-infrastructure/UC-4.1.361.json
4.1.362,AWS CloudTrail DMS task stop,medium,nist-800-53,Rev.5,AU-2,,contributing,satisfies,content/cat-04-cloud-infrastructure/UC-4.1.362.json
4.1.363,AWS CloudTrail Glue job create,medium,nist-800-53,Rev.5,AU-2,,contributing,satisfies,content/cat-04-cloud-infrastructure/UC-4.1.363.json
4.1.364,AWS CloudTrail Glue job run start,medium,nist-800-53,Rev.5,AU-2,,contributing,satisfies,content/cat-04-cloud-infrastructure/UC-4.1.364.json
4.1.365,AWS CloudTrail Glue crawler stop,medium,nist-800-53,Rev.5,AU-2,,contributing,satisfies,content/cat-04-cloud-infrastructure/UC-4.1.365.json
4.1.366,AWS CloudTrail Glue crawler start,medium,nist-800-53,Rev.5,AU-2,,contributing,satisfies,content/cat-04-cloud-infrastructure/UC-4.1.366.json
4.1.367,AWS CloudTrail SageMaker notebook create,medium,nist-800-53,Rev.5,AU-2,,contributing,satisfies,content/cat-04-cloud-infrastructure/UC-4.1.367.json
4.1.368,AWS CloudTrail S3 presigned URL,medium,nist-800-53,Rev.5,AU-2,,contributing,satisfies,content/cat-04-cloud-infrastructure/UC-4.1.368.json
4.1.369,AWS CloudTrail S3 object get,medium,nist-800-53,Rev.5,AU-2,,contributing,satisfies,content/cat-04-cloud-infrastructure/UC-4.1.369.json
4.1.370,AWS CloudTrail S3 object put,medium,nist-800-53,Rev.5,AU-2,,contributing,satisfies,content/cat-04-cloud-infrastructure/UC-4.1.370.json
4.1.371,AWS CloudTrail S3 object delete,medium,nist-800-53,Rev.5,AU-2,,contributing,satisfies,content/cat-04-cloud-infrastructure/UC-4.1.371.json
4.1.372,AWS CloudTrail S3 multipart upload start,medium,nist-800-53,Rev.5,AU-2,,contributing,satisfies,content/cat-04-cloud-infrastructure/UC-4.1.372.json
4.1.373,AWS CloudTrail S3 multipart upload complete,medium,nist-800-53,Rev.5,AU-2,,contributing,satisfies,content/cat-04-cloud-infrastructure/UC-4.1.373.json
4.1.374,AWS CloudTrail S3 event notification,medium,nist-800-53,Rev.5,AU-2,,contributing,satisfies,content/cat-04-cloud-infrastructure/UC-4.1.374.json
4.1.375,AWS CloudTrail S3 CORS policy,medium,nist-800-53,Rev.5,AU-2,,contributing,satisfies,content/cat-04-cloud-infrastructure/UC-4.1.375.json
4.1.376,AWS CloudTrail S3 lifecycle policy,medium,nist-800-53,Rev.5,AU-2,,contributing,satisfies,content/cat-04-cloud-infrastructure/UC-4.1.376.json
4.1.377,AWS CloudTrail S3 object lock config,medium,nist-800-53,Rev.5,AU-2,,contributing,satisfies,content/cat-04-cloud-infrastructure/UC-4.1.377.json
4.1.378,AWS CloudTrail S3 ownership controls,medium,nist-800-53,Rev.5,AU-2,,contributing,satisfies,content/cat-04-cloud-infrastructure/UC-4.1.378.json
4.1.379,AWS CloudTrail S3 public access block,medium,nist-800-53,Rev.5,AU-2,,contributing,satisfies,content/cat-04-cloud-infrastructure/UC-4.1.379.json
4.1.380,AWS CloudTrail S3 public access block delete,medium,nist-800-53,Rev.5,AU-2,,contributing,satisfies,content/cat-04-cloud-infrastructure/UC-4.1.380.json
4.1.381,AWS CloudTrail VPC endpoint service permissions,medium,nist-800-53,Rev.5,AU-2,,contributing,satisfies,content/cat-04-cloud-infrastructure/UC-4.1.381.json
4.1.382,AWS CloudTrail EC2 ENI create,medium,nist-800-53,Rev.5,AU-2,,contributing,satisfies,content/cat-04-cloud-infrastructure/UC-4.1.382.json
4.1.383,AWS CloudTrail EC2 ENI delete,medium,nist-800-53,Rev.5,AU-2,,contributing,satisfies,content/cat-04-cloud-infrastructure/UC-4.1.383.json
4.1.384,AWS CloudTrail EC2 private IP assign,medium,nist-800-53,Rev.5,AU-2,,contributing,satisfies,content/cat-04-cloud-infrastructure/UC-4.1.384.json
4.1.385,AWS CloudTrail EC2 launch template create,medium,nist-800-53,Rev.5,AU-2,,contributing,satisfies,content/cat-04-cloud-infrastructure/UC-4.1.385.json
4.1.386,AWS CloudTrail EC2 launch template modify,medium,nist-800-53,Rev.5,AU-2,,contributing,satisfies,content/cat-04-cloud-infrastructure/UC-4.1.386.json
4.1.387,AWS CloudTrail Auto Scaling group create,medium,nist-800-53,Rev.5,AU-2,,contributing,satisfies,content/cat-04-cloud-infrastructure/UC-4.1.387.json
4.1.388,AWS CloudTrail Auto Scaling group update,medium,nist-800-53,Rev.5,AU-2,,contributing,satisfies,content/cat-04-cloud-infrastructure/UC-4.1.388.json
4.1.389,AWS CloudTrail Auto Scaling desired capacity set,medium,nist-800-53,Rev.5,AU-2,,contributing,satisfies,content/cat-04-cloud-infrastructure/UC-4.1.389.json
4.1.390,AWS CloudTrail Auto Scaling instance terminate,medium,nist-800-53,Rev.5,AU-2,,contributing,satisfies,content/cat-04-cloud-infrastructure/UC-4.1.390.json
4.1.78,AWS CloudTrail Baseline Ingestion and Health,critical,nist-800-53,Rev.5,AU-2,,contributing,satisfies,content/cat-04-cloud-infrastructure/UC-4.1.78.json
4.1.79,AWS IAM User Creation,high,nist-800-53,Rev.5,AU-2,,contributing,satisfies,content/cat-04-cloud-infrastructure/UC-4.1.79.json
4.1.80,AWS IAM User Deletion,high,nist-800-53,Rev.5,AU-2,,contributing,satisfies,content/cat-04-cloud-infrastructure/UC-4.1.80.json
4.1.81,AWS IAM Access Key Creation,high,nist-800-53,Rev.5,AU-2,,contributing,satisfies,content/cat-04-cloud-infrastructure/UC-4.1.81.json
4.1.82,AWS IAM Access Key Deletion,high,nist-800-53,Rev.5,AU-2,,contributing,satisfies,content/cat-04-cloud-infrastructure/UC-4.1.82.json
4.1.83,AWS IAM Login Profile Changes,high,nist-800-53,Rev.5,AU-2,,contributing,satisfies,content/cat-04-cloud-infrastructure/UC-4.1.83.json
4.1.84,AWS IAM Role Creation,high,nist-800-53,Rev.5,AU-2,,contributing,satisfies,content/cat-04-cloud-infrastructure/UC-4.1.84.json
4.1.85,AWS IAM Role Policy Attachment,high,nist-800-53,Rev.5,AU-2,,contributing,satisfies,content/cat-04-cloud-infrastructure/UC-4.1.85.json
4.1.86,AWS IAM User Policy Attachment,high,nist-800-53,Rev.5,AU-2,,contributing,satisfies,content/cat-04-cloud-infrastructure/UC-4.1.86.json
4.1.87,AWS IAM Policy Version Changes,high,nist-800-53,Rev.5,AU-2,,contributing,satisfies,content/cat-04-cloud-infrastructure/UC-4.1.87.json
4.1.88,AWS IAM MFA Device Deactivation,high,nist-800-53,Rev.5,AU-2,,contributing,satisfies,content/cat-04-cloud-infrastructure/UC-4.1.88.json
4.1.89,AWS IAM Group Membership Changes,high,nist-800-53,Rev.5,AU-2,,contributing,satisfies,content/cat-04-cloud-infrastructure/UC-4.1.89.json
4.1.90,AWS IAM SAML Provider Changes,high,nist-800-53,Rev.5,AU-2,,contributing,satisfies,content/cat-04-cloud-infrastructure/UC-4.1.90.json
4.1.91,AWS IAM Password Policy Changes,high,nist-800-53,Rev.5,AU-2,,contributing,satisfies,content/cat-04-cloud-infrastructure/UC-4.1.91.json
4.1.92,AWS EC2 Instance Launch,high,nist-800-53,Rev.5,AU-2,,contributing,satisfies,content/cat-04-cloud-infrastructure/UC-4.1.92.json
4.1.93,AWS EC2 Instance Termination,high,nist-800-53,Rev.5,AU-2,,contributing,satisfies,content/cat-04-cloud-infrastructure/UC-4.1.93.json
4.1.94,AWS EC2 Security Group Ingress Open,high,nist-800-53,Rev.5,AU-2,,contributing,satisfies,content/cat-04-cloud-infrastructure/UC-4.1.94.json
4.1.95,AWS EC2 Security Group Egress Changes,high,nist-800-53,Rev.5,AU-2,,contributing,satisfies,content/cat-04-cloud-infrastructure/UC-4.1.95.json
4.1.96,AWS EC2 Security Group Deletion,high,nist-800-53,Rev.5,AU-2,,contributing,satisfies,content/cat-04-cloud-infrastructure/UC-4.1.96.json
4.1.97,AWS EC2 Metadata Service Modification,high,nist-800-53,Rev.5,AU-2,,contributing,satisfies,content/cat-04-cloud-infrastructure/UC-4.1.97.json
4.1.98,AWS EC2 Snapshot Creation,high,nist-800-53,Rev.5,AU-2,,contributing,satisfies,content/cat-04-cloud-infrastructure/UC-4.1.98.json
4.1.99,AWS EC2 Snapshot Deletion,high,nist-800-53,Rev.5,AU-2,,contributing,satisfies,content/cat-04-cloud-infrastructure/UC-4.1.99.json
4.10.10,GCP CSPM Missing Vulnerability Scan,high,nist-800-53,Rev.5,AU-2,,contributing,satisfies,content/cat-04-cloud-infrastructure/UC-4.10.10.json
4.10.11,AWS CSPM Overly Permissive Network Path,high,nist-800-53,Rev.5,AU-2,,contributing,satisfies,content/cat-04-cloud-infrastructure/UC-4.10.11.json
4.10.12,Azure CSPM Overly Permissive Network Path,high,nist-800-53,Rev.5,AU-2,,contributing,satisfies,content/cat-04-cloud-infrastructure/UC-4.10.12.json
4.10.13,GCP CSPM Overly Permissive Network Path,high,nist-800-53,Rev.5,AU-2,,contributing,satisfies,content/cat-04-cloud-infrastructure/UC-4.10.13.json
4.10.14,AWS CSPM Stale Admin Credential,high,nist-800-53,Rev.5,AU-2,,contributing,satisfies,content/cat-04-cloud-infrastructure/UC-4.10.14.json
4.10.15,Azure CSPM Stale Admin Credential,high,nist-800-53,Rev.5,AU-2,,contributing,satisfies,content/cat-04-cloud-infrastructure/UC-4.10.15.json
4.10.16,GCP CSPM Stale Admin Credential,high,nist-800-53,Rev.5,AU-2,,contributing,satisfies,content/cat-04-cloud-infrastructure/UC-4.10.16.json
4.10.17,AWS CSPM Misconfigured Workload Identity,high,nist-800-53,Rev.5,AU-2,,contributing,satisfies,content/cat-04-cloud-infrastructure/UC-4.10.17.json
4.10.18,Azure CSPM Misconfigured Workload Identity,high,nist-800-53,Rev.5,AU-2,,contributing,satisfies,content/cat-04-cloud-infrastructure/UC-4.10.18.json
4.10.19,GCP CSPM Misconfigured Workload Identity,high,nist-800-53,Rev.5,AU-2,,contributing,satisfies,content/cat-04-cloud-infrastructure/UC-4.10.19.json
4.10.2,AWS CSPM Publicly Exposed Admin Port,high,nist-800-53,Rev.5,AU-2,,contributing,satisfies,content/cat-04-cloud-infrastructure/UC-4.10.2.json
4.10.20,AWS CSPM Unpatched Critical CVE on VM,high,nist-800-53,Rev.5,AU-2,,contributing,satisfies,content/cat-04-cloud-infrastructure/UC-4.10.20.json
4.10.21,Azure CSPM Unpatched Critical CVE on VM,high,nist-800-53,Rev.5,AU-2,,contributing,satisfies,content/cat-04-cloud-infrastructure/UC-4.10.21.json
4.10.22,GCP CSPM Unpatched Critical CVE on VM,high,nist-800-53,Rev.5,AU-2,,contributing,satisfies,content/cat-04-cloud-infrastructure/UC-4.10.22.json
4.10.23,AWS CSPM Shadow IT Cloud Account,high,nist-800-53,Rev.5,AU-2,,contributing,satisfies,content/cat-04-cloud-infrastructure/UC-4.10.23.json
4.10.24,Azure CSPM Shadow IT Cloud Account,high,nist-800-53,Rev.5,AU-2,,contributing,satisfies,content/cat-04-cloud-infrastructure/UC-4.10.24.json
4.10.25,GCP CSPM Shadow IT Cloud Account,high,nist-800-53,Rev.5,AU-2,,contributing,satisfies,content/cat-04-cloud-infrastructure/UC-4.10.25.json
4.10.26,AWS CSPM Dormant High-Privilege Role,high,nist-800-53,Rev.5,AU-2,,contributing,satisfies,content/cat-04-cloud-infrastructure/UC-4.10.26.json
4.10.27,Azure CSPM Dormant High-Privilege Role,high,nist-800-53,Rev.5,AU-2,,contributing,satisfies,content/cat-04-cloud-infrastructure/UC-4.10.27.json
4.10.28,GCP CSPM Dormant High-Privilege Role,high,nist-800-53,Rev.5,AU-2,,contributing,satisfies,content/cat-04-cloud-infrastructure/UC-4.10.28.json
4.10.29,AWS CSPM Compliance Standard Drift from CIS,high,nist-800-53,Rev.5,AU-2,,contributing,satisfies,content/cat-04-cloud-infrastructure/UC-4.10.29.json
4.10.3,Azure CSPM Publicly Exposed Admin Port,high,nist-800-53,Rev.5,AU-2,,contributing,satisfies,content/cat-04-cloud-infrastructure/UC-4.10.3.json
4.10.30,Azure CSPM Compliance Standard Drift from CIS,high,nist-800-53,Rev.5,AU-2,,contributing,satisfies,content/cat-04-cloud-infrastructure/UC-4.10.30.json
4.10.31,GCP CSPM Compliance Standard Drift from CIS,high,nist-800-53,Rev.5,AU-2,,contributing,satisfies,content/cat-04-cloud-infrastructure/UC-4.10.31.json
4.10.4,GCP CSPM Publicly Exposed Admin Port,high,nist-800-53,Rev.5,AU-2,,contributing,satisfies,content/cat-04-cloud-infrastructure/UC-4.10.4.json
4.10.5,AWS CSPM Unencrypted Data Store,high,nist-800-53,Rev.5,AU-2,,contributing,satisfies,content/cat-04-cloud-infrastructure/UC-4.10.5.json
4.10.6,Azure CSPM Unencrypted Data Store,high,nist-800-53,Rev.5,AU-2,,contributing,satisfies,content/cat-04-cloud-infrastructure/UC-4.10.6.json
4.10.7,GCP CSPM Unencrypted Data Store,high,nist-800-53,Rev.5,AU-2,,contributing,satisfies,content/cat-04-cloud-infrastructure/UC-4.10.7.json
4.10.8,AWS CSPM Missing Vulnerability Scan,high,nist-800-53,Rev.5,AU-2,,contributing,satisfies,content/cat-04-cloud-infrastructure/UC-4.10.8.json
4.10.9,Azure CSPM Missing Vulnerability Scan,high,nist-800-53,Rev.5,AU-2,,contributing,satisfies,content/cat-04-cloud-infrastructure/UC-4.10.9.json
4.11.10,AWS FinOps Reserved Instance Coverage Gap,medium,nist-800-53,Rev.5,AU-2,,contributing,satisfies,content/cat-04-cloud-infrastructure/UC-4.11.10.json
4.11.11,AWS FinOps Savings Plan Utilization Drop,medium,nist-800-53,Rev.5,AU-2,,contributing,satisfies,content/cat-04-cloud-infrastructure/UC-4.11.11.json
4.11.12,Azure FinOps Daily Spend Anomaly,medium,nist-800-53,Rev.5,AU-2,,contributing,satisfies,content/cat-04-cloud-infrastructure/UC-4.11.12.json
4.11.13,Azure FinOps Unused Managed Disk,medium,nist-800-53,Rev.5,AU-2,,contributing,satisfies,content/cat-04-cloud-infrastructure/UC-4.11.13.json
4.11.14,Azure FinOps Idle Public IP Cost,medium,nist-800-53,Rev.5,AU-2,,contributing,satisfies,content/cat-04-cloud-infrastructure/UC-4.11.14.json
4.11.15,Azure FinOps Oversized SQL Tier,medium,nist-800-53,Rev.5,AU-2,,contributing,satisfies,content/cat-04-cloud-infrastructure/UC-4.11.15.json
4.11.16,Azure FinOps Functions Consumption Spike,medium,nist-800-53,Rev.5,AU-2,,contributing,satisfies,content/cat-04-cloud-infrastructure/UC-4.11.16.json
4.11.2,AWS FinOps Daily Spend Anomaly by Service,medium,nist-800-53,Rev.5,AU-2,,contributing,satisfies,content/cat-04-cloud-infrastructure/UC-4.11.2.json
4.11.3,AWS FinOps Unused EBS Volume Cost,medium,nist-800-53,Rev.5,AU-2,,contributing,satisfies,content/cat-04-cloud-infrastructure/UC-4.11.3.json
4.11.4,AWS FinOps Idle Load Balancer Cost,medium,nist-800-53,Rev.5,AU-2,,contributing,satisfies,content/cat-04-cloud-infrastructure/UC-4.11.4.json
4.11.5,AWS FinOps Oversized RDS Instance,medium,nist-800-53,Rev.5,AU-2,,contributing,satisfies,content/cat-04-cloud-infrastructure/UC-4.11.5.json
4.11.6,AWS FinOps Lambda GB-Second Spike,medium,nist-800-53,Rev.5,AU-2,,contributing,satisfies,content/cat-04-cloud-infrastructure/UC-4.11.6.json
4.11.7,AWS FinOps S3 Incomplete Multipart Upload Storage,medium,nist-800-53,Rev.5,AU-2,,contributing,satisfies,content/cat-04-cloud-infrastructure/UC-4.11.7.json
4.11.8,AWS FinOps NAT Gateway Data Processing Spike,medium,nist-800-53,Rev.5,AU-2,,contributing,satisfies,content/cat-04-cloud-infrastructure/UC-4.11.8.json
4.11.9,AWS FinOps Cross-AZ Data Transfer Spike,medium,nist-800-53,Rev.5,AU-2,,contributing,satisfies,content/cat-04-cloud-infrastructure/UC-4.11.9.json
4.12.10,Cloud Database ElastiCache CPU High,high,nist-800-53,Rev.5,AU-2,,contributing,satisfies,content/cat-04-cloud-infrastructure/UC-4.12.10.json
4.12.11,Cloud Database DocumentDB Failover,high,nist-800-53,Rev.5,AU-2,,contributing,satisfies,content/cat-04-cloud-infrastructure/UC-4.12.11.json
4.12.12,Managed PostgreSQL Backup Failure,high,nist-800-53,Rev.5,AU-2,,contributing,satisfies,content/cat-04-cloud-infrastructure/UC-4.12.12.json
4.12.13,Managed MySQL Backup Failure,high,nist-800-53,Rev.5,AU-2,,contributing,satisfies,content/cat-04-cloud-infrastructure/UC-4.12.13.json
4.12.14,Managed MariaDB Backup Failure,high,nist-800-53,Rev.5,AU-2,,contributing,satisfies,content/cat-04-cloud-infrastructure/UC-4.12.14.json
4.12.15,Managed SQL Server Backup Failure,high,nist-800-53,Rev.5,AU-2,,contributing,satisfies,content/cat-04-cloud-infrastructure/UC-4.12.15.json
4.12.16,Managed Oracle Backup Failure,high,nist-800-53,Rev.5,AU-2,,contributing,satisfies,content/cat-04-cloud-infrastructure/UC-4.12.16.json
4.12.17,Managed Redis Backup Failure,high,nist-800-53,Rev.5,AU-2,,contributing,satisfies,content/cat-04-cloud-infrastructure/UC-4.12.17.json
4.12.18,Managed MongoDB Backup Failure,high,nist-800-53,Rev.5,AU-2,,contributing,satisfies,content/cat-04-cloud-infrastructure/UC-4.12.18.json
4.12.19,Managed Cassandra Backup Failure,high,nist-800-53,Rev.5,AU-2,,contributing,satisfies,content/cat-04-cloud-infrastructure/UC-4.12.19.json
4.12.2,Cloud Database RDS Audit Error Log,high,nist-800-53,Rev.5,AU-2,,contributing,satisfies,content/cat-04-cloud-infrastructure/UC-4.12.2.json
4.12.20,Managed Spanner Backup Failure,high,nist-800-53,Rev.5,AU-2,,contributing,satisfies,content/cat-04-cloud-infrastructure/UC-4.12.20.json
4.12.21,Managed Firestore Backup Failure,high,nist-800-53,Rev.5,AU-2,,contributing,satisfies,content/cat-04-cloud-infrastructure/UC-4.12.21.json
4.12.3,Cloud Database RDS Slow Query Spike,high,nist-800-53,Rev.5,AU-2,,contributing,satisfies,content/cat-04-cloud-infrastructure/UC-4.12.3.json
4.12.4,Cloud Database Aurora Failover Event,high,nist-800-53,Rev.5,AU-2,,contributing,satisfies,content/cat-04-cloud-infrastructure/UC-4.12.4.json
4.12.5,Cloud Database Azure SQL Audit Failure,high,nist-800-53,Rev.5,AU-2,,contributing,satisfies,content/cat-04-cloud-infrastructure/UC-4.12.5.json
4.12.6,Cloud Database Cosmos DB RU Consumption Spike,high,nist-800-53,Rev.5,AU-2,,contributing,satisfies,content/cat-04-cloud-infrastructure/UC-4.12.6.json
4.12.7,Cloud Database Cloud SQL Connection Spike,high,nist-800-53,Rev.5,AU-2,,contributing,satisfies,content/cat-04-cloud-infrastructure/UC-4.12.7.json
4.12.8,Cloud Database BigQuery Slot Contention,high,nist-800-53,Rev.5,AU-2,,contributing,satisfies,content/cat-04-cloud-infrastructure/UC-4.12.8.json
4.12.9,Cloud Database DynamoDB Throttled Requests,high,nist-800-53,Rev.5,AU-2,,contributing,satisfies,content/cat-04-cloud-infrastructure/UC-4.12.9.json
4.13.10,Cloud Network Load Balancer Target Unhealthy,high,nist-800-53,Rev.5,AU-2,,contributing,satisfies,content/cat-04-cloud-infrastructure/UC-4.13.10.json
4.13.11,Cloud Network Anycast IP Route Change,high,nist-800-53,Rev.5,AU-2,,contributing,satisfies,content/cat-04-cloud-infrastructure/UC-4.13.11.json
4.13.12,Cloud Network Flow Anomaly Pattern 1,high,nist-800-53,Rev.5,AU-2,,contributing,satisfies,content/cat-04-cloud-infrastructure/UC-4.13.12.json
4.13.13,Cloud Network Flow Anomaly Pattern 2,high,nist-800-53,Rev.5,AU-2,,contributing,satisfies,content/cat-04-cloud-infrastructure/UC-4.13.13.json
4.13.14,Cloud Network Flow Anomaly Pattern 3,high,nist-800-53,Rev.5,AU-2,,contributing,satisfies,content/cat-04-cloud-infrastructure/UC-4.13.14.json
4.13.15,Cloud Network Flow Anomaly Pattern 4,high,nist-800-53,Rev.5,AU-2,,contributing,satisfies,content/cat-04-cloud-infrastructure/UC-4.13.15.json
4.13.16,Cloud Network Flow Anomaly Pattern 5,high,nist-800-53,Rev.5,AU-2,,contributing,satisfies,content/cat-04-cloud-infrastructure/UC-4.13.16.json
4.13.17,Cloud Network Flow Anomaly Pattern 6,high,nist-800-53,Rev.5,AU-2,,contributing,satisfies,content/cat-04-cloud-infrastructure/UC-4.13.17.json
4.13.18,Cloud Network Flow Anomaly Pattern 7,high,nist-800-53,Rev.5,AU-2,,contributing,satisfies,content/cat-04-cloud-infrastructure/UC-4.13.18.json
4.13.19,Cloud Network Flow Anomaly Pattern 8,high,nist-800-53,Rev.5,AU-2,,contributing,satisfies,content/cat-04-cloud-infrastructure/UC-4.13.19.json
4.13.2,Cloud Network VPC Peering Created,high,nist-800-53,Rev.5,AU-2,,contributing,satisfies,content/cat-04-cloud-infrastructure/UC-4.13.2.json
4.13.20,Cloud Network Flow Anomaly Pattern 9,high,nist-800-53,Rev.5,AU-2,,contributing,satisfies,content/cat-04-cloud-infrastructure/UC-4.13.20.json
4.13.21,Cloud Network Flow Anomaly Pattern 10,high,nist-800-53,Rev.5,AU-2,,contributing,satisfies,content/cat-04-cloud-infrastructure/UC-4.13.21.json
4.13.22,Cloud Network Flow Anomaly Pattern 11,high,nist-800-53,Rev.5,AU-2,,contributing,satisfies,content/cat-04-cloud-infrastructure/UC-4.13.22.json
4.13.23,Cloud Network Flow Anomaly Pattern 12,high,nist-800-53,Rev.5,AU-2,,contributing,satisfies,content/cat-04-cloud-infrastructure/UC-4.13.23.json
4.13.24,Cloud Network Flow Anomaly Pattern 13,high,nist-800-53,Rev.5,AU-2,,contributing,satisfies,content/cat-04-cloud-infrastructure/UC-4.13.24.json
4.13.25,Cloud Network Flow Anomaly Pattern 14,high,nist-800-53,Rev.5,AU-2,,contributing,satisfies,content/cat-04-cloud-infrastructure/UC-4.13.25.json
4.13.26,Cloud Network Flow Anomaly Pattern 15,high,nist-800-53,Rev.5,AU-2,,contributing,satisfies,content/cat-04-cloud-infrastructure/UC-4.13.26.json
4.13.27,Cloud Network Flow Anomaly Pattern 16,high,nist-800-53,Rev.5,AU-2,,contributing,satisfies,content/cat-04-cloud-infrastructure/UC-4.13.27.json
4.13.28,Cloud Network Flow Anomaly Pattern 17,high,nist-800-53,Rev.5,AU-2,,contributing,satisfies,content/cat-04-cloud-infrastructure/UC-4.13.28.json
4.13.29,Cloud Network Flow Anomaly Pattern 18,high,nist-800-53,Rev.5,AU-2,,contributing,satisfies,content/cat-04-cloud-infrastructure/UC-4.13.29.json
4.13.3,Cloud Network Transit Gateway Route Change,high,nist-800-53,Rev.5,AU-2,,contributing,satisfies,content/cat-04-cloud-infrastructure/UC-4.13.3.json
4.13.30,Cloud Network Flow Anomaly Pattern 19,high,nist-800-53,Rev.5,AU-2,,contributing,satisfies,content/cat-04-cloud-infrastructure/UC-4.13.30.json
4.13.31,Cloud Network Flow Anomaly Pattern 20,high,nist-800-53,Rev.5,AU-2,,contributing,satisfies,content/cat-04-cloud-infrastructure/UC-4.13.31.json
4.13.32,Cloud Network Flow Anomaly Pattern 21,high,nist-800-53,Rev.5,AU-2,,contributing,satisfies,content/cat-04-cloud-infrastructure/UC-4.13.32.json
4.13.33,Cloud Network Flow Anomaly Pattern 22,high,nist-800-53,Rev.5,AU-2,,contributing,satisfies,content/cat-04-cloud-infrastructure/UC-4.13.33.json
4.13.34,Cloud Network Flow Anomaly Pattern 23,high,nist-800-53,Rev.5,AU-2,,contributing,satisfies,content/cat-04-cloud-infrastructure/UC-4.13.34.json
4.13.35,Cloud Network Flow Anomaly Pattern 24,high,nist-800-53,Rev.5,AU-2,,contributing,satisfies,content/cat-04-cloud-infrastructure/UC-4.13.35.json
4.13.36,Cloud Network Flow Anomaly Pattern 25,high,nist-800-53,Rev.5,AU-2,,contributing,satisfies,content/cat-04-cloud-infrastructure/UC-4.13.36.json
4.13.37,Cloud Network Flow Anomaly Pattern 26,high,nist-800-53,Rev.5,AU-2,,contributing,satisfies,content/cat-04-cloud-infrastructure/UC-4.13.37.json
4.13.38,Cloud Network Flow Anomaly Pattern 27,high,nist-800-53,Rev.5,AU-2,,contributing,satisfies,content/cat-04-cloud-infrastructure/UC-4.13.38.json
4.13.39,Cloud Network Flow Anomaly Pattern 28,high,nist-800-53,Rev.5,AU-2,,contributing,satisfies,content/cat-04-cloud-infrastructure/UC-4.13.39.json
4.13.4,Cloud Network Direct Connect BGP Session Down,high,nist-800-53,Rev.5,AU-2,,contributing,satisfies,content/cat-04-cloud-infrastructure/UC-4.13.4.json
4.13.40,Cloud Network Flow Anomaly Pattern 29,high,nist-800-53,Rev.5,AU-2,,contributing,satisfies,content/cat-04-cloud-infrastructure/UC-4.13.40.json
4.13.41,Cloud Network Flow Anomaly Pattern 30,high,nist-800-53,Rev.5,AU-2,,contributing,satisfies,content/cat-04-cloud-infrastructure/UC-4.13.41.json
4.13.5,Cloud Network Azure ExpressRoute Gateway Down,high,nist-800-53,Rev.5,AU-2,,contributing,satisfies,content/cat-04-cloud-infrastructure/UC-4.13.5.json
4.13.6,Cloud Network GCP Cloud Router BGP Down,high,nist-800-53,Rev.5,AU-2,,contributing,satisfies,content/cat-04-cloud-infrastructure/UC-4.13.6.json
4.13.7,Cloud Network DNS Query Volume Spike,high,nist-800-53,Rev.5,AU-2,,contributing,satisfies,content/cat-04-cloud-infrastructure/UC-4.13.7.json
4.13.8,Cloud Network PrivateLink Endpoint Created,high,nist-800-53,Rev.5,AU-2,,contributing,satisfies,content/cat-04-cloud-infrastructure/UC-4.13.8.json
4.13.9,Cloud Network VPN Tunnel Phase 1 Down,high,nist-800-53,Rev.5,AU-2,,contributing,satisfies,content/cat-04-cloud-infrastructure/UC-4.13.9.json
4.14.10,Cloud Storage Storage Account Network Default Allow,high,nist-800-53,Rev.5,AU-2,,contributing,satisfies,content/cat-04-cloud-infrastructure/UC-4.14.10.json
4.14.11,Cloud Storage Public Access Block Disabled,high,nist-800-53,Rev.5,AU-2,,contributing,satisfies,content/cat-04-cloud-infrastructure/UC-4.14.11.json
4.14.12,Object Storage Access from Unexpected Geo 1,high,nist-800-53,Rev.5,AU-2,,contributing,satisfies,content/cat-04-cloud-infrastructure/UC-4.14.12.json
4.14.13,Object Storage Access from Unexpected Geo 2,high,nist-800-53,Rev.5,AU-2,,contributing,satisfies,content/cat-04-cloud-infrastructure/UC-4.14.13.json
4.14.14,Object Storage Access from Unexpected Geo 3,high,nist-800-53,Rev.5,AU-2,,contributing,satisfies,content/cat-04-cloud-infrastructure/UC-4.14.14.json
4.14.15,Object Storage Access from Unexpected Geo 4,high,nist-800-53,Rev.5,AU-2,,contributing,satisfies,content/cat-04-cloud-infrastructure/UC-4.14.15.json
4.14.16,Object Storage Access from Unexpected Geo 5,high,nist-800-53,Rev.5,AU-2,,contributing,satisfies,content/cat-04-cloud-infrastructure/UC-4.14.16.json
4.14.17,Object Storage Access from Unexpected Geo 6,high,nist-800-53,Rev.5,AU-2,,contributing,satisfies,content/cat-04-cloud-infrastructure/UC-4.14.17.json
4.14.18,Object Storage Access from Unexpected Geo 7,high,nist-800-53,Rev.5,AU-2,,contributing,satisfies,content/cat-04-cloud-infrastructure/UC-4.14.18.json
4.14.19,Object Storage Access from Unexpected Geo 8,high,nist-800-53,Rev.5,AU-2,,contributing,satisfies,content/cat-04-cloud-infrastructure/UC-4.14.19.json
4.14.2,Cloud Storage S3 Object Lock Bypass Attempt,high,nist-800-53,Rev.5,AU-2,,contributing,satisfies,content/cat-04-cloud-infrastructure/UC-4.14.2.json
4.14.20,Object Storage Access from Unexpected Geo 9,high,nist-800-53,Rev.5,AU-2,,contributing,satisfies,content/cat-04-cloud-infrastructure/UC-4.14.20.json
4.14.21,Object Storage Access from Unexpected Geo 10,high,nist-800-53,Rev.5,AU-2,,contributing,satisfies,content/cat-04-cloud-infrastructure/UC-4.14.21.json
4.14.22,Object Storage Access from Unexpected Geo 11,high,nist-800-53,Rev.5,AU-2,,contributing,satisfies,content/cat-04-cloud-infrastructure/UC-4.14.22.json
4.14.23,Object Storage Access from Unexpected Geo 12,high,nist-800-53,Rev.5,AU-2,,contributing,satisfies,content/cat-04-cloud-infrastructure/UC-4.14.23.json
4.14.24,Object Storage Access from Unexpected Geo 13,high,nist-800-53,Rev.5,AU-2,,contributing,satisfies,content/cat-04-cloud-infrastructure/UC-4.14.24.json
4.14.25,Object Storage Access from Unexpected Geo 14,high,nist-800-53,Rev.5,AU-2,,contributing,satisfies,content/cat-04-cloud-infrastructure/UC-4.14.25.json
4.14.26,Object Storage Access from Unexpected Geo 15,high,nist-800-53,Rev.5,AU-2,,contributing,satisfies,content/cat-04-cloud-infrastructure/UC-4.14.26.json
4.14.27,Object Storage Access from Unexpected Geo 16,high,nist-800-53,Rev.5,AU-2,,contributing,satisfies,content/cat-04-cloud-infrastructure/UC-4.14.27.json
4.14.28,Object Storage Access from Unexpected Geo 17,high,nist-800-53,Rev.5,AU-2,,contributing,satisfies,content/cat-04-cloud-infrastructure/UC-4.14.28.json
4.14.29,Object Storage Access from Unexpected Geo 18,high,nist-800-53,Rev.5,AU-2,,contributing,satisfies,content/cat-04-cloud-infrastructure/UC-4.14.29.json
4.14.3,Cloud Storage S3 Versioning Suspended,high,nist-800-53,Rev.5,AU-2,,contributing,satisfies,content/cat-04-cloud-infrastructure/UC-4.14.3.json
4.14.30,Object Storage Access from Unexpected Geo 19,high,nist-800-53,Rev.5,AU-2,,contributing,satisfies,content/cat-04-cloud-infrastructure/UC-4.14.30.json
4.14.31,Object Storage Access from Unexpected Geo 20,high,nist-800-53,Rev.5,AU-2,,contributing,satisfies,content/cat-04-cloud-infrastructure/UC-4.14.31.json
4.14.4,Cloud Storage Azure Blob Soft Delete Disabled,high,nist-800-53,Rev.5,AU-2,,contributing,satisfies,content/cat-04-cloud-infrastructure/UC-4.14.4.json
4.14.5,Cloud Storage GCS Bucket Uniform Access Disabled,high,nist-800-53,Rev.5,AU-2,,contributing,satisfies,content/cat-04-cloud-infrastructure/UC-4.14.5.json
4.14.6,Cloud Storage Cross-Account Snapshot Share,high,nist-800-53,Rev.5,AU-2,,contributing,satisfies,content/cat-04-cloud-infrastructure/UC-4.14.6.json
4.14.7,Cloud Storage Backup Vault Lock Removed,high,nist-800-53,Rev.5,AU-2,,contributing,satisfies,content/cat-04-cloud-infrastructure/UC-4.14.7.json
4.14.8,Cloud Storage Lifecycle Policy Deletion,high,nist-800-53,Rev.5,AU-2,,contributing,satisfies,content/cat-04-cloud-infrastructure/UC-4.14.8.json
4.14.9,Cloud Storage Replication Rule Disabled,high,nist-800-53,Rev.5,AU-2,,contributing,satisfies,content/cat-04-cloud-infrastructure/UC-4.14.9.json
4.15.10,Edge CDN WAF Bot Control Challenge Spike,high,nist-800-53,Rev.5,AU-2,,contributing,satisfies,content/cat-04-cloud-infrastructure/UC-4.15.10.json
4.15.11,Edge CDN WAF Rate-Based Rule Count Breach,high,nist-800-53,Rev.5,AU-2,,contributing,satisfies,content/cat-04-cloud-infrastructure/UC-4.15.11.json
4.15.12,CDN Request Anomaly Signature 1,high,nist-800-53,Rev.5,AU-2,,contributing,satisfies,content/cat-04-cloud-infrastructure/UC-4.15.12.json
4.15.13,CDN Request Anomaly Signature 2,high,nist-800-53,Rev.5,AU-2,,contributing,satisfies,content/cat-04-cloud-infrastructure/UC-4.15.13.json
4.15.14,CDN Request Anomaly Signature 3,high,nist-800-53,Rev.5,AU-2,,contributing,satisfies,content/cat-04-cloud-infrastructure/UC-4.15.14.json
4.15.15,CDN Request Anomaly Signature 4,high,nist-800-53,Rev.5,AU-2,,contributing,satisfies,content/cat-04-cloud-infrastructure/UC-4.15.15.json
4.15.16,CDN Request Anomaly Signature 5,high,nist-800-53,Rev.5,AU-2,,contributing,satisfies,content/cat-04-cloud-infrastructure/UC-4.15.16.json
4.15.17,CDN Request Anomaly Signature 6,high,nist-800-53,Rev.5,AU-2,,contributing,satisfies,content/cat-04-cloud-infrastructure/UC-4.15.17.json
4.15.18,CDN Request Anomaly Signature 7,high,nist-800-53,Rev.5,AU-2,,contributing,satisfies,content/cat-04-cloud-infrastructure/UC-4.15.18.json
4.15.19,CDN Request Anomaly Signature 8,high,nist-800-53,Rev.5,AU-2,,contributing,satisfies,content/cat-04-cloud-infrastructure/UC-4.15.19.json
4.15.2,Edge CDN WAF CloudFront WAF Block Rate Drop,high,nist-800-53,Rev.5,AU-2,,contributing,satisfies,content/cat-04-cloud-infrastructure/UC-4.15.2.json
4.15.20,CDN Request Anomaly Signature 9,high,nist-800-53,Rev.5,AU-2,,contributing,satisfies,content/cat-04-cloud-infrastructure/UC-4.15.20.json
4.15.21,CDN Request Anomaly Signature 10,high,nist-800-53,Rev.5,AU-2,,contributing,satisfies,content/cat-04-cloud-infrastructure/UC-4.15.21.json
4.15.22,CDN Request Anomaly Signature 11,high,nist-800-53,Rev.5,AU-2,,contributing,satisfies,content/cat-04-cloud-infrastructure/UC-4.15.22.json
4.15.23,CDN Request Anomaly Signature 12,high,nist-800-53,Rev.5,AU-2,,contributing,satisfies,content/cat-04-cloud-infrastructure/UC-4.15.23.json
4.15.24,CDN Request Anomaly Signature 13,high,nist-800-53,Rev.5,AU-2,,contributing,satisfies,content/cat-04-cloud-infrastructure/UC-4.15.24.json
4.15.25,CDN Request Anomaly Signature 14,high,nist-800-53,Rev.5,AU-2,,contributing,satisfies,content/cat-04-cloud-infrastructure/UC-4.15.25.json
4.15.26,CDN Request Anomaly Signature 15,high,nist-800-53,Rev.5,AU-2,,contributing,satisfies,content/cat-04-cloud-infrastructure/UC-4.15.26.json
4.15.27,CDN Request Anomaly Signature 16,high,nist-800-53,Rev.5,AU-2,,contributing,satisfies,content/cat-04-cloud-infrastructure/UC-4.15.27.json
4.15.28,CDN Request Anomaly Signature 17,high,nist-800-53,Rev.5,AU-2,,contributing,satisfies,content/cat-04-cloud-infrastructure/UC-4.15.28.json
4.15.29,CDN Request Anomaly Signature 18,high,nist-800-53,Rev.5,AU-2,,contributing,satisfies,content/cat-04-cloud-infrastructure/UC-4.15.29.json
4.15.3,Edge CDN WAF CloudFront Origin 5xx Spike,high,nist-800-53,Rev.5,AU-2,,contributing,satisfies,content/cat-04-cloud-infrastructure/UC-4.15.3.json
4.15.30,CDN Request Anomaly Signature 19,high,nist-800-53,Rev.5,AU-2,,contributing,satisfies,content/cat-04-cloud-infrastructure/UC-4.15.30.json
4.15.31,CDN Request Anomaly Signature 20,high,nist-800-53,Rev.5,AU-2,,contributing,satisfies,content/cat-04-cloud-infrastructure/UC-4.15.31.json
4.15.4,Edge CDN WAF Azure Front Door WAF Block Drop,high,nist-800-53,Rev.5,AU-2,,contributing,satisfies,content/cat-04-cloud-infrastructure/UC-4.15.4.json
4.15.5,Edge CDN WAF GCP Cloud CDN Cache Hit Drop,high,nist-800-53,Rev.5,AU-2,,contributing,satisfies,content/cat-04-cloud-infrastructure/UC-4.15.5.json
4.15.6,Edge CDN WAF AWS WAF Allowed SQLi Matches,high,nist-800-53,Rev.5,AU-2,,contributing,satisfies,content/cat-04-cloud-infrastructure/UC-4.15.6.json
4.15.7,Edge CDN WAF DDoS Mitigation Triggered,high,nist-800-53,Rev.5,AU-2,,contributing,satisfies,content/cat-04-cloud-infrastructure/UC-4.15.7.json
4.15.8,Edge CDN WAF TLS Certificate Expiring at CDN,high,nist-800-53,Rev.5,AU-2,,contributing,satisfies,content/cat-04-cloud-infrastructure/UC-4.15.8.json
4.15.9,Edge CDN WAF Geo Block Rule Removed,high,nist-800-53,Rev.5,AU-2,,contributing,satisfies,content/cat-04-cloud-infrastructure/UC-4.15.9.json
4.2.110,Azure Compute Role Assignment at Subscription Scope,high,nist-800-53,Rev.5,AU-2,,contributing,satisfies,content/cat-04-cloud-infrastructure/UC-4.2.110.json
4.2.111,Azure Storage Role Assignment at Subscription Scope,high,nist-800-53,Rev.5,AU-2,,contributing,satisfies,content/cat-04-cloud-infrastructure/UC-4.2.111.json
4.2.112,Azure Network Role Assignment at Subscription Scope,high,nist-800-53,Rev.5,AU-2,,contributing,satisfies,content/cat-04-cloud-infrastructure/UC-4.2.112.json
4.2.113,Azure KeyVault Role Assignment at Subscription Scope,high,nist-800-53,Rev.5,AU-2,,contributing,satisfies,content/cat-04-cloud-infrastructure/UC-4.2.113.json
4.2.114,Azure Sql Role Assignment at Subscription Scope,high,nist-800-53,Rev.5,AU-2,,contributing,satisfies,content/cat-04-cloud-infrastructure/UC-4.2.114.json
4.2.115,Azure ContainerService Role Assignment at Subscription Scope,high,nist-800-53,Rev.5,AU-2,,contributing,satisfies,content/cat-04-cloud-infrastructure/UC-4.2.115.json
4.2.116,Azure Web Role Assignment at Subscription Scope,high,nist-800-53,Rev.5,AU-2,,contributing,satisfies,content/cat-04-cloud-infrastructure/UC-4.2.116.json
4.2.117,Azure DocumentDB Role Assignment at Subscription Scope,high,nist-800-53,Rev.5,AU-2,,contributing,satisfies,content/cat-04-cloud-infrastructure/UC-4.2.117.json
4.2.118,Azure RecoveryServices Role Assignment at Subscription Scope,high,nist-800-53,Rev.5,AU-2,,contributing,satisfies,content/cat-04-cloud-infrastructure/UC-4.2.118.json
4.2.119,Azure EventHub Role Assignment at Subscription Scope,high,nist-800-53,Rev.5,AU-2,,contributing,satisfies,content/cat-04-cloud-infrastructure/UC-4.2.119.json
4.2.120,Azure Compute extensions Create or Update,high,nist-800-53,Rev.5,AU-2,,contributing,satisfies,content/cat-04-cloud-infrastructure/UC-4.2.120.json
4.2.121,Azure Compute extensions Delete,high,nist-800-53,Rev.5,AU-2,,contributing,satisfies,content/cat-04-cloud-infrastructure/UC-4.2.121.json
4.2.122,Azure Compute virtualMachineScaleSets Create or Update,high,nist-800-53,Rev.5,AU-2,,contributing,satisfies,content/cat-04-cloud-infrastructure/UC-4.2.122.json
4.2.123,Azure Compute virtualMachineScaleSets Delete,high,nist-800-53,Rev.5,AU-2,,contributing,satisfies,content/cat-04-cloud-infrastructure/UC-4.2.123.json
4.2.124,Azure Compute disks Create or Update,high,nist-800-53,Rev.5,AU-2,,contributing,satisfies,content/cat-04-cloud-infrastructure/UC-4.2.124.json
4.2.125,Azure Compute disks Delete,high,nist-800-53,Rev.5,AU-2,,contributing,satisfies,content/cat-04-cloud-infrastructure/UC-4.2.125.json
4.2.126,Azure Compute snapshots Create or Update,high,nist-800-53,Rev.5,AU-2,,contributing,satisfies,content/cat-04-cloud-infrastructure/UC-4.2.126.json
4.2.127,Azure Compute snapshots Delete,high,nist-800-53,Rev.5,AU-2,,contributing,satisfies,content/cat-04-cloud-infrastructure/UC-4.2.127.json
4.2.128,Azure Compute images Create or Update,high,nist-800-53,Rev.5,AU-2,,contributing,satisfies,content/cat-04-cloud-infrastructure/UC-4.2.128.json
4.2.129,Azure Compute images Delete,high,nist-800-53,Rev.5,AU-2,,contributing,satisfies,content/cat-04-cloud-infrastructure/UC-4.2.129.json
4.2.130,Azure Compute availabilitySets Create or Update,high,nist-800-53,Rev.5,AU-2,,contributing,satisfies,content/cat-04-cloud-infrastructure/UC-4.2.130.json
4.2.131,Azure Compute availabilitySets Delete,high,nist-800-53,Rev.5,AU-2,,contributing,satisfies,content/cat-04-cloud-infrastructure/UC-4.2.131.json
4.2.132,Azure Compute proximityPlacementGroups Create or Update,high,nist-800-53,Rev.5,AU-2,,contributing,satisfies,content/cat-04-cloud-infrastructure/UC-4.2.132.json
4.2.133,Azure Compute proximityPlacementGroups Delete,high,nist-800-53,Rev.5,AU-2,,contributing,satisfies,content/cat-04-cloud-infrastructure/UC-4.2.133.json
4.2.134,Azure Network networkInterfaces Create or Update,high,nist-800-53,Rev.5,AU-2,,contributing,satisfies,content/cat-04-cloud-infrastructure/UC-4.2.134.json
4.2.135,Azure Network networkInterfaces Delete,high,nist-800-53,Rev.5,AU-2,,contributing,satisfies,content/cat-04-cloud-infrastructure/UC-4.2.135.json
4.2.136,Azure Network loadBalancers Create or Update,high,nist-800-53,Rev.5,AU-2,,contributing,satisfies,content/cat-04-cloud-infrastructure/UC-4.2.136.json
4.2.137,Azure Network loadBalancers Delete,high,nist-800-53,Rev.5,AU-2,,contributing,satisfies,content/cat-04-cloud-infrastructure/UC-4.2.137.json
4.2.138,Azure Network applicationGateways Create or Update,high,nist-800-53,Rev.5,AU-2,,contributing,satisfies,content/cat-04-cloud-infrastructure/UC-4.2.138.json
4.2.139,Azure Network applicationGateways Delete,high,nist-800-53,Rev.5,AU-2,,contributing,satisfies,content/cat-04-cloud-infrastructure/UC-4.2.139.json
4.2.140,Azure Network routeTables Create or Update,high,nist-800-53,Rev.5,AU-2,,contributing,satisfies,content/cat-04-cloud-infrastructure/UC-4.2.140.json
4.2.141,Azure Network routeTables Delete,high,nist-800-53,Rev.5,AU-2,,contributing,satisfies,content/cat-04-cloud-infrastructure/UC-4.2.141.json
4.2.142,Azure Network virtualNetworkGateways Create or Update,high,nist-800-53,Rev.5,AU-2,,contributing,satisfies,content/cat-04-cloud-infrastructure/UC-4.2.142.json
4.2.143,Azure Network virtualNetworkGateways Delete,high,nist-800-53,Rev.5,AU-2,,contributing,satisfies,content/cat-04-cloud-infrastructure/UC-4.2.143.json
4.2.144,Azure Network localNetworkGateways Create or Update,high,nist-800-53,Rev.5,AU-2,,contributing,satisfies,content/cat-04-cloud-infrastructure/UC-4.2.144.json
4.2.145,Azure Network localNetworkGateways Delete,high,nist-800-53,Rev.5,AU-2,,contributing,satisfies,content/cat-04-cloud-infrastructure/UC-4.2.145.json
4.2.146,Azure Network connections Create or Update,high,nist-800-53,Rev.5,AU-2,,contributing,satisfies,content/cat-04-cloud-infrastructure/UC-4.2.146.json
4.2.147,Azure Network connections Delete,high,nist-800-53,Rev.5,AU-2,,contributing,satisfies,content/cat-04-cloud-infrastructure/UC-4.2.147.json
4.2.148,Azure Network bastionHosts Create or Update,high,nist-800-53,Rev.5,AU-2,,contributing,satisfies,content/cat-04-cloud-infrastructure/UC-4.2.148.json
4.2.149,Azure Network bastionHosts Delete,high,nist-800-53,Rev.5,AU-2,,contributing,satisfies,content/cat-04-cloud-infrastructure/UC-4.2.149.json
4.2.150,Azure Network privateDnsZones Create or Update,high,nist-800-53,Rev.5,AU-2,,contributing,satisfies,content/cat-04-cloud-infrastructure/UC-4.2.150.json
4.2.151,Azure Network privateDnsZones Delete,high,nist-800-53,Rev.5,AU-2,,contributing,satisfies,content/cat-04-cloud-infrastructure/UC-4.2.151.json
4.2.152,Azure Network dnszones Create or Update,high,nist-800-53,Rev.5,AU-2,,contributing,satisfies,content/cat-04-cloud-infrastructure/UC-4.2.152.json
4.2.153,Azure Network dnszones Delete,high,nist-800-53,Rev.5,AU-2,,contributing,satisfies,content/cat-04-cloud-infrastructure/UC-4.2.153.json
4.2.154,Azure Network trafficManagerProfiles Create or Update,high,nist-800-53,Rev.5,AU-2,,contributing,satisfies,content/cat-04-cloud-infrastructure/UC-4.2.154.json
4.2.155,Azure Network trafficManagerProfiles Delete,high,nist-800-53,Rev.5,AU-2,,contributing,satisfies,content/cat-04-cloud-infrastructure/UC-4.2.155.json
4.2.156,Azure Storage blobServices Create or Update,high,nist-800-53,Rev.5,AU-2,,contributing,satisfies,content/cat-04-cloud-infrastructure/UC-4.2.156.json
4.2.157,Azure Storage blobServices Delete,high,nist-800-53,Rev.5,AU-2,,contributing,satisfies,content/cat-04-cloud-infrastructure/UC-4.2.157.json
4.2.158,Azure Storage fileServices Create or Update,high,nist-800-53,Rev.5,AU-2,,contributing,satisfies,content/cat-04-cloud-infrastructure/UC-4.2.158.json
4.2.159,Azure Storage fileServices Delete,high,nist-800-53,Rev.5,AU-2,,contributing,satisfies,content/cat-04-cloud-infrastructure/UC-4.2.159.json
4.2.160,Azure Storage queueServices Create or Update,high,nist-800-53,Rev.5,AU-2,,contributing,satisfies,content/cat-04-cloud-infrastructure/UC-4.2.160.json
4.2.161,Azure Storage queueServices Delete,high,nist-800-53,Rev.5,AU-2,,contributing,satisfies,content/cat-04-cloud-infrastructure/UC-4.2.161.json
4.2.162,Azure Storage tableServices Create or Update,high,nist-800-53,Rev.5,AU-2,,contributing,satisfies,content/cat-04-cloud-infrastructure/UC-4.2.162.json
4.2.163,Azure Storage tableServices Delete,high,nist-800-53,Rev.5,AU-2,,contributing,satisfies,content/cat-04-cloud-infrastructure/UC-4.2.163.json
4.2.164,Azure KeyVault secrets Create or Update,high,nist-800-53,Rev.5,AU-2,,contributing,satisfies,content/cat-04-cloud-infrastructure/UC-4.2.164.json
4.2.165,Azure KeyVault secrets Delete,high,nist-800-53,Rev.5,AU-2,,contributing,satisfies,content/cat-04-cloud-infrastructure/UC-4.2.165.json
4.2.166,Azure KeyVault keys Create or Update,high,nist-800-53,Rev.5,AU-2,,contributing,satisfies,content/cat-04-cloud-infrastructure/UC-4.2.166.json
4.2.167,Azure KeyVault keys Delete,high,nist-800-53,Rev.5,AU-2,,contributing,satisfies,content/cat-04-cloud-infrastructure/UC-4.2.167.json
4.2.168,Azure KeyVault certificates Create or Update,high,nist-800-53,Rev.5,AU-2,,contributing,satisfies,content/cat-04-cloud-infrastructure/UC-4.2.168.json
4.2.169,Azure KeyVault certificates Delete,high,nist-800-53,Rev.5,AU-2,,contributing,satisfies,content/cat-04-cloud-infrastructure/UC-4.2.169.json
4.2.170,Azure Sql databases Create or Update,high,nist-800-53,Rev.5,AU-2,,contributing,satisfies,content/cat-04-cloud-infrastructure/UC-4.2.170.json
4.2.171,Azure Sql databases Delete,high,nist-800-53,Rev.5,AU-2,,contributing,satisfies,content/cat-04-cloud-infrastructure/UC-4.2.171.json
4.2.172,Azure Sql elasticPools Create or Update,high,nist-800-53,Rev.5,AU-2,,contributing,satisfies,content/cat-04-cloud-infrastructure/UC-4.2.172.json
4.2.173,Azure Sql elasticPools Delete,high,nist-800-53,Rev.5,AU-2,,contributing,satisfies,content/cat-04-cloud-infrastructure/UC-4.2.173.json
4.2.174,Azure Sql managedInstances Create or Update,high,nist-800-53,Rev.5,AU-2,,contributing,satisfies,content/cat-04-cloud-infrastructure/UC-4.2.174.json
4.2.175,Azure Sql managedInstances Delete,high,nist-800-53,Rev.5,AU-2,,contributing,satisfies,content/cat-04-cloud-infrastructure/UC-4.2.175.json
4.2.176,Azure DocumentDB sqlDatabases Create or Update,high,nist-800-53,Rev.5,AU-2,,contributing,satisfies,content/cat-04-cloud-infrastructure/UC-4.2.176.json
4.2.177,Azure DocumentDB sqlDatabases Delete,high,nist-800-53,Rev.5,AU-2,,contributing,satisfies,content/cat-04-cloud-infrastructure/UC-4.2.177.json
4.2.178,Azure DocumentDB mongodbDatabases Create or Update,high,nist-800-53,Rev.5,AU-2,,contributing,satisfies,content/cat-04-cloud-infrastructure/UC-4.2.178.json
4.2.179,Azure DocumentDB mongodbDatabases Delete,high,nist-800-53,Rev.5,AU-2,,contributing,satisfies,content/cat-04-cloud-infrastructure/UC-4.2.179.json
4.2.180,Azure Cache Redis Create or Update,high,nist-800-53,Rev.5,AU-2,,contributing,satisfies,content/cat-04-cloud-infrastructure/UC-4.2.180.json
4.2.181,Azure Cache Redis Delete,high,nist-800-53,Rev.5,AU-2,,contributing,satisfies,content/cat-04-cloud-infrastructure/UC-4.2.181.json
4.2.182,Azure ServiceBus namespaces Create or Update,high,nist-800-53,Rev.5,AU-2,,contributing,satisfies,content/cat-04-cloud-infrastructure/UC-4.2.182.json
4.2.183,Azure ServiceBus namespaces Delete,high,nist-800-53,Rev.5,AU-2,,contributing,satisfies,content/cat-04-cloud-infrastructure/UC-4.2.183.json
4.2.184,Azure EventHub eventhubs Create or Update,high,nist-800-53,Rev.5,AU-2,,contributing,satisfies,content/cat-04-cloud-infrastructure/UC-4.2.184.json
4.2.185,Azure EventHub eventhubs Delete,high,nist-800-53,Rev.5,AU-2,,contributing,satisfies,content/cat-04-cloud-infrastructure/UC-4.2.185.json
4.2.186,Azure Web serverfarms Create or Update,high,nist-800-53,Rev.5,AU-2,,contributing,satisfies,content/cat-04-cloud-infrastructure/UC-4.2.186.json
4.2.187,Azure Web serverfarms Delete,high,nist-800-53,Rev.5,AU-2,,contributing,satisfies,content/cat-04-cloud-infrastructure/UC-4.2.187.json
4.2.188,Azure Web slots Create or Update,high,nist-800-53,Rev.5,AU-2,,contributing,satisfies,content/cat-04-cloud-infrastructure/UC-4.2.188.json
4.2.189,Azure Web slots Delete,high,nist-800-53,Rev.5,AU-2,,contributing,satisfies,content/cat-04-cloud-infrastructure/UC-4.2.189.json
4.2.190,Azure ContainerService agentPools Create or Update,high,nist-800-53,Rev.5,AU-2,,contributing,satisfies,content/cat-04-cloud-infrastructure/UC-4.2.190.json
4.2.191,Azure ContainerService agentPools Delete,high,nist-800-53,Rev.5,AU-2,,contributing,satisfies,content/cat-04-cloud-infrastructure/UC-4.2.191.json
4.2.192,Azure ContainerRegistry registries Create or Update,high,nist-800-53,Rev.5,AU-2,,contributing,satisfies,content/cat-04-cloud-infrastructure/UC-4.2.192.json
4.2.193,Azure ContainerRegistry registries Delete,high,nist-800-53,Rev.5,AU-2,,contributing,satisfies,content/cat-04-cloud-infrastructure/UC-4.2.193.json
4.2.194,Azure OperationalInsights workspaces Create or Update,high,nist-800-53,Rev.5,AU-2,,contributing,satisfies,content/cat-04-cloud-infrastructure/UC-4.2.194.json
4.2.195,Azure OperationalInsights workspaces Delete,high,nist-800-53,Rev.5,AU-2,,contributing,satisfies,content/cat-04-cloud-infrastructure/UC-4.2.195.json
4.2.196,Azure Insights components Create or Update,high,nist-800-53,Rev.5,AU-2,,contributing,satisfies,content/cat-04-cloud-infrastructure/UC-4.2.196.json
4.2.197,Azure Insights components Delete,high,nist-800-53,Rev.5,AU-2,,contributing,satisfies,content/cat-04-cloud-infrastructure/UC-4.2.197.json
4.2.198,Azure Insights actiongroups Create or Update,high,nist-800-53,Rev.5,AU-2,,contributing,satisfies,content/cat-04-cloud-infrastructure/UC-4.2.198.json
4.2.199,Azure Insights actiongroups Delete,high,nist-800-53,Rev.5,AU-2,,contributing,satisfies,content/cat-04-cloud-infrastructure/UC-4.2.199.json
4.2.200,Azure Insights scheduledqueryrules Create or Update,high,nist-800-53,Rev.5,AU-2,,contributing,satisfies,content/cat-04-cloud-infrastructure/UC-4.2.200.json
4.2.201,Azure Insights scheduledqueryrules Delete,high,nist-800-53,Rev.5,AU-2,,contributing,satisfies,content/cat-04-cloud-infrastructure/UC-4.2.201.json
4.2.202,Azure RecoveryServices backupFabrics Create or Update,high,nist-800-53,Rev.5,AU-2,,contributing,satisfies,content/cat-04-cloud-infrastructure/UC-4.2.202.json
4.2.203,Azure RecoveryServices backupFabrics Delete,high,nist-800-53,Rev.5,AU-2,,contributing,satisfies,content/cat-04-cloud-infrastructure/UC-4.2.203.json
4.2.204,Azure DataFactory factories Create or Update,high,nist-800-53,Rev.5,AU-2,,contributing,satisfies,content/cat-04-cloud-infrastructure/UC-4.2.204.json
4.2.205,Azure DataFactory factories Delete,high,nist-800-53,Rev.5,AU-2,,contributing,satisfies,content/cat-04-cloud-infrastructure/UC-4.2.205.json
4.2.206,Azure Synapse bigDataPools Create or Update,high,nist-800-53,Rev.5,AU-2,,contributing,satisfies,content/cat-04-cloud-infrastructure/UC-4.2.206.json
4.2.207,Azure Synapse bigDataPools Delete,high,nist-800-53,Rev.5,AU-2,,contributing,satisfies,content/cat-04-cloud-infrastructure/UC-4.2.207.json
4.2.208,Azure MachineLearningServices workspaces Create or Update,high,nist-800-53,Rev.5,AU-2,,contributing,satisfies,content/cat-04-cloud-infrastructure/UC-4.2.208.json
4.2.209,Azure MachineLearningServices workspaces Delete,high,nist-800-53,Rev.5,AU-2,,contributing,satisfies,content/cat-04-cloud-infrastructure/UC-4.2.209.json
4.2.210,Azure CognitiveServices accounts Create or Update,high,nist-800-53,Rev.5,AU-2,,contributing,satisfies,content/cat-04-cloud-infrastructure/UC-4.2.210.json
4.2.211,Azure CognitiveServices accounts Delete,high,nist-800-53,Rev.5,AU-2,,contributing,satisfies,content/cat-04-cloud-infrastructure/UC-4.2.211.json
4.2.212,Azure Search searchServices Create or Update,high,nist-800-53,Rev.5,AU-2,,contributing,satisfies,content/cat-04-cloud-infrastructure/UC-4.2.212.json
4.2.213,Azure Search searchServices Delete,high,nist-800-53,Rev.5,AU-2,,contributing,satisfies,content/cat-04-cloud-infrastructure/UC-4.2.213.json
4.2.214,Azure Logic workflows Create or Update,high,nist-800-53,Rev.5,AU-2,,contributing,satisfies,content/cat-04-cloud-infrastructure/UC-4.2.214.json
4.2.215,Azure Logic workflows Delete,high,nist-800-53,Rev.5,AU-2,,contributing,satisfies,content/cat-04-cloud-infrastructure/UC-4.2.215.json
4.2.216,Azure Automation automationAccounts Create or Update,high,nist-800-53,Rev.5,AU-2,,contributing,satisfies,content/cat-04-cloud-infrastructure/UC-4.2.216.json
4.2.217,Azure Automation automationAccounts Delete,high,nist-800-53,Rev.5,AU-2,,contributing,satisfies,content/cat-04-cloud-infrastructure/UC-4.2.217.json
4.2.218,Azure Batch batchAccounts Create or Update,high,nist-800-53,Rev.5,AU-2,,contributing,satisfies,content/cat-04-cloud-infrastructure/UC-4.2.218.json
4.2.219,Azure Batch batchAccounts Delete,high,nist-800-53,Rev.5,AU-2,,contributing,satisfies,content/cat-04-cloud-infrastructure/UC-4.2.219.json
4.2.220,Azure ContainerInstance containerGroups Create or Update,high,nist-800-53,Rev.5,AU-2,,contributing,satisfies,content/cat-04-cloud-infrastructure/UC-4.2.220.json
4.2.221,Azure ContainerInstance containerGroups Delete,high,nist-800-53,Rev.5,AU-2,,contributing,satisfies,content/cat-04-cloud-infrastructure/UC-4.2.221.json
4.2.222,Azure Kusto clusters Create or Update,high,nist-800-53,Rev.5,AU-2,,contributing,satisfies,content/cat-04-cloud-infrastructure/UC-4.2.222.json
4.2.223,Azure Kusto clusters Delete,high,nist-800-53,Rev.5,AU-2,,contributing,satisfies,content/cat-04-cloud-infrastructure/UC-4.2.223.json
4.2.224,Azure DBforPostgreSQL servers Create or Update,high,nist-800-53,Rev.5,AU-2,,contributing,satisfies,content/cat-04-cloud-infrastructure/UC-4.2.224.json
4.2.225,Azure DBforPostgreSQL servers Delete,high,nist-800-53,Rev.5,AU-2,,contributing,satisfies,content/cat-04-cloud-infrastructure/UC-4.2.225.json
4.2.226,Azure DBforMySQL servers Create or Update,high,nist-800-53,Rev.5,AU-2,,contributing,satisfies,content/cat-04-cloud-infrastructure/UC-4.2.226.json
4.2.227,Azure DBforMySQL servers Delete,high,nist-800-53,Rev.5,AU-2,,contributing,satisfies,content/cat-04-cloud-infrastructure/UC-4.2.227.json
4.2.228,Azure DBforMariaDB servers Create or Update,high,nist-800-53,Rev.5,AU-2,,contributing,satisfies,content/cat-04-cloud-infrastructure/UC-4.2.228.json
4.2.229,Azure DBforMariaDB servers Delete,high,nist-800-53,Rev.5,AU-2,,contributing,satisfies,content/cat-04-cloud-infrastructure/UC-4.2.229.json
4.2.230,Azure Network firewallPolicies Create or Update,high,nist-800-53,Rev.5,AU-2,,contributing,satisfies,content/cat-04-cloud-infrastructure/UC-4.2.230.json
4.2.231,Azure Network firewallPolicies Delete,high,nist-800-53,Rev.5,AU-2,,contributing,satisfies,content/cat-04-cloud-infrastructure/UC-4.2.231.json
4.2.232,Azure Network azureFirewalls Create or Update,high,nist-800-53,Rev.5,AU-2,,contributing,satisfies,content/cat-04-cloud-infrastructure/UC-4.2.232.json
4.2.233,Azure Network azureFirewalls Delete,high,nist-800-53,Rev.5,AU-2,,contributing,satisfies,content/cat-04-cloud-infrastructure/UC-4.2.233.json
4.2.234,Azure Network ddosProtectionPlans Create or Update,high,nist-800-53,Rev.5,AU-2,,contributing,satisfies,content/cat-04-cloud-infrastructure/UC-4.2.234.json
4.2.235,Azure Network ddosProtectionPlans Delete,high,nist-800-53,Rev.5,AU-2,,contributing,satisfies,content/cat-04-cloud-infrastructure/UC-4.2.235.json
4.2.236,Azure Authorization locks Create or Update,high,nist-800-53,Rev.5,AU-2,,contributing,satisfies,content/cat-04-cloud-infrastructure/UC-4.2.236.json
4.2.237,Azure Authorization locks Delete,high,nist-800-53,Rev.5,AU-2,,contributing,satisfies,content/cat-04-cloud-infrastructure/UC-4.2.237.json
4.2.238,Azure Resources deployments Create or Update,high,nist-800-53,Rev.5,AU-2,,contributing,satisfies,content/cat-04-cloud-infrastructure/UC-4.2.238.json
4.2.239,Azure Resources deployments Delete,high,nist-800-53,Rev.5,AU-2,,contributing,satisfies,content/cat-04-cloud-infrastructure/UC-4.2.239.json
4.2.240,Azure Resources tags Create or Update,high,nist-800-53,Rev.5,AU-2,,contributing,satisfies,content/cat-04-cloud-infrastructure/UC-4.2.240.json
4.2.241,Azure Resources tags Delete,high,nist-800-53,Rev.5,AU-2,,contributing,satisfies,content/cat-04-cloud-infrastructure/UC-4.2.241.json
4.2.242,Azure ManagedIdentity userAssignedIdentities Create or Update,high,nist-800-53,Rev.5,AU-2,,contributing,satisfies,content/cat-04-cloud-infrastructure/UC-4.2.242.json
4.2.243,Azure ManagedIdentity userAssignedIdentities Delete,high,nist-800-53,Rev.5,AU-2,,contributing,satisfies,content/cat-04-cloud-infrastructure/UC-4.2.243.json
4.2.244,Azure ApiManagement service Create or Update,high,nist-800-53,Rev.5,AU-2,,contributing,satisfies,content/cat-04-cloud-infrastructure/UC-4.2.244.json
4.2.245,Azure ApiManagement service Delete,high,nist-800-53,Rev.5,AU-2,,contributing,satisfies,content/cat-04-cloud-infrastructure/UC-4.2.245.json
4.2.246,Azure Cdn profiles Create or Update,high,nist-800-53,Rev.5,AU-2,,contributing,satisfies,content/cat-04-cloud-infrastructure/UC-4.2.246.json
4.2.247,Azure Cdn profiles Delete,high,nist-800-53,Rev.5,AU-2,,contributing,satisfies,content/cat-04-cloud-infrastructure/UC-4.2.247.json
4.2.248,Azure Cdn endpoints Create or Update,high,nist-800-53,Rev.5,AU-2,,contributing,satisfies,content/cat-04-cloud-infrastructure/UC-4.2.248.json
4.2.249,Azure Cdn endpoints Delete,high,nist-800-53,Rev.5,AU-2,,contributing,satisfies,content/cat-04-cloud-infrastructure/UC-4.2.249.json
4.2.250,Azure SignalRService SignalR Create or Update,high,nist-800-53,Rev.5,AU-2,,contributing,satisfies,content/cat-04-cloud-infrastructure/UC-4.2.250.json
4.2.251,Azure SignalRService SignalR Delete,high,nist-800-53,Rev.5,AU-2,,contributing,satisfies,content/cat-04-cloud-infrastructure/UC-4.2.251.json
4.2.252,Azure NotificationHubs namespaces Create or Update,high,nist-800-53,Rev.5,AU-2,,contributing,satisfies,content/cat-04-cloud-infrastructure/UC-4.2.252.json
4.2.253,Azure NotificationHubs namespaces Delete,high,nist-800-53,Rev.5,AU-2,,contributing,satisfies,content/cat-04-cloud-infrastructure/UC-4.2.253.json
4.2.254,Azure PowerBIDedicated capacities Create or Update,high,nist-800-53,Rev.5,AU-2,,contributing,satisfies,content/cat-04-cloud-infrastructure/UC-4.2.254.json
4.2.255,Azure PowerBIDedicated capacities Delete,high,nist-800-53,Rev.5,AU-2,,contributing,satisfies,content/cat-04-cloud-infrastructure/UC-4.2.255.json
4.2.256,Azure HDInsight clusters Create or Update,high,nist-800-53,Rev.5,AU-2,,contributing,satisfies,content/cat-04-cloud-infrastructure/UC-4.2.256.json
4.2.257,Azure HDInsight clusters Delete,high,nist-800-53,Rev.5,AU-2,,contributing,satisfies,content/cat-04-cloud-infrastructure/UC-4.2.257.json
4.2.258,Azure DataLakeStore accounts Create or Update,high,nist-800-53,Rev.5,AU-2,,contributing,satisfies,content/cat-04-cloud-infrastructure/UC-4.2.258.json
4.2.259,Azure DataLakeStore accounts Delete,high,nist-800-53,Rev.5,AU-2,,contributing,satisfies,content/cat-04-cloud-infrastructure/UC-4.2.259.json
4.2.260,Azure DataLakeAnalytics accounts Create or Update,high,nist-800-53,Rev.5,AU-2,,contributing,satisfies,content/cat-04-cloud-infrastructure/UC-4.2.260.json
4.2.261,Azure DataLakeAnalytics accounts Delete,high,nist-800-53,Rev.5,AU-2,,contributing,satisfies,content/cat-04-cloud-infrastructure/UC-4.2.261.json
4.2.262,Azure StreamAnalytics streamingjobs Create or Update,high,nist-800-53,Rev.5,AU-2,,contributing,satisfies,content/cat-04-cloud-infrastructure/UC-4.2.262.json
4.2.263,Azure StreamAnalytics streamingjobs Delete,high,nist-800-53,Rev.5,AU-2,,contributing,satisfies,content/cat-04-cloud-infrastructure/UC-4.2.263.json
4.2.264,Azure TimeSeriesInsights environments Create or Update,high,nist-800-53,Rev.5,AU-2,,contributing,satisfies,content/cat-04-cloud-infrastructure/UC-4.2.264.json
4.2.265,Azure TimeSeriesInsights environments Delete,high,nist-800-53,Rev.5,AU-2,,contributing,satisfies,content/cat-04-cloud-infrastructure/UC-4.2.265.json
4.2.266,Azure Devices IotHubs Create or Update,high,nist-800-53,Rev.5,AU-2,,contributing,satisfies,content/cat-04-cloud-infrastructure/UC-4.2.266.json
4.2.267,Azure Devices IotHubs Delete,high,nist-800-53,Rev.5,AU-2,,contributing,satisfies,content/cat-04-cloud-infrastructure/UC-4.2.267.json
4.2.268,Azure Maps accounts Create or Update,high,nist-800-53,Rev.5,AU-2,,contributing,satisfies,content/cat-04-cloud-infrastructure/UC-4.2.268.json
4.2.269,Azure Maps accounts Delete,high,nist-800-53,Rev.5,AU-2,,contributing,satisfies,content/cat-04-cloud-infrastructure/UC-4.2.269.json
4.2.270,Azure Media mediaServices Create or Update,high,nist-800-53,Rev.5,AU-2,,contributing,satisfies,content/cat-04-cloud-infrastructure/UC-4.2.270.json
4.2.271,Azure Media mediaServices Delete,high,nist-800-53,Rev.5,AU-2,,contributing,satisfies,content/cat-04-cloud-infrastructure/UC-4.2.271.json
4.2.272,Azure HealthcareApis services Create or Update,high,nist-800-53,Rev.5,AU-2,,contributing,satisfies,content/cat-04-cloud-infrastructure/UC-4.2.272.json
4.2.273,Azure HealthcareApis services Delete,high,nist-800-53,Rev.5,AU-2,,contributing,satisfies,content/cat-04-cloud-infrastructure/UC-4.2.273.json
4.2.274,Azure Databricks workspaces Create or Update,high,nist-800-53,Rev.5,AU-2,,contributing,satisfies,content/cat-04-cloud-infrastructure/UC-4.2.274.json
4.2.275,Azure Databricks workspaces Delete,high,nist-800-53,Rev.5,AU-2,,contributing,satisfies,content/cat-04-cloud-infrastructure/UC-4.2.275.json
4.2.276,Azure App containerApps Create or Update,high,nist-800-53,Rev.5,AU-2,,contributing,satisfies,content/cat-04-cloud-infrastructure/UC-4.2.276.json
4.2.277,Azure App containerApps Delete,high,nist-800-53,Rev.5,AU-2,,contributing,satisfies,content/cat-04-cloud-infrastructure/UC-4.2.277.json
4.2.278,Azure App managedEnvironments Create or Update,high,nist-800-53,Rev.5,AU-2,,contributing,satisfies,content/cat-04-cloud-infrastructure/UC-4.2.278.json
4.2.279,Azure App managedEnvironments Delete,high,nist-800-53,Rev.5,AU-2,,contributing,satisfies,content/cat-04-cloud-infrastructure/UC-4.2.279.json
4.2.280,Azure AppPlatform Spring Create or Update,high,nist-800-53,Rev.5,AU-2,,contributing,satisfies,content/cat-04-cloud-infrastructure/UC-4.2.280.json
4.2.281,Azure AppPlatform Spring Delete,high,nist-800-53,Rev.5,AU-2,,contributing,satisfies,content/cat-04-cloud-infrastructure/UC-4.2.281.json
4.2.282,Azure Network virtualWans Create or Update,high,nist-800-53,Rev.5,AU-2,,contributing,satisfies,content/cat-04-cloud-infrastructure/UC-4.2.282.json
4.2.283,Azure Network virtualWans Delete,high,nist-800-53,Rev.5,AU-2,,contributing,satisfies,content/cat-04-cloud-infrastructure/UC-4.2.283.json
4.2.284,Azure Network vpnSites Create or Update,high,nist-800-53,Rev.5,AU-2,,contributing,satisfies,content/cat-04-cloud-infrastructure/UC-4.2.284.json
4.2.285,Azure Network vpnSites Delete,high,nist-800-53,Rev.5,AU-2,,contributing,satisfies,content/cat-04-cloud-infrastructure/UC-4.2.285.json
4.2.286,Azure Network vpnGateways Create or Update,high,nist-800-53,Rev.5,AU-2,,contributing,satisfies,content/cat-04-cloud-infrastructure/UC-4.2.286.json
4.2.287,Azure Network vpnGateways Delete,high,nist-800-53,Rev.5,AU-2,,contributing,satisfies,content/cat-04-cloud-infrastructure/UC-4.2.287.json
4.2.288,Azure Network expressRouteGateways Create or Update,high,nist-800-53,Rev.5,AU-2,,contributing,satisfies,content/cat-04-cloud-infrastructure/UC-4.2.288.json
4.2.289,Azure Network expressRouteGateways Delete,high,nist-800-53,Rev.5,AU-2,,contributing,satisfies,content/cat-04-cloud-infrastructure/UC-4.2.289.json
4.2.290,Azure Network natGateways Create or Update,high,nist-800-53,Rev.5,AU-2,,contributing,satisfies,content/cat-04-cloud-infrastructure/UC-4.2.290.json
4.2.291,Azure Network natGateways Delete,high,nist-800-53,Rev.5,AU-2,,contributing,satisfies,content/cat-04-cloud-infrastructure/UC-4.2.291.json
4.2.292,Azure Network publicIPPrefixes Create or Update,high,nist-800-53,Rev.5,AU-2,,contributing,satisfies,content/cat-04-cloud-infrastructure/UC-4.2.292.json
4.2.293,Azure Network publicIPPrefixes Delete,high,nist-800-53,Rev.5,AU-2,,contributing,satisfies,content/cat-04-cloud-infrastructure/UC-4.2.293.json
4.2.294,Azure Network networkWatchers Create or Update,high,nist-800-53,Rev.5,AU-2,,contributing,satisfies,content/cat-04-cloud-infrastructure/UC-4.2.294.json
4.2.295,Azure Network networkWatchers Delete,high,nist-800-53,Rev.5,AU-2,,contributing,satisfies,content/cat-04-cloud-infrastructure/UC-4.2.295.json
4.2.296,Azure Network flowLogs Create or Update,high,nist-800-53,Rev.5,AU-2,,contributing,satisfies,content/cat-04-cloud-infrastructure/UC-4.2.296.json
4.2.297,Azure Network flowLogs Delete,high,nist-800-53,Rev.5,AU-2,,contributing,satisfies,content/cat-04-cloud-infrastructure/UC-4.2.297.json
4.2.298,Azure Compute galleries Create or Update,high,nist-800-53,Rev.5,AU-2,,contributing,satisfies,content/cat-04-cloud-infrastructure/UC-4.2.298.json
4.2.299,Azure Compute galleries Delete,high,nist-800-53,Rev.5,AU-2,,contributing,satisfies,content/cat-04-cloud-infrastructure/UC-4.2.299.json
4.2.300,Azure Compute images Create or Update,high,nist-800-53,Rev.5,AU-2,,contributing,satisfies,content/cat-04-cloud-infrastructure/UC-4.2.300.json
4.2.301,Azure Compute images Delete,high,nist-800-53,Rev.5,AU-2,,contributing,satisfies,content/cat-04-cloud-infrastructure/UC-4.2.301.json
4.2.302,Azure Compute hostGroups Create or Update,high,nist-800-53,Rev.5,AU-2,,contributing,satisfies,content/cat-04-cloud-infrastructure/UC-4.2.302.json
4.2.303,Azure Compute hostGroups Delete,high,nist-800-53,Rev.5,AU-2,,contributing,satisfies,content/cat-04-cloud-infrastructure/UC-4.2.303.json
4.2.304,Azure Compute hosts Create or Update,high,nist-800-53,Rev.5,AU-2,,contributing,satisfies,content/cat-04-cloud-infrastructure/UC-4.2.304.json
4.2.305,Azure Compute hosts Delete,high,nist-800-53,Rev.5,AU-2,,contributing,satisfies,content/cat-04-cloud-infrastructure/UC-4.2.305.json
4.2.306,Azure Compute capacityReservationGroups Create or Update,high,nist-800-53,Rev.5,AU-2,,contributing,satisfies,content/cat-04-cloud-infrastructure/UC-4.2.306.json
4.2.307,Azure Compute capacityReservationGroups Delete,high,nist-800-53,Rev.5,AU-2,,contributing,satisfies,content/cat-04-cloud-infrastructure/UC-4.2.307.json
4.2.308,Azure Storage privateEndpointConnections Create or Update,high,nist-800-53,Rev.5,AU-2,,contributing,satisfies,content/cat-04-cloud-infrastructure/UC-4.2.308.json
4.2.309,Azure Storage privateEndpointConnections Delete,high,nist-800-53,Rev.5,AU-2,,contributing,satisfies,content/cat-04-cloud-infrastructure/UC-4.2.309.json
4.2.310,Azure Storage managementPolicies Create or Update,high,nist-800-53,Rev.5,AU-2,,contributing,satisfies,content/cat-04-cloud-infrastructure/UC-4.2.310.json
4.2.311,Azure Storage managementPolicies Delete,high,nist-800-53,Rev.5,AU-2,,contributing,satisfies,content/cat-04-cloud-infrastructure/UC-4.2.311.json
4.2.312,Azure Storage inventoryPolicies Create or Update,high,nist-800-53,Rev.5,AU-2,,contributing,satisfies,content/cat-04-cloud-infrastructure/UC-4.2.312.json
4.2.313,Azure Storage inventoryPolicies Delete,high,nist-800-53,Rev.5,AU-2,,contributing,satisfies,content/cat-04-cloud-infrastructure/UC-4.2.313.json
4.2.59,Azure Virtual Machine Creation,high,nist-800-53,Rev.5,AU-2,,contributing,satisfies,content/cat-04-cloud-infrastructure/UC-4.2.59.json
4.2.60,Azure Virtual Machine Deletion,high,nist-800-53,Rev.5,AU-2,,contributing,satisfies,content/cat-04-cloud-infrastructure/UC-4.2.60.json
4.2.61,Azure VM Power State Changes,high,nist-800-53,Rev.5,AU-2,,contributing,satisfies,content/cat-04-cloud-infrastructure/UC-4.2.61.json
4.2.62,Azure Network Security Group Rule Changes,high,nist-800-53,Rev.5,AU-2,,contributing,satisfies,content/cat-04-cloud-infrastructure/UC-4.2.62.json
4.2.63,Azure Virtual Network Changes,high,nist-800-53,Rev.5,AU-2,,contributing,satisfies,content/cat-04-cloud-infrastructure/UC-4.2.63.json
4.2.64,Azure Public IP Assignment,high,nist-800-53,Rev.5,AU-2,,contributing,satisfies,content/cat-04-cloud-infrastructure/UC-4.2.64.json
4.2.65,Azure Azure Firewall Policy Changes,high,nist-800-53,Rev.5,AU-2,,contributing,satisfies,content/cat-04-cloud-infrastructure/UC-4.2.65.json
4.2.66,Azure Load Balancer Configuration Changes,high,nist-800-53,Rev.5,AU-2,,contributing,satisfies,content/cat-04-cloud-infrastructure/UC-4.2.66.json
4.2.67,Azure Storage Account Creation,high,nist-800-53,Rev.5,AU-2,,contributing,satisfies,content/cat-04-cloud-infrastructure/UC-4.2.67.json
4.2.68,Azure Storage Account Key Regeneration,high,nist-800-53,Rev.5,AU-2,,contributing,satisfies,content/cat-04-cloud-infrastructure/UC-4.2.68.json
4.2.69,Azure Storage Blob Public Access Changes,high,nist-800-53,Rev.5,AU-2,,contributing,satisfies,content/cat-04-cloud-infrastructure/UC-4.2.69.json
4.2.70,Azure Key Vault Access Policy Changes,high,nist-800-53,Rev.5,AU-2,,contributing,satisfies,content/cat-04-cloud-infrastructure/UC-4.2.70.json
4.2.71,Azure Key Vault Secret Deletion,high,nist-800-53,Rev.5,AU-2,,contributing,satisfies,content/cat-04-cloud-infrastructure/UC-4.2.71.json
4.2.72,Azure SQL Database Firewall Changes,high,nist-800-53,Rev.5,AU-2,,contributing,satisfies,content/cat-04-cloud-infrastructure/UC-4.2.72.json
4.2.73,Azure SQL Database Creation,high,nist-800-53,Rev.5,AU-2,,contributing,satisfies,content/cat-04-cloud-infrastructure/UC-4.2.73.json
4.2.74,Azure Cosmos DB Account Changes,high,nist-800-53,Rev.5,AU-2,,contributing,satisfies,content/cat-04-cloud-infrastructure/UC-4.2.74.json
4.2.75,Azure AKS Cluster Creation,high,nist-800-53,Rev.5,AU-2,,contributing,satisfies,content/cat-04-cloud-infrastructure/UC-4.2.75.json
4.2.76,Azure App Service Configuration Changes,high,nist-800-53,Rev.5,AU-2,,contributing,satisfies,content/cat-04-cloud-infrastructure/UC-4.2.76.json
4.2.77,Azure Function App Changes,high,nist-800-53,Rev.5,AU-2,,contributing,satisfies,content/cat-04-cloud-infrastructure/UC-4.2.77.json
4.2.78,Azure Role Assignment Creation,high,nist-800-53,Rev.5,AU-2,,contributing,satisfies,content/cat-04-cloud-infrastructure/UC-4.2.78.json
4.2.79,Azure Custom Role Definition Changes,high,nist-800-53,Rev.5,AU-2,,contributing,satisfies,content/cat-04-cloud-infrastructure/UC-4.2.79.json
4.2.80,Azure Policy Assignment Changes,high,nist-800-53,Rev.5,AU-2,,contributing,satisfies,content/cat-04-cloud-infrastructure/UC-4.2.80.json
4.2.81,Azure Diagnostic Settings Changes,high,nist-800-53,Rev.5,AU-2,,contributing,satisfies,content/cat-04-cloud-infrastructure/UC-4.2.81.json
4.2.82,Azure Activity Log Alert Deletion,high,nist-800-53,Rev.5,AU-2,,contributing,satisfies,content/cat-04-cloud-infrastructure/UC-4.2.82.json
4.2.83,Azure Resource Group Deletion,high,nist-800-53,Rev.5,AU-2,,contributing,satisfies,content/cat-04-cloud-infrastructure/UC-4.2.83.json
4.2.84,Azure Azure AD Conditional Access Policy Changes,high,nist-800-53,Rev.5,AU-2,,contributing,satisfies,content/cat-04-cloud-infrastructure/UC-4.2.84.json
4.2.85,Azure Entra ID User Creation,high,nist-800-53,Rev.5,AU-2,,contributing,satisfies,content/cat-04-cloud-infrastructure/UC-4.2.85.json
4.2.86,Azure Entra ID Privileged Role Assignment,high,nist-800-53,Rev.5,AU-2,,contributing,satisfies,content/cat-04-cloud-infrastructure/UC-4.2.86.json
4.2.87,Azure Service Principal Credential Changes,high,nist-800-53,Rev.5,AU-2,,contributing,satisfies,content/cat-04-cloud-infrastructure/UC-4.2.87.json
4.2.88,Azure Defender for Cloud Alert Ingestion,high,nist-800-53,Rev.5,AU-2,,contributing,satisfies,content/cat-04-cloud-infrastructure/UC-4.2.88.json
4.2.89,Azure Azure Backup Vault Changes,high,nist-800-53,Rev.5,AU-2,,contributing,satisfies,content/cat-04-cloud-infrastructure/UC-4.2.89.json
4.2.90,Azure ExpressRoute Circuit Changes,high,nist-800-53,Rev.5,AU-2,,contributing,satisfies,content/cat-04-cloud-infrastructure/UC-4.2.90.json
4.2.91,Azure Private Endpoint Changes,high,nist-800-53,Rev.5,AU-2,,contributing,satisfies,content/cat-04-cloud-infrastructure/UC-4.2.91.json
4.2.92,Azure DNS Zone Record Changes,high,nist-800-53,Rev.5,AU-2,,contributing,satisfies,content/cat-04-cloud-infrastructure/UC-4.2.92.json
4.2.93,Azure Automation Account Runbook Changes,high,nist-800-53,Rev.5,AU-2,,contributing,satisfies,content/cat-04-cloud-infrastructure/UC-4.2.93.json
4.2.94,Azure Logic App Workflow Changes,high,nist-800-53,Rev.5,AU-2,,contributing,satisfies,content/cat-04-cloud-infrastructure/UC-4.2.94.json
4.2.95,Azure Event Hub Authorization Rule Changes,high,nist-800-53,Rev.5,AU-2,,contributing,satisfies,content/cat-04-cloud-infrastructure/UC-4.2.95.json
4.2.96,Azure Synapse Workspace Changes,high,nist-800-53,Rev.5,AU-2,,contributing,satisfies,content/cat-04-cloud-infrastructure/UC-4.2.96.json
4.2.97,Azure Front Door WAF Policy Changes,high,nist-800-53,Rev.5,AU-2,,contributing,satisfies,content/cat-04-cloud-infrastructure/UC-4.2.97.json
4.3.100,GCP Compute image delete,high,nist-800-53,Rev.5,AU-2,,contributing,satisfies,content/cat-04-cloud-infrastructure/UC-4.3.100.json
4.3.101,GCP Instance group create,high,nist-800-53,Rev.5,AU-2,,contributing,satisfies,content/cat-04-cloud-infrastructure/UC-4.3.101.json
4.3.102,GCP Health check create,high,nist-800-53,Rev.5,AU-2,,contributing,satisfies,content/cat-04-cloud-infrastructure/UC-4.3.102.json
4.3.103,GCP SSL certificate create,high,nist-800-53,Rev.5,AU-2,,contributing,satisfies,content/cat-04-cloud-infrastructure/UC-4.3.103.json
4.3.104,GCP URL map create,high,nist-800-53,Rev.5,AU-2,,contributing,satisfies,content/cat-04-cloud-infrastructure/UC-4.3.104.json
4.3.105,GCP HTTP proxy create,high,nist-800-53,Rev.5,AU-2,,contributing,satisfies,content/cat-04-cloud-infrastructure/UC-4.3.105.json
4.3.106,GCP Global forwarding rule create,high,nist-800-53,Rev.5,AU-2,,contributing,satisfies,content/cat-04-cloud-infrastructure/UC-4.3.106.json
4.3.107,GCP VPC network create,high,nist-800-53,Rev.5,AU-2,,contributing,satisfies,content/cat-04-cloud-infrastructure/UC-4.3.107.json
4.3.108,GCP Subnet create,high,nist-800-53,Rev.5,AU-2,,contributing,satisfies,content/cat-04-cloud-infrastructure/UC-4.3.108.json
4.3.109,GCP Cloud Router create,high,nist-800-53,Rev.5,AU-2,,contributing,satisfies,content/cat-04-cloud-infrastructure/UC-4.3.109.json
4.3.110,GCP VPN tunnel create,high,nist-800-53,Rev.5,AU-2,,contributing,satisfies,content/cat-04-cloud-infrastructure/UC-4.3.110.json
4.3.111,GCP GCS bucket update,high,nist-800-53,Rev.5,AU-2,,contributing,satisfies,content/cat-04-cloud-infrastructure/UC-4.3.111.json
4.3.112,GCP GCS object create,high,nist-800-53,Rev.5,AU-2,,contributing,satisfies,content/cat-04-cloud-infrastructure/UC-4.3.112.json
4.3.113,GCP GCS object delete,high,nist-800-53,Rev.5,AU-2,,contributing,satisfies,content/cat-04-cloud-infrastructure/UC-4.3.113.json
4.3.114,GCP BigQuery dataset create,high,nist-800-53,Rev.5,AU-2,,contributing,satisfies,content/cat-04-cloud-infrastructure/UC-4.3.114.json
4.3.115,GCP BigQuery job create,high,nist-800-53,Rev.5,AU-2,,contributing,satisfies,content/cat-04-cloud-infrastructure/UC-4.3.115.json
4.3.116,GCP Pub/Sub topic create,high,nist-800-53,Rev.5,AU-2,,contributing,satisfies,content/cat-04-cloud-infrastructure/UC-4.3.116.json
4.3.117,GCP Pub/Sub subscription create,high,nist-800-53,Rev.5,AU-2,,contributing,satisfies,content/cat-04-cloud-infrastructure/UC-4.3.117.json
4.3.118,GCP Cloud Function delete,high,nist-800-53,Rev.5,AU-2,,contributing,satisfies,content/cat-04-cloud-infrastructure/UC-4.3.118.json
4.3.119,GCP Cloud Run service create,high,nist-800-53,Rev.5,AU-2,,contributing,satisfies,content/cat-04-cloud-infrastructure/UC-4.3.119.json
4.3.120,GCP Cloud Run service update,high,nist-800-53,Rev.5,AU-2,,contributing,satisfies,content/cat-04-cloud-infrastructure/UC-4.3.120.json
4.3.121,GCP GKE cluster update,high,nist-800-53,Rev.5,AU-2,,contributing,satisfies,content/cat-04-cloud-infrastructure/UC-4.3.121.json
4.3.122,GCP GKE node pool delete,high,nist-800-53,Rev.5,AU-2,,contributing,satisfies,content/cat-04-cloud-infrastructure/UC-4.3.122.json
4.3.123,GCP Cloud SQL instance update,high,nist-800-53,Rev.5,AU-2,,contributing,satisfies,content/cat-04-cloud-infrastructure/UC-4.3.123.json
4.3.124,GCP Cloud SQL restart,high,nist-800-53,Rev.5,AU-2,,contributing,satisfies,content/cat-04-cloud-infrastructure/UC-4.3.124.json
4.3.125,GCP Cloud SQL backup create,high,nist-800-53,Rev.5,AU-2,,contributing,satisfies,content/cat-04-cloud-infrastructure/UC-4.3.125.json
4.3.126,GCP Spanner instance create,high,nist-800-53,Rev.5,AU-2,,contributing,satisfies,content/cat-04-cloud-infrastructure/UC-4.3.126.json
4.3.127,GCP Spanner database create,high,nist-800-53,Rev.5,AU-2,,contributing,satisfies,content/cat-04-cloud-infrastructure/UC-4.3.127.json
4.3.128,GCP Memorystore Redis create,high,nist-800-53,Rev.5,AU-2,,contributing,satisfies,content/cat-04-cloud-infrastructure/UC-4.3.128.json
4.3.129,GCP Cloud Composer create,high,nist-800-53,Rev.5,AU-2,,contributing,satisfies,content/cat-04-cloud-infrastructure/UC-4.3.129.json
4.3.130,GCP Dataflow job create,high,nist-800-53,Rev.5,AU-2,,contributing,satisfies,content/cat-04-cloud-infrastructure/UC-4.3.130.json
4.3.131,GCP Dataproc cluster create,high,nist-800-53,Rev.5,AU-2,,contributing,satisfies,content/cat-04-cloud-infrastructure/UC-4.3.131.json
4.3.132,GCP Log bucket delete,high,nist-800-53,Rev.5,AU-2,,contributing,satisfies,content/cat-04-cloud-infrastructure/UC-4.3.132.json
4.3.133,GCP Monitoring alert policy create,high,nist-800-53,Rev.5,AU-2,,contributing,satisfies,content/cat-04-cloud-infrastructure/UC-4.3.133.json
4.3.134,GCP Monitoring alert policy delete,high,nist-800-53,Rev.5,AU-2,,contributing,satisfies,content/cat-04-cloud-infrastructure/UC-4.3.134.json
4.3.135,GCP GCP project create,high,nist-800-53,Rev.5,AU-2,,contributing,satisfies,content/cat-04-cloud-infrastructure/UC-4.3.135.json
4.3.136,GCP GCP project delete,high,nist-800-53,Rev.5,AU-2,,contributing,satisfies,content/cat-04-cloud-infrastructure/UC-4.3.136.json
4.3.137,GCP API enable,high,nist-800-53,Rev.5,AU-2,,contributing,satisfies,content/cat-04-cloud-infrastructure/UC-4.3.137.json
4.3.138,GCP API disable,high,nist-800-53,Rev.5,AU-2,,contributing,satisfies,content/cat-04-cloud-infrastructure/UC-4.3.138.json
4.3.139,GCP Service account create,high,nist-800-53,Rev.5,AU-2,,contributing,satisfies,content/cat-04-cloud-infrastructure/UC-4.3.139.json
4.3.140,GCP Service account delete,high,nist-800-53,Rev.5,AU-2,,contributing,satisfies,content/cat-04-cloud-infrastructure/UC-4.3.140.json
4.3.141,GCP Service account disable,high,nist-800-53,Rev.5,AU-2,,contributing,satisfies,content/cat-04-cloud-infrastructure/UC-4.3.141.json
4.3.142,GCP KMS key ring create,high,nist-800-53,Rev.5,AU-2,,contributing,satisfies,content/cat-04-cloud-infrastructure/UC-4.3.142.json
4.3.143,GCP KMS crypto key create,high,nist-800-53,Rev.5,AU-2,,contributing,satisfies,content/cat-04-cloud-infrastructure/UC-4.3.143.json
4.3.144,GCP Cloud DNS zone delete,high,nist-800-53,Rev.5,AU-2,,contributing,satisfies,content/cat-04-cloud-infrastructure/UC-4.3.144.json
4.3.145,GCP DNS policy create,high,nist-800-53,Rev.5,AU-2,,contributing,satisfies,content/cat-04-cloud-infrastructure/UC-4.3.145.json
4.3.146,GCP Private service connection,high,nist-800-53,Rev.5,AU-2,,contributing,satisfies,content/cat-04-cloud-infrastructure/UC-4.3.146.json
4.3.147,GCP Access Approval settings,high,nist-800-53,Rev.5,AU-2,,contributing,satisfies,content/cat-04-cloud-infrastructure/UC-4.3.147.json
4.3.148,GCP Binary Authorization policy,high,nist-800-53,Rev.5,AU-2,,contributing,satisfies,content/cat-04-cloud-infrastructure/UC-4.3.148.json
4.3.149,GCP Cloud Build trigger create,high,nist-800-53,Rev.5,AU-2,,contributing,satisfies,content/cat-04-cloud-infrastructure/UC-4.3.149.json
4.3.150,GCP Artifact Registry upload,high,nist-800-53,Rev.5,AU-2,,contributing,satisfies,content/cat-04-cloud-infrastructure/UC-4.3.150.json
4.3.151,GCP Eventarc trigger create,high,nist-800-53,Rev.5,AU-2,,contributing,satisfies,content/cat-04-cloud-infrastructure/UC-4.3.151.json
4.3.152,GCP Workflows create,high,nist-800-53,Rev.5,AU-2,,contributing,satisfies,content/cat-04-cloud-infrastructure/UC-4.3.152.json
4.3.153,GCP API Gateway API create,high,nist-800-53,Rev.5,AU-2,,contributing,satisfies,content/cat-04-cloud-infrastructure/UC-4.3.153.json
4.3.154,GCP Cloud Endpoints service create,high,nist-800-53,Rev.5,AU-2,,contributing,satisfies,content/cat-04-cloud-infrastructure/UC-4.3.154.json
4.3.155,GCP Healthcare dataset create,high,nist-800-53,Rev.5,AU-2,,contributing,satisfies,content/cat-04-cloud-infrastructure/UC-4.3.155.json
4.3.156,GCP Vertex notebook create,high,nist-800-53,Rev.5,AU-2,,contributing,satisfies,content/cat-04-cloud-infrastructure/UC-4.3.156.json
4.3.157,GCP Vertex model upload,high,nist-800-53,Rev.5,AU-2,,contributing,satisfies,content/cat-04-cloud-infrastructure/UC-4.3.157.json
4.3.158,GCP SCC source create,high,nist-800-53,Rev.5,AU-2,,contributing,satisfies,content/cat-04-cloud-infrastructure/UC-4.3.158.json
4.3.159,GCP Asset export,high,nist-800-53,Rev.5,AU-2,,contributing,satisfies,content/cat-04-cloud-infrastructure/UC-4.3.159.json
4.3.160,GCP Org policy delete,high,nist-800-53,Rev.5,AU-2,,contributing,satisfies,content/cat-04-cloud-infrastructure/UC-4.3.160.json
4.3.161,GCP Essential contacts create,high,nist-800-53,Rev.5,AU-2,,contributing,satisfies,content/cat-04-cloud-infrastructure/UC-4.3.161.json
4.3.42,GCP Compute Instance Insert,high,nist-800-53,Rev.5,AU-2,,contributing,satisfies,content/cat-04-cloud-infrastructure/UC-4.3.42.json
4.3.43,GCP Compute Instance Delete,high,nist-800-53,Rev.5,AU-2,,contributing,satisfies,content/cat-04-cloud-infrastructure/UC-4.3.43.json
4.3.44,GCP Firewall Rule Insert,high,nist-800-53,Rev.5,AU-2,,contributing,satisfies,content/cat-04-cloud-infrastructure/UC-4.3.44.json
4.3.45,GCP Subnet Route Changes,high,nist-800-53,Rev.5,AU-2,,contributing,satisfies,content/cat-04-cloud-infrastructure/UC-4.3.45.json
4.3.46,GCP Cloud Storage Bucket Create,high,nist-800-53,Rev.5,AU-2,,contributing,satisfies,content/cat-04-cloud-infrastructure/UC-4.3.46.json
4.3.47,GCP Cloud Storage Bucket Delete,high,nist-800-53,Rev.5,AU-2,,contributing,satisfies,content/cat-04-cloud-infrastructure/UC-4.3.47.json
4.3.48,GCP Cloud Storage IAM Policy Changes,high,nist-800-53,Rev.5,AU-2,,contributing,satisfies,content/cat-04-cloud-infrastructure/UC-4.3.48.json
4.3.49,GCP Cloud Storage Object ACL Changes,high,nist-800-53,Rev.5,AU-2,,contributing,satisfies,content/cat-04-cloud-infrastructure/UC-4.3.49.json
4.3.50,GCP IAM Service Account Key Create,high,nist-800-53,Rev.5,AU-2,,contributing,satisfies,content/cat-04-cloud-infrastructure/UC-4.3.50.json
4.3.51,GCP IAM Service Account Key Delete,high,nist-800-53,Rev.5,AU-2,,contributing,satisfies,content/cat-04-cloud-infrastructure/UC-4.3.51.json
4.3.52,GCP IAM Role Binding Changes,high,nist-800-53,Rev.5,AU-2,,contributing,satisfies,content/cat-04-cloud-infrastructure/UC-4.3.52.json
4.3.53,GCP IAM Custom Role Changes,high,nist-800-53,Rev.5,AU-2,,contributing,satisfies,content/cat-04-cloud-infrastructure/UC-4.3.53.json
4.3.54,GCP GKE Cluster Create,high,nist-800-53,Rev.5,AU-2,,contributing,satisfies,content/cat-04-cloud-infrastructure/UC-4.3.54.json
4.3.55,GCP GKE Node Pool Changes,high,nist-800-53,Rev.5,AU-2,,contributing,satisfies,content/cat-04-cloud-infrastructure/UC-4.3.55.json
4.3.56,GCP Cloud SQL Instance Create,high,nist-800-53,Rev.5,AU-2,,contributing,satisfies,content/cat-04-cloud-infrastructure/UC-4.3.56.json
4.3.57,GCP Cloud SQL User Changes,high,nist-800-53,Rev.5,AU-2,,contributing,satisfies,content/cat-04-cloud-infrastructure/UC-4.3.57.json
4.3.58,GCP BigQuery Dataset IAM Changes,high,nist-800-53,Rev.5,AU-2,,contributing,satisfies,content/cat-04-cloud-infrastructure/UC-4.3.58.json
4.3.59,GCP BigQuery Table Delete,high,nist-800-53,Rev.5,AU-2,,contributing,satisfies,content/cat-04-cloud-infrastructure/UC-4.3.59.json
4.3.60,GCP Pub/Sub Topic IAM Changes,high,nist-800-53,Rev.5,AU-2,,contributing,satisfies,content/cat-04-cloud-infrastructure/UC-4.3.60.json
4.3.61,GCP Cloud Functions Deploy,high,nist-800-53,Rev.5,AU-2,,contributing,satisfies,content/cat-04-cloud-infrastructure/UC-4.3.61.json
4.3.62,GCP Secret Manager Secret Delete,high,nist-800-53,Rev.5,AU-2,,contributing,satisfies,content/cat-04-cloud-infrastructure/UC-4.3.62.json
4.3.63,GCP KMS Key Destroy Scheduled,high,nist-800-53,Rev.5,AU-2,,contributing,satisfies,content/cat-04-cloud-infrastructure/UC-4.3.63.json
4.3.64,GCP DNS Managed Zone Changes,high,nist-800-53,Rev.5,AU-2,,contributing,satisfies,content/cat-04-cloud-infrastructure/UC-4.3.64.json
4.3.65,GCP VPC Peering Changes,high,nist-800-53,Rev.5,AU-2,,contributing,satisfies,content/cat-04-cloud-infrastructure/UC-4.3.65.json
4.3.66,GCP Organization Policy Changes,high,nist-800-53,Rev.5,AU-2,,contributing,satisfies,content/cat-04-cloud-infrastructure/UC-4.3.66.json
4.3.67,GCP Logging Sink Deletion,high,nist-800-53,Rev.5,AU-2,,contributing,satisfies,content/cat-04-cloud-infrastructure/UC-4.3.67.json
4.3.68,GCP Cloud Armor Policy Changes,high,nist-800-53,Rev.5,AU-2,,contributing,satisfies,content/cat-04-cloud-infrastructure/UC-4.3.68.json
4.3.69,GCP Load Balancer Backend Changes,high,nist-800-53,Rev.5,AU-2,,contributing,satisfies,content/cat-04-cloud-infrastructure/UC-4.3.69.json
4.3.70,GCP Service Account Impersonation,high,nist-800-53,Rev.5,AU-2,,contributing,satisfies,content/cat-04-cloud-infrastructure/UC-4.3.70.json
4.3.71,GCP Artifact Registry Repository Changes,high,nist-800-53,Rev.5,AU-2,,contributing,satisfies,content/cat-04-cloud-infrastructure/UC-4.3.71.json
4.3.75,GCP App Engine Admin Activity,high,nist-800-53,Rev.5,AU-2,,contributing,satisfies,content/cat-04-cloud-infrastructure/UC-4.3.75.json
4.3.76,GCP Cloud Run Admin Activity,high,nist-800-53,Rev.5,AU-2,,contributing,satisfies,content/cat-04-cloud-infrastructure/UC-4.3.76.json
4.3.77,GCP Cloud Spanner Admin Activity,high,nist-800-53,Rev.5,AU-2,,contributing,satisfies,content/cat-04-cloud-infrastructure/UC-4.3.77.json
4.3.78,GCP Cloud Dataflow Admin Activity,high,nist-800-53,Rev.5,AU-2,,contributing,satisfies,content/cat-04-cloud-infrastructure/UC-4.3.78.json
4.3.79,GCP Cloud Composer Admin Activity,high,nist-800-53,Rev.5,AU-2,,contributing,satisfies,content/cat-04-cloud-infrastructure/UC-4.3.79.json
4.3.80,GCP Cloud Build Admin Activity,high,nist-800-53,Rev.5,AU-2,,contributing,satisfies,content/cat-04-cloud-infrastructure/UC-4.3.80.json
4.3.81,GCP Cloud Scheduler Admin Activity,high,nist-800-53,Rev.5,AU-2,,contributing,satisfies,content/cat-04-cloud-infrastructure/UC-4.3.81.json
4.3.82,GCP Cloud Tasks Admin Activity,high,nist-800-53,Rev.5,AU-2,,contributing,satisfies,content/cat-04-cloud-infrastructure/UC-4.3.82.json
4.3.83,GCP Memorystore Redis Admin Activity,high,nist-800-53,Rev.5,AU-2,,contributing,satisfies,content/cat-04-cloud-infrastructure/UC-4.3.83.json
4.3.84,GCP Filestore Admin Activity,high,nist-800-53,Rev.5,AU-2,,contributing,satisfies,content/cat-04-cloud-infrastructure/UC-4.3.84.json
4.3.85,GCP Cloud NAT Admin Activity,high,nist-800-53,Rev.5,AU-2,,contributing,satisfies,content/cat-04-cloud-infrastructure/UC-4.3.85.json
4.3.86,GCP Identity-Aware Proxy Admin Activity,high,nist-800-53,Rev.5,AU-2,,contributing,satisfies,content/cat-04-cloud-infrastructure/UC-4.3.86.json
4.3.87,GCP Certificate Manager Admin Activity,high,nist-800-53,Rev.5,AU-2,,contributing,satisfies,content/cat-04-cloud-infrastructure/UC-4.3.87.json
4.3.88,GCP Cloud DNS Policy Admin Activity,high,nist-800-53,Rev.5,AU-2,,contributing,satisfies,content/cat-04-cloud-infrastructure/UC-4.3.88.json
4.3.89,GCP Binary Authorization Admin Activity,high,nist-800-53,Rev.5,AU-2,,contributing,satisfies,content/cat-04-cloud-infrastructure/UC-4.3.89.json
4.3.90,GCP Compute metadata change,high,nist-800-53,Rev.5,AU-2,,contributing,satisfies,content/cat-04-cloud-infrastructure/UC-4.3.90.json
4.3.91,GCP Compute network tags change,high,nist-800-53,Rev.5,AU-2,,contributing,satisfies,content/cat-04-cloud-infrastructure/UC-4.3.91.json
4.3.92,GCP Compute service account change,high,nist-800-53,Rev.5,AU-2,,contributing,satisfies,content/cat-04-cloud-infrastructure/UC-4.3.92.json
4.3.93,GCP Compute disk attach,high,nist-800-53,Rev.5,AU-2,,contributing,satisfies,content/cat-04-cloud-infrastructure/UC-4.3.93.json
4.3.94,GCP Compute disk detach,high,nist-800-53,Rev.5,AU-2,,contributing,satisfies,content/cat-04-cloud-infrastructure/UC-4.3.94.json
4.3.95,GCP Persistent disk create,high,nist-800-53,Rev.5,AU-2,,contributing,satisfies,content/cat-04-cloud-infrastructure/UC-4.3.95.json
4.3.96,GCP Persistent disk delete,high,nist-800-53,Rev.5,AU-2,,contributing,satisfies,content/cat-04-cloud-infrastructure/UC-4.3.96.json
4.3.97,GCP Compute snapshot create,high,nist-800-53,Rev.5,AU-2,,contributing,satisfies,content/cat-04-cloud-infrastructure/UC-4.3.97.json
4.3.98,GCP Compute snapshot delete,high,nist-800-53,Rev.5,AU-2,,contributing,satisfies,content/cat-04-cloud-infrastructure/UC-4.3.98.json
4.3.99,GCP Compute image create,high,nist-800-53,Rev.5,AU-2,,contributing,satisfies,content/cat-04-cloud-infrastructure/UC-4.3.99.json
4.4.34,Cross-Cloud Root or Global Admin Sign-In,high,nist-800-53,Rev.5,AU-2,,contributing,satisfies,content/cat-04-cloud-infrastructure/UC-4.4.34.json
4.4.35,Cross-Cloud Public Storage Exposure,high,nist-800-53,Rev.5,AU-2,,contributing,satisfies,content/cat-04-cloud-infrastructure/UC-4.4.35.json
4.4.36,Cross-Cloud IAM Policy Wildcard Actions,high,nist-800-53,Rev.5,AU-2,,contributing,satisfies,content/cat-04-cloud-infrastructure/UC-4.4.36.json
4.4.37,Cross-Cloud MFA Disable Events,high,nist-800-53,Rev.5,AU-2,,contributing,satisfies,content/cat-04-cloud-infrastructure/UC-4.4.37.json
4.4.38,Cross-Cloud Security Group or Firewall Open to World,high,nist-800-53,Rev.5,AU-2,,contributing,satisfies,content/cat-04-cloud-infrastructure/UC-4.4.38.json
4.4.39,Cross-Cloud Logging Sink or Trail Disabled,high,nist-800-53,Rev.5,AU-2,,contributing,satisfies,content/cat-04-cloud-infrastructure/UC-4.4.39.json
4.4.40,Cross-Cloud Cryptographic Key Scheduled Deletion,high,nist-800-53,Rev.5,AU-2,,contributing,satisfies,content/cat-04-cloud-infrastructure/UC-4.4.40.json
4.4.41,Cross-Cloud Kubernetes Admin API Access,high,nist-800-53,Rev.5,AU-2,,contributing,satisfies,content/cat-04-cloud-infrastructure/UC-4.4.41.json
4.4.42,Cross-Cloud Tag Compliance Drift,high,nist-800-53,Rev.5,AU-2,,contributing,satisfies,content/cat-04-cloud-infrastructure/UC-4.4.42.json
4.4.43,Cross-Cloud Unused Credential Age,high,nist-800-53,Rev.5,AU-2,,contributing,satisfies,content/cat-04-cloud-infrastructure/UC-4.4.43.json
4.4.44,AWS Resource Tag Missing Owner,high,nist-800-53,Rev.5,AU-2,,contributing,satisfies,content/cat-04-cloud-infrastructure/UC-4.4.44.json
4.4.45,AWS Resource Tag Missing Environment,high,nist-800-53,Rev.5,AU-2,,contributing,satisfies,content/cat-04-cloud-infrastructure/UC-4.4.45.json
4.4.46,AWS Untagged Compute Instance,high,nist-800-53,Rev.5,AU-2,,contributing,satisfies,content/cat-04-cloud-infrastructure/UC-4.4.46.json
4.4.47,AWS Untagged Storage Bucket,high,nist-800-53,Rev.5,AU-2,,contributing,satisfies,content/cat-04-cloud-infrastructure/UC-4.4.47.json
4.4.48,AWS Orphaned Public IP,high,nist-800-53,Rev.5,AU-2,,contributing,satisfies,content/cat-04-cloud-infrastructure/UC-4.4.48.json
4.4.49,AWS Disabled Default Encryption,high,nist-800-53,Rev.5,AU-2,,contributing,satisfies,content/cat-04-cloud-infrastructure/UC-4.4.49.json
4.4.50,AWS Cross-Region Resource in Unapproved Region,high,nist-800-53,Rev.5,AU-2,,contributing,satisfies,content/cat-04-cloud-infrastructure/UC-4.4.50.json
4.4.51,AWS IAM User Without MFA,high,nist-800-53,Rev.5,AU-2,,contributing,satisfies,content/cat-04-cloud-infrastructure/UC-4.4.51.json
4.4.52,AWS Overprivileged Managed Policy Attachment,high,nist-800-53,Rev.5,AU-2,,contributing,satisfies,content/cat-04-cloud-infrastructure/UC-4.4.52.json
4.4.53,AWS Cloud API Error Rate Spike,high,nist-800-53,Rev.5,AU-2,,contributing,satisfies,content/cat-04-cloud-infrastructure/UC-4.4.53.json
4.4.54,Azure Resource Tag Missing Owner,high,nist-800-53,Rev.5,AU-2,,contributing,satisfies,content/cat-04-cloud-infrastructure/UC-4.4.54.json
4.4.55,Azure Resource Tag Missing Environment,high,nist-800-53,Rev.5,AU-2,,contributing,satisfies,content/cat-04-cloud-infrastructure/UC-4.4.55.json
4.4.56,Azure Untagged Compute Instance,high,nist-800-53,Rev.5,AU-2,,contributing,satisfies,content/cat-04-cloud-infrastructure/UC-4.4.56.json
4.4.57,Azure Untagged Storage Bucket,high,nist-800-53,Rev.5,AU-2,,contributing,satisfies,content/cat-04-cloud-infrastructure/UC-4.4.57.json
4.4.58,Azure Orphaned Public IP,high,nist-800-53,Rev.5,AU-2,,contributing,satisfies,content/cat-04-cloud-infrastructure/UC-4.4.58.json
4.4.59,Azure Disabled Default Encryption,high,nist-800-53,Rev.5,AU-2,,contributing,satisfies,content/cat-04-cloud-infrastructure/UC-4.4.59.json
4.4.60,Azure Cross-Region Resource in Unapproved Region,high,nist-800-53,Rev.5,AU-2,,contributing,satisfies,content/cat-04-cloud-infrastructure/UC-4.4.60.json
4.4.61,Azure IAM User Without MFA,high,nist-800-53,Rev.5,AU-2,,contributing,satisfies,content/cat-04-cloud-infrastructure/UC-4.4.61.json
4.4.62,Azure Overprivileged Managed Policy Attachment,high,nist-800-53,Rev.5,AU-2,,contributing,satisfies,content/cat-04-cloud-infrastructure/UC-4.4.62.json
4.4.63,Azure Cloud API Error Rate Spike,high,nist-800-53,Rev.5,AU-2,,contributing,satisfies,content/cat-04-cloud-infrastructure/UC-4.4.63.json
4.4.64,GCP Resource Tag Missing Owner,high,nist-800-53,Rev.5,AU-2,,contributing,satisfies,content/cat-04-cloud-infrastructure/UC-4.4.64.json
4.4.65,GCP Resource Tag Missing Environment,high,nist-800-53,Rev.5,AU-2,,contributing,satisfies,content/cat-04-cloud-infrastructure/UC-4.4.65.json
4.4.66,GCP Untagged Compute Instance,high,nist-800-53,Rev.5,AU-2,,contributing,satisfies,content/cat-04-cloud-infrastructure/UC-4.4.66.json
4.4.67,GCP Untagged Storage Bucket,high,nist-800-53,Rev.5,AU-2,,contributing,satisfies,content/cat-04-cloud-infrastructure/UC-4.4.67.json
4.4.68,GCP Orphaned Public IP,high,nist-800-53,Rev.5,AU-2,,contributing,satisfies,content/cat-04-cloud-infrastructure/UC-4.4.68.json
4.4.69,GCP Disabled Default Encryption,high,nist-800-53,Rev.5,AU-2,,contributing,satisfies,content/cat-04-cloud-infrastructure/UC-4.4.69.json
4.4.70,GCP Cross-Region Resource in Unapproved Region,high,nist-800-53,Rev.5,AU-2,,contributing,satisfies,content/cat-04-cloud-infrastructure/UC-4.4.70.json
4.4.71,GCP IAM User Without MFA,high,nist-800-53,Rev.5,AU-2,,contributing,satisfies,content/cat-04-cloud-infrastructure/UC-4.4.71.json
4.4.72,GCP Overprivileged Managed Policy Attachment,high,nist-800-53,Rev.5,AU-2,,contributing,satisfies,content/cat-04-cloud-infrastructure/UC-4.4.72.json
4.4.73,GCP Cloud API Error Rate Spike,high,nist-800-53,Rev.5,AU-2,,contributing,satisfies,content/cat-04-cloud-infrastructure/UC-4.4.73.json
4.4.74,Cross-Cloud Simultaneous Storage Delete,high,nist-800-53,Rev.5,AU-2,,contributing,satisfies,content/cat-04-cloud-infrastructure/UC-4.4.74.json
4.4.75,Cross-Cloud KMS Key Disable Within 1 Hour,high,nist-800-53,Rev.5,AU-2,,contributing,satisfies,content/cat-04-cloud-infrastructure/UC-4.4.75.json
4.4.76,Cross-Cloud Logging Disable Within 1 Hour,high,nist-800-53,Rev.5,AU-2,,contributing,satisfies,content/cat-04-cloud-infrastructure/UC-4.4.76.json
4.4.77,Cross-Cloud Privileged Role Grant Burst,high,nist-800-53,Rev.5,AU-2,,contributing,satisfies,content/cat-04-cloud-infrastructure/UC-4.4.77.json
4.4.78,Cross-Cloud New Region Resource Burst,high,nist-800-53,Rev.5,AU-2,,contributing,satisfies,content/cat-04-cloud-infrastructure/UC-4.4.78.json
4.4.79,Cross-Cloud Failed Login Correlation,high,nist-800-53,Rev.5,AU-2,,contributing,satisfies,content/cat-04-cloud-infrastructure/UC-4.4.79.json
4.4.80,Cross-Cloud API Error Rate Correlation,high,nist-800-53,Rev.5,AU-2,,contributing,satisfies,content/cat-04-cloud-infrastructure/UC-4.4.80.json
4.4.81,Cross-Cloud Tag Removal Burst,high,nist-800-53,Rev.5,AU-2,,contributing,satisfies,content/cat-04-cloud-infrastructure/UC-4.4.81.json
4.4.82,Cross-Cloud Snapshot Export Burst,high,nist-800-53,Rev.5,AU-2,,contributing,satisfies,content/cat-04-cloud-infrastructure/UC-4.4.82.json
4.4.83,Cross-Cloud Network Peering Burst,high,nist-800-53,Rev.5,AU-2,,contributing,satisfies,content/cat-04-cloud-infrastructure/UC-4.4.83.json
4.5.17,AWS Lambda Concurrent Execution Limit Breach,high,nist-800-53,Rev.5,AU-2,,contributing,satisfies,content/cat-04-cloud-infrastructure/UC-4.5.17.json
4.5.18,AWS Lambda Duration P99 Spike,high,nist-800-53,Rev.5,AU-2,,contributing,satisfies,content/cat-04-cloud-infrastructure/UC-4.5.18.json
4.5.19,AWS Lambda Memory Utilization High,high,nist-800-53,Rev.5,AU-2,,contributing,satisfies,content/cat-04-cloud-infrastructure/UC-4.5.19.json
4.5.20,Azure Functions Execution Failures,high,nist-800-53,Rev.5,AU-2,,contributing,satisfies,content/cat-04-cloud-infrastructure/UC-4.5.20.json
4.5.21,Azure Functions Cold Start Latency,high,nist-800-53,Rev.5,AU-2,,contributing,satisfies,content/cat-04-cloud-infrastructure/UC-4.5.21.json
4.5.22,GCP Cloud Functions Error Rate,high,nist-800-53,Rev.5,AU-2,,contributing,satisfies,content/cat-04-cloud-infrastructure/UC-4.5.22.json
4.5.23,GCP Cloud Run Request Latency,high,nist-800-53,Rev.5,AU-2,,contributing,satisfies,content/cat-04-cloud-infrastructure/UC-4.5.23.json
4.5.24,OCI Functions Invocation Errors,high,nist-800-53,Rev.5,AU-2,,contributing,satisfies,content/cat-04-cloud-infrastructure/UC-4.5.24.json
4.5.25,AWS Lambda HTTP API Integration Errors,medium,nist-800-53,Rev.5,AU-2,,contributing,satisfies,content/cat-04-cloud-infrastructure/UC-4.5.25.json
4.5.26,AWS Lambda EventBridge Integration Errors,medium,nist-800-53,Rev.5,AU-2,,contributing,satisfies,content/cat-04-cloud-infrastructure/UC-4.5.26.json
4.5.27,AWS Lambda S3 trigger Integration Errors,medium,nist-800-53,Rev.5,AU-2,,contributing,satisfies,content/cat-04-cloud-infrastructure/UC-4.5.27.json
4.5.28,AWS Lambda SQS trigger Integration Errors,medium,nist-800-53,Rev.5,AU-2,,contributing,satisfies,content/cat-04-cloud-infrastructure/UC-4.5.28.json
4.5.29,AWS Lambda DynamoDB stream Integration Errors,medium,nist-800-53,Rev.5,AU-2,,contributing,satisfies,content/cat-04-cloud-infrastructure/UC-4.5.29.json
4.5.30,AWS Lambda Kinesis trigger Integration Errors,medium,nist-800-53,Rev.5,AU-2,,contributing,satisfies,content/cat-04-cloud-infrastructure/UC-4.5.30.json
4.5.31,AWS Lambda Scheduled Integration Errors,medium,nist-800-53,Rev.5,AU-2,,contributing,satisfies,content/cat-04-cloud-infrastructure/UC-4.5.31.json
4.5.32,AWS Lambda Cognito trigger Integration Errors,medium,nist-800-53,Rev.5,AU-2,,contributing,satisfies,content/cat-04-cloud-infrastructure/UC-4.5.32.json
4.5.33,AWS Lambda API Gateway authorizer Integration Errors,medium,nist-800-53,Rev.5,AU-2,,contributing,satisfies,content/cat-04-cloud-infrastructure/UC-4.5.33.json
4.5.34,AWS Lambda Step Functions task Integration Errors,medium,nist-800-53,Rev.5,AU-2,,contributing,satisfies,content/cat-04-cloud-infrastructure/UC-4.5.34.json
4.6.10,RDS Connection Count Trend Baseline Deviation,medium,nist-800-53,Rev.5,AU-2,,contributing,satisfies,content/cat-04-cloud-infrastructure/UC-4.6.10.json
4.6.11,S3 Request Rate Trend Baseline Deviation,medium,nist-800-53,Rev.5,AU-2,,contributing,satisfies,content/cat-04-cloud-infrastructure/UC-4.6.11.json
4.6.12,Lambda Invocation Trend Baseline Deviation,medium,nist-800-53,Rev.5,AU-2,,contributing,satisfies,content/cat-04-cloud-infrastructure/UC-4.6.12.json
4.6.13,Azure VM CPU Trend Baseline Deviation,medium,nist-800-53,Rev.5,AU-2,,contributing,satisfies,content/cat-04-cloud-infrastructure/UC-4.6.13.json
4.6.14,Azure SQL DTU Trend Baseline Deviation,medium,nist-800-53,Rev.5,AU-2,,contributing,satisfies,content/cat-04-cloud-infrastructure/UC-4.6.14.json
4.6.15,GKE Pod Count Trend Baseline Deviation,medium,nist-800-53,Rev.5,AU-2,,contributing,satisfies,content/cat-04-cloud-infrastructure/UC-4.6.15.json
4.6.16,CloudFront Bandwidth Trend Baseline Deviation,medium,nist-800-53,Rev.5,AU-2,,contributing,satisfies,content/cat-04-cloud-infrastructure/UC-4.6.16.json
4.6.17,NAT Gateway Bytes Trend Baseline Deviation,medium,nist-800-53,Rev.5,AU-2,,contributing,satisfies,content/cat-04-cloud-infrastructure/UC-4.6.17.json
4.6.8,EC2 CPU Utilization Trend Baseline Deviation,medium,nist-800-53,Rev.5,AU-2,,contributing,satisfies,content/cat-04-cloud-infrastructure/UC-4.6.8.json
4.6.9,EBS Volume IOPS Trend Baseline Deviation,medium,nist-800-53,Rev.5,AU-2,,contributing,satisfies,content/cat-04-cloud-infrastructure/UC-4.6.9.json
4.7.10,OCI Audit CreateBucket,high,nist-800-53,Rev.5,AU-2,,contributing,satisfies,content/cat-04-cloud-infrastructure/UC-4.7.10.json
4.7.11,OCI Audit DeleteBucket,high,nist-800-53,Rev.5,AU-2,,contributing,satisfies,content/cat-04-cloud-infrastructure/UC-4.7.11.json
4.7.12,OCI Audit UpdateBucket,high,nist-800-53,Rev.5,AU-2,,contributing,satisfies,content/cat-04-cloud-infrastructure/UC-4.7.12.json
4.7.13,OCI Audit CreateAutonomousDatabase,high,nist-800-53,Rev.5,AU-2,,contributing,satisfies,content/cat-04-cloud-infrastructure/UC-4.7.13.json
4.7.14,OCI Audit DeleteAutonomousDatabase,high,nist-800-53,Rev.5,AU-2,,contributing,satisfies,content/cat-04-cloud-infrastructure/UC-4.7.14.json
4.7.15,OCI Audit CreateKey,high,nist-800-53,Rev.5,AU-2,,contributing,satisfies,content/cat-04-cloud-infrastructure/UC-4.7.15.json
4.7.16,OCI Audit ScheduleKeyDeletion,high,nist-800-53,Rev.5,AU-2,,contributing,satisfies,content/cat-04-cloud-infrastructure/UC-4.7.16.json
4.7.17,OCI Audit CreateConfiguration,high,nist-800-53,Rev.5,AU-2,,contributing,satisfies,content/cat-04-cloud-infrastructure/UC-4.7.17.json
4.7.18,OCI Audit UpdateConfiguration,high,nist-800-53,Rev.5,AU-2,,contributing,satisfies,content/cat-04-cloud-infrastructure/UC-4.7.18.json
4.7.19,OCI Cloud Guard Problem Monitoring,high,nist-800-53,Rev.5,AU-2,,contributing,satisfies,content/cat-04-cloud-infrastructure/UC-4.7.19.json
4.7.2,OCI Audit CreateUser,high,nist-800-53,Rev.5,AU-2,,contributing,satisfies,content/cat-04-cloud-infrastructure/UC-4.7.2.json
4.7.20,OCI VCN Flow Deny Monitoring,high,nist-800-53,Rev.5,AU-2,,contributing,satisfies,content/cat-04-cloud-infrastructure/UC-4.7.20.json
4.7.21,OCI Load Balancer Unhealthy Backend Monitoring,high,nist-800-53,Rev.5,AU-2,,contributing,satisfies,content/cat-04-cloud-infrastructure/UC-4.7.21.json
4.7.22,OCI Block Volume Attach Monitoring,high,nist-800-53,Rev.5,AU-2,,contributing,satisfies,content/cat-04-cloud-infrastructure/UC-4.7.22.json
4.7.23,OCI Functions Cold Start Monitoring,high,nist-800-53,Rev.5,AU-2,,contributing,satisfies,content/cat-04-cloud-infrastructure/UC-4.7.23.json
4.7.3,OCI Audit DeleteUser,high,nist-800-53,Rev.5,AU-2,,contributing,satisfies,content/cat-04-cloud-infrastructure/UC-4.7.3.json
4.7.4,OCI Audit CreateApiKey,high,nist-800-53,Rev.5,AU-2,,contributing,satisfies,content/cat-04-cloud-infrastructure/UC-4.7.4.json
4.7.5,OCI Audit DeleteApiKey,high,nist-800-53,Rev.5,AU-2,,contributing,satisfies,content/cat-04-cloud-infrastructure/UC-4.7.5.json
4.7.6,OCI Audit CreateInstance,high,nist-800-53,Rev.5,AU-2,,contributing,satisfies,content/cat-04-cloud-infrastructure/UC-4.7.6.json
4.7.7,OCI Audit TerminateInstance,high,nist-800-53,Rev.5,AU-2,,contributing,satisfies,content/cat-04-cloud-infrastructure/UC-4.7.7.json
4.7.8,OCI Audit AddSecurityRule,high,nist-800-53,Rev.5,AU-2,,contributing,satisfies,content/cat-04-cloud-infrastructure/UC-4.7.8.json
4.7.9,OCI Audit RemoveSecurityRule,high,nist-800-53,Rev.5,AU-2,,contributing,satisfies,content/cat-04-cloud-infrastructure/UC-4.7.9.json
4.8.10,Alibaba ActionTrail AuthorizeSecurityGroup,high,nist-800-53,Rev.5,AU-2,,contributing,satisfies,content/cat-04-cloud-infrastructure/UC-4.8.10.json
4.8.11,Alibaba ActionTrail RevokeSecurityGroup,high,nist-800-53,Rev.5,AU-2,,contributing,satisfies,content/cat-04-cloud-infrastructure/UC-4.8.11.json
4.8.12,Alibaba ActionTrail RunInstances,high,nist-800-53,Rev.5,AU-2,,contributing,satisfies,content/cat-04-cloud-infrastructure/UC-4.8.12.json
4.8.13,Alibaba ActionTrail DeleteInstance,high,nist-800-53,Rev.5,AU-2,,contributing,satisfies,content/cat-04-cloud-infrastructure/UC-4.8.13.json
4.8.14,Alibaba ActionTrail CreateBucket,high,nist-800-53,Rev.5,AU-2,,contributing,satisfies,content/cat-04-cloud-infrastructure/UC-4.8.14.json
4.8.15,Alibaba ActionTrail DeleteBucket,high,nist-800-53,Rev.5,AU-2,,contributing,satisfies,content/cat-04-cloud-infrastructure/UC-4.8.15.json
4.8.16,Alibaba ActionTrail PutBucketAcl,high,nist-800-53,Rev.5,AU-2,,contributing,satisfies,content/cat-04-cloud-infrastructure/UC-4.8.16.json
4.8.17,Alibaba ActionTrail CreateDBInstance,high,nist-800-53,Rev.5,AU-2,,contributing,satisfies,content/cat-04-cloud-infrastructure/UC-4.8.17.json
4.8.18,Alibaba ActionTrail DeleteDBInstance,high,nist-800-53,Rev.5,AU-2,,contributing,satisfies,content/cat-04-cloud-infrastructure/UC-4.8.18.json
4.8.19,Alibaba ActionTrail CreateLoadBalancer,high,nist-800-53,Rev.5,AU-2,,contributing,satisfies,content/cat-04-cloud-infrastructure/UC-4.8.19.json
4.8.2,Alibaba ActionTrail CreateUser,high,nist-800-53,Rev.5,AU-2,,contributing,satisfies,content/cat-04-cloud-infrastructure/UC-4.8.2.json
4.8.20,Alibaba ActionTrail CreateVpnGateway,high,nist-800-53,Rev.5,AU-2,,contributing,satisfies,content/cat-04-cloud-infrastructure/UC-4.8.20.json
4.8.21,Alibaba ActionTrail StopTrail,high,nist-800-53,Rev.5,AU-2,,contributing,satisfies,content/cat-04-cloud-infrastructure/UC-4.8.21.json
4.8.3,Alibaba ActionTrail DeleteUser,high,nist-800-53,Rev.5,AU-2,,contributing,satisfies,content/cat-04-cloud-infrastructure/UC-4.8.3.json
4.8.4,Alibaba ActionTrail CreateAccessKey,high,nist-800-53,Rev.5,AU-2,,contributing,satisfies,content/cat-04-cloud-infrastructure/UC-4.8.4.json
4.8.5,Alibaba ActionTrail DeleteAccessKey,high,nist-800-53,Rev.5,AU-2,,contributing,satisfies,content/cat-04-cloud-infrastructure/UC-4.8.5.json
4.8.6,Alibaba ActionTrail AddUserToGroup,high,nist-800-53,Rev.5,AU-2,,contributing,satisfies,content/cat-04-cloud-infrastructure/UC-4.8.6.json
4.8.7,Alibaba ActionTrail CreateRole,high,nist-800-53,Rev.5,AU-2,,contributing,satisfies,content/cat-04-cloud-infrastructure/UC-4.8.7.json
4.8.8,Alibaba ActionTrail AttachPolicyToRole,high,nist-800-53,Rev.5,AU-2,,contributing,satisfies,content/cat-04-cloud-infrastructure/UC-4.8.8.json
4.8.9,Alibaba ActionTrail CreateSecurityGroup,high,nist-800-53,Rev.5,AU-2,,contributing,satisfies,content/cat-04-cloud-infrastructure/UC-4.8.9.json
4.9.10,Kubernetes Persistentvolumeclaims Delete Events,high,nist-800-53,Rev.5,AU-2,,contributing,satisfies,content/cat-04-cloud-infrastructure/UC-4.9.10.json
4.9.11,Kubernetes Statefulsets Delete Events,high,nist-800-53,Rev.5,AU-2,,contributing,satisfies,content/cat-04-cloud-infrastructure/UC-4.9.11.json
4.9.12,Kubernetes Replicasets Delete Events,high,nist-800-53,Rev.5,AU-2,,contributing,satisfies,content/cat-04-cloud-infrastructure/UC-4.9.12.json
4.9.13,Kubernetes Jobs Delete Events,high,nist-800-53,Rev.5,AU-2,,contributing,satisfies,content/cat-04-cloud-infrastructure/UC-4.9.13.json
4.9.14,Kubernetes Cronjobs Delete Events,high,nist-800-53,Rev.5,AU-2,,contributing,satisfies,content/cat-04-cloud-infrastructure/UC-4.9.14.json
4.9.15,Kubernetes Privileged Pod Launch,high,nist-800-53,Rev.5,AU-2,,contributing,satisfies,content/cat-04-cloud-infrastructure/UC-4.9.15.json
4.9.16,Kubernetes ClusterRoleBinding to cluster-admin,high,nist-800-53,Rev.5,AU-2,,contributing,satisfies,content/cat-04-cloud-infrastructure/UC-4.9.16.json
4.9.17,Kubernetes Anonymous RBAC Access,high,nist-800-53,Rev.5,AU-2,,contributing,satisfies,content/cat-04-cloud-infrastructure/UC-4.9.17.json
4.9.18,Kubernetes Secret Mounted in Default Namespace,high,nist-800-53,Rev.5,AU-2,,contributing,satisfies,content/cat-04-cloud-infrastructure/UC-4.9.18.json
4.9.19,Kubernetes Admission Webhook Failure,high,nist-800-53,Rev.5,AU-2,,contributing,satisfies,content/cat-04-cloud-infrastructure/UC-4.9.19.json
4.9.2,Kubernetes Pods Delete Events,high,nist-800-53,Rev.5,AU-2,,contributing,satisfies,content/cat-04-cloud-infrastructure/UC-4.9.2.json
4.9.20,Kubernetes Image Pull BackOff Storm,high,nist-800-53,Rev.5,AU-2,,contributing,satisfies,content/cat-04-cloud-infrastructure/UC-4.9.20.json
4.9.21,Kubernetes Node Disk Pressure,high,nist-800-53,Rev.5,AU-2,,contributing,satisfies,content/cat-04-cloud-infrastructure/UC-4.9.21.json
4.9.22,Kubernetes API Server 429 Rate Limit,high,nist-800-53,Rev.5,AU-2,,contributing,satisfies,content/cat-04-cloud-infrastructure/UC-4.9.22.json
4.9.3,Kubernetes Deployments Delete Events,high,nist-800-53,Rev.5,AU-2,,contributing,satisfies,content/cat-04-cloud-infrastructure/UC-4.9.3.json
4.9.4,Kubernetes Services Delete Events,high,nist-800-53,Rev.5,AU-2,,contributing,satisfies,content/cat-04-cloud-infrastructure/UC-4.9.4.json
4.9.5,Kubernetes Secrets Delete Events,high,nist-800-53,Rev.5,AU-2,,contributing,satisfies,content/cat-04-cloud-infrastructure/UC-4.9.5.json
4.9.6,Kubernetes Configmaps Delete Events,high,nist-800-53,Rev.5,AU-2,,contributing,satisfies,content/cat-04-cloud-infrastructure/UC-4.9.6.json
4.9.7,Kubernetes Ingresses Delete Events,high,nist-800-53,Rev.5,AU-2,,contributing,satisfies,content/cat-04-cloud-infrastructure/UC-4.9.7.json
4.9.8,Kubernetes Namespaces Delete Events,high,nist-800-53,Rev.5,AU-2,,contributing,satisfies,content/cat-04-cloud-infrastructure/UC-4.9.8.json
4.9.9,Kubernetes Nodes Delete Events,high,nist-800-53,Rev.5,AU-2,,contributing,satisfies,content/cat-04-cloud-infrastructure/UC-4.9.9.json
5.13.28,Device Compliance Status Overview,high,nist-800-53,Rev. 5,CM-6,,partial,satisfies,content/cat-05-network-infrastructure/UC-5.13.28.json
5.13.28,Device Compliance Status Overview,high,pci-dss,v4.0,1.1.1,,contributing,satisfies,content/cat-05-network-infrastructure/UC-5.13.28.json
5.13.29,Non-Compliant Device Alerting,critical,nist-800-53,Rev. 5,CM-6,,partial,satisfies,content/cat-05-network-infrastructure/UC-5.13.29.json
5.13.29,Non-Compliant Device Alerting,critical,pci-dss,v4.0,1.1.1,,contributing,satisfies,content/cat-05-network-infrastructure/UC-5.13.29.json
5.13.30,Compliance Status Trending,high,nist-800-53,Rev. 5,CM-6,,partial,satisfies,content/cat-05-network-infrastructure/UC-5.13.30.json
5.13.30,Compliance Status Trending,high,pci-dss,v4.0,1.1.1,,contributing,satisfies,content/cat-05-network-infrastructure/UC-5.13.30.json
5.13.31,Compliance by Rule/Policy Category,medium,nist-800-53,Rev. 5,CM-6,,partial,satisfies,content/cat-05-network-infrastructure/UC-5.13.31.json
5.13.31,Compliance by Rule/Policy Category,medium,pci-dss,v4.0,1.1.1,,contributing,satisfies,content/cat-05-network-infrastructure/UC-5.13.31.json
5.13.32,"Compliance Drift Detection (Was Compliant, Now Not)",high,nist-800-53,Rev. 5,CM-3,,partial,detects-violation-of,content/cat-05-network-infrastructure/UC-5.13.32.json
5.13.32,"Compliance Drift Detection (Was Compliant, Now Not)",high,sox-itgc,PCAOB AS 2201,ITGC.Change.Mgmt,,partial,detects-violation-of,content/cat-05-network-infrastructure/UC-5.13.32.json
5.13.33,Compliance Violation Detail Drill-Down,high,nist-800-53,Rev. 5,CM-6,,partial,satisfies,content/cat-05-network-infrastructure/UC-5.13.33.json
5.13.33,Compliance Violation Detail Drill-Down,high,pci-dss,v4.0,1.1.1,,contributing,satisfies,content/cat-05-network-infrastructure/UC-5.13.33.json
5.13.34,Security Advisory (PSIRT) Overview,critical,nist-800-53,Rev. 5,RA-5,,contributing,satisfies,content/cat-05-network-infrastructure/UC-5.13.34.json
5.13.34,Security Advisory (PSIRT) Overview,critical,nist-800-53,Rev. 5,SI-2,,partial,satisfies,content/cat-05-network-infrastructure/UC-5.13.34.json
5.13.35,Critical/High PSIRT Alerting,critical,nist-800-53,Rev. 5,RA-5,,contributing,satisfies,content/cat-05-network-infrastructure/UC-5.13.35.json
5.13.35,Critical/High PSIRT Alerting,critical,nist-800-53,Rev. 5,SI-2,,partial,satisfies,content/cat-05-network-infrastructure/UC-5.13.35.json
5.13.35,Critical/High PSIRT Alerting,critical,pci-dss,v4.0,6.3.1,,partial,satisfies,content/cat-05-network-infrastructure/UC-5.13.35.json
5.13.36,Advisory Trending and New Advisory Detection,high,nist-800-53,Rev. 5,RA-5,,contributing,satisfies,content/cat-05-network-infrastructure/UC-5.13.36.json
5.13.36,Advisory Trending and New Advisory Detection,high,nist-800-53,Rev. 5,SI-2,,partial,satisfies,content/cat-05-network-infrastructure/UC-5.13.36.json
5.13.37,Devices Affected by Active Advisories,critical,nist-800-53,Rev. 5,RA-5,,contributing,satisfies,content/cat-05-network-infrastructure/UC-5.13.37.json
5.13.37,Devices Affected by Active Advisories,critical,nist-800-53,Rev. 5,SI-2,,partial,satisfies,content/cat-05-network-infrastructure/UC-5.13.37.json
5.13.38,Advisory Remediation Progress Tracking,high,iso-27001,2022,A.8.8,,partial,satisfies,content/cat-05-network-infrastructure/UC-5.13.38.json
5.13.38,Advisory Remediation Progress Tracking,high,nist-800-53,Rev. 5,RA-5,,contributing,satisfies,content/cat-05-network-infrastructure/UC-5.13.38.json
5.13.38,Advisory Remediation Progress Tracking,high,nist-800-53,Rev. 5,SI-2,,partial,satisfies,content/cat-05-network-infrastructure/UC-5.13.38.json
5.13.39,Advisory Severity Distribution and Risk Scoring,high,nist-800-53,Rev. 5,RA-5,,contributing,satisfies,content/cat-05-network-infrastructure/UC-5.13.39.json
5.13.39,Advisory Severity Distribution and Risk Scoring,high,nist-800-53,Rev. 5,SI-2,,partial,satisfies,content/cat-05-network-infrastructure/UC-5.13.39.json
5.13.45,Audit Log Activity Overview,high,nist-800-53,Rev. 5,AU-2,,partial,satisfies,content/cat-05-network-infrastructure/UC-5.13.45.json
5.13.45,Audit Log Activity Overview,high,sox-itgc,PCAOB AS 2201,ITGC.Logging.Review,,partial,satisfies,content/cat-05-network-infrastructure/UC-5.13.45.json
5.13.46,Configuration Change Audit Trail,high,nist-800-53,Rev. 5,CM-3,,partial,satisfies,content/cat-05-network-infrastructure/UC-5.13.46.json
5.13.46,Configuration Change Audit Trail,high,sox-itgc,PCAOB AS 2201,ITGC.ChangeMgmt.Approval,,partial,satisfies,content/cat-05-network-infrastructure/UC-5.13.46.json
5.13.47,Privileged User Activity Monitoring,high,nist-800-53,Rev. 5,AC-6,,partial,satisfies,content/cat-05-network-infrastructure/UC-5.13.47.json
5.13.47,Privileged User Activity Monitoring,high,nist-800-53,Rev. 5,AU-2,,partial,satisfies,content/cat-05-network-infrastructure/UC-5.13.47.json
5.13.48,Failed API/Login Attempt Detection,critical,nist-800-53,Rev. 5,AC-7,,partial,satisfies,content/cat-05-network-infrastructure/UC-5.13.48.json
5.13.48,Failed API/Login Attempt Detection,critical,sox-itgc,PCAOB AS 2201,ITGC.Access.Review,,partial,satisfies,content/cat-05-network-infrastructure/UC-5.13.48.json
5.13.49,After-Hours Administrative Activity,high,nist-800-53,Rev. 5,AC-2,,partial,satisfies,content/cat-05-network-infrastructure/UC-5.13.49.json
5.13.49,After-Hours Administrative Activity,high,sox-itgc,PCAOB AS 2201,ITGC.Access.Review,,partial,satisfies,content/cat-05-network-infrastructure/UC-5.13.49.json
5.13.50,Audit Log Completeness and Gap Detection,high,nist-800-53,Rev. 5,AU-3,,partial,satisfies,content/cat-05-network-infrastructure/UC-5.13.50.json
5.13.50,Audit Log Completeness and Gap Detection,high,nist-800-53,Rev. 5,AU-6,,partial,satisfies,content/cat-05-network-infrastructure/UC-5.13.50.json
5.13.56,Firmware Non-Compliance Detection (Running vs Golden Image),critical,nist-800-53,Rev. 5,CM-2,,partial,satisfies,content/cat-05-network-infrastructure/UC-5.13.56.json
5.13.56,Firmware Non-Compliance Detection (Running vs Golden Image),critical,nist-800-53,Rev. 5,SI-2,,partial,satisfies,content/cat-05-network-infrastructure/UC-5.13.56.json
5.13.57,Image Distribution and Upgrade Progress Tracking,high,nist-800-53,Rev. 5,CM-2,,partial,satisfies,content/cat-05-network-infrastructure/UC-5.13.57.json
5.13.57,Image Distribution and Upgrade Progress Tracking,high,nist-800-53,Rev. 5,SI-2,,partial,satisfies,content/cat-05-network-infrastructure/UC-5.13.57.json
5.13.58,SWIM Upgrade Failure Alerting,critical,nist-800-53,Rev. 5,IR-4,,partial,detects-violation-of,content/cat-05-network-infrastructure/UC-5.13.58.json
5.13.58,SWIM Upgrade Failure Alerting,critical,nist-800-53,Rev. 5,SI-2,,partial,satisfies,content/cat-05-network-infrastructure/UC-5.13.58.json
5.13.59,End-of-Life / End-of-Support Software Detection,high,nist-800-53,Rev. 5,SA-22,,partial,detects-violation-of,content/cat-05-network-infrastructure/UC-5.13.59.json
5.13.61,Rogue AP and aWIPS Alert Monitoring,critical,nist-800-53,Rev. 5,AC-18,,partial,detects-violation-of,content/cat-05-network-infrastructure/UC-5.13.61.json
5.13.61,Rogue AP and aWIPS Alert Monitoring,critical,pci-dss,v4.0,11.2.1,,partial,satisfies,content/cat-05-network-infrastructure/UC-5.13.61.json
7.1.13,Schema Change Detection,high,sox-itgc,PCAOB AS 2201,ITGC.ChangeMgmt.Authorization,https://pcaobus.org/oversight/standards/auditing-standards/details/AS2201,partial,satisfies,content/cat-07-database-data-platforms/UC-7.1.13.json
7.1.21,Database User and Privilege Change Audit,high,sox-itgc,PCAOB AS 2201,ITGC.AccessMgmt.Privileged,https://pcaobus.org/oversight/standards/auditing-standards/details/AS2201,full,satisfies,content/cat-07-database-data-platforms/UC-7.1.21.json
7.1.40,Database Audit Log Tampering Detection,critical,sox-itgc,PCAOB AS 2201,ITGC.Logging.Continuity,https://pcaobus.org/oversight/standards/auditing-standards/details/AS2201,partial,detects-violation-of,content/cat-07-database-data-platforms/UC-7.1.40.json
9.1.3,Privileged Group Membership Changes,critical,nist-800-53,Rev. 5,AC-2(7),https://csrc.nist.gov/pubs/sp/800/53/r5/final,partial,satisfies,content/cat-09-identity-access-management/UC-9.1.3.json
9.1.3,Privileged Group Membership Changes,critical,nist-800-53,Rev. 5,AC-2(7),https://csrc.nist.gov/pubs/sp/800/53/r5/final,partial,satisfies,content/cat-09-identity-access-management/UC-9.1.3.json
9.3.12,Consent Grant Abuse,critical,gdpr,2016/679,Art.7,,contributing,satisfies,content/cat-09-identity-access-management/UC-9.3.12.json
9.5.15,Okta User Lifecycle Events (Provisioning / Deprovisioning),high,sox-itgc,PCAOB AS 2201,ITGC.AccessMgmt.Provisioning,https://pcaobus.org/oversight/standards/auditing-standards/details/AS2201,partial,satisfies,content/cat-09-identity-access-management/UC-9.5.15.json
